-- MySQL dump 10.13  Distrib 8.0.42, for Linux (x86_64)
--
-- Host: localhost    Database: strapi_db
-- ------------------------------------------------------
-- Server version	8.0.42-0ubuntu0.24.04.1

/*!40101 SET @OLD_CHARACTER_SET_CLIENT=@@CHARACTER_SET_CLIENT */;
/*!40101 SET @OLD_CHARACTER_SET_RESULTS=@@CHARACTER_SET_RESULTS */;
/*!40101 SET @OLD_COLLATION_CONNECTION=@@COLLATION_CONNECTION */;
/*!50503 SET NAMES utf8mb4 */;
/*!40103 SET @OLD_TIME_ZONE=@@TIME_ZONE */;
/*!40103 SET TIME_ZONE='+00:00' */;
/*!40014 SET @OLD_UNIQUE_CHECKS=@@UNIQUE_CHECKS, UNIQUE_CHECKS=0 */;
/*!40014 SET @OLD_FOREIGN_KEY_CHECKS=@@FOREIGN_KEY_CHECKS, FOREIGN_KEY_CHECKS=0 */;
/*!40101 SET @OLD_SQL_MODE=@@SQL_MODE, SQL_MODE='NO_AUTO_VALUE_ON_ZERO' */;
/*!40111 SET @OLD_SQL_NOTES=@@SQL_NOTES, SQL_NOTES=0 */;

--
-- Table structure for table `admin_permissions`
--

DROP TABLE IF EXISTS `admin_permissions`;
/*!40101 SET @saved_cs_client     = @@character_set_client */;
/*!50503 SET character_set_client = utf8mb4 */;
CREATE TABLE `admin_permissions` (
  `id` int unsigned NOT NULL AUTO_INCREMENT,
  `document_id` varchar(255) DEFAULT NULL,
  `action` varchar(255) DEFAULT NULL,
  `action_parameters` json DEFAULT NULL,
  `subject` varchar(255) DEFAULT NULL,
  `properties` json DEFAULT NULL,
  `conditions` json DEFAULT NULL,
  `created_at` datetime(6) DEFAULT NULL,
  `updated_at` datetime(6) DEFAULT NULL,
  `published_at` datetime(6) DEFAULT NULL,
  `created_by_id` int unsigned DEFAULT NULL,
  `updated_by_id` int unsigned DEFAULT NULL,
  `locale` varchar(255) DEFAULT NULL,
  PRIMARY KEY (`id`),
  KEY `admin_permissions_documents_idx` (`document_id`,`locale`,`published_at`),
  KEY `admin_permissions_created_by_id_fk` (`created_by_id`),
  KEY `admin_permissions_updated_by_id_fk` (`updated_by_id`),
  CONSTRAINT `admin_permissions_created_by_id_fk` FOREIGN KEY (`created_by_id`) REFERENCES `admin_users` (`id`) ON DELETE SET NULL,
  CONSTRAINT `admin_permissions_updated_by_id_fk` FOREIGN KEY (`updated_by_id`) REFERENCES `admin_users` (`id`) ON DELETE SET NULL
) ENGINE=InnoDB AUTO_INCREMENT=111 DEFAULT CHARSET=utf8mb4 COLLATE=utf8mb4_0900_ai_ci;
/*!40101 SET character_set_client = @saved_cs_client */;

--
-- Dumping data for table `admin_permissions`
--

LOCK TABLES `admin_permissions` WRITE;
/*!40000 ALTER TABLE `admin_permissions` DISABLE KEYS */;
INSERT INTO `admin_permissions` VALUES (1,'plgjfq605y3b549weouw6fqu','plugin::upload.read','{}',NULL,'{}','[]','2025-04-25 04:53:07.345000','2025-04-25 04:53:07.345000','2025-04-25 04:53:07.345000',NULL,NULL,NULL),(2,'k2wmpc4wdymstepd6phrdwnw','plugin::upload.configure-view','{}',NULL,'{}','[]','2025-04-25 04:53:07.355000','2025-04-25 04:53:07.355000','2025-04-25 04:53:07.355000',NULL,NULL,NULL),(3,'hs77h7v44weez21mu9r0srcb','plugin::upload.assets.create','{}',NULL,'{}','[]','2025-04-25 04:53:07.361000','2025-04-25 04:53:07.361000','2025-04-25 04:53:07.361000',NULL,NULL,NULL),(4,'kiimycf0qbbvpga1d61k0463','plugin::upload.assets.update','{}',NULL,'{}','[]','2025-04-25 04:53:07.366000','2025-04-25 04:53:07.366000','2025-04-25 04:53:07.366000',NULL,NULL,NULL),(5,'hzgpyz7x6j9hysbkibgv75d1','plugin::upload.assets.download','{}',NULL,'{}','[]','2025-04-25 04:53:07.371000','2025-04-25 04:53:07.371000','2025-04-25 04:53:07.371000',NULL,NULL,NULL),(6,'r91uritxkweoygc12xp5ncp1','plugin::upload.assets.copy-link','{}',NULL,'{}','[]','2025-04-25 04:53:07.376000','2025-04-25 04:53:07.376000','2025-04-25 04:53:07.376000',NULL,NULL,NULL),(7,'q7fnsforx8vwjo7fmc5vxaos','plugin::upload.read','{}',NULL,'{}','[\"admin::is-creator\"]','2025-04-25 04:53:07.382000','2025-04-25 04:53:07.382000','2025-04-25 04:53:07.382000',NULL,NULL,NULL),(8,'l6nlq8mff3e5uyq1hdppxr8m','plugin::upload.configure-view','{}',NULL,'{}','[]','2025-04-25 04:53:07.387000','2025-04-25 04:53:07.387000','2025-04-25 04:53:07.387000',NULL,NULL,NULL),(9,'uqq2gq1pmz54lnw8x1u380d8','plugin::upload.assets.create','{}',NULL,'{}','[]','2025-04-25 04:53:07.392000','2025-04-25 04:53:07.392000','2025-04-25 04:53:07.392000',NULL,NULL,NULL),(10,'k95x34whjlgvgzf9j1k7qpjx','plugin::upload.assets.update','{}',NULL,'{}','[\"admin::is-creator\"]','2025-04-25 04:53:07.396000','2025-04-25 04:53:07.396000','2025-04-25 04:53:07.397000',NULL,NULL,NULL),(11,'dp1fxamwgjktu65dz0zq6sgs','plugin::upload.assets.download','{}',NULL,'{}','[]','2025-04-25 04:53:07.401000','2025-04-25 04:53:07.401000','2025-04-25 04:53:07.401000',NULL,NULL,NULL),(12,'zfkizzpb44kc0i6rxjbdohu3','plugin::upload.assets.copy-link','{}',NULL,'{}','[]','2025-04-25 04:53:07.409000','2025-04-25 04:53:07.409000','2025-04-25 04:53:07.409000',NULL,NULL,NULL),(13,'b2vej7sh9ak1lie24hqiqiiu','plugin::content-manager.explorer.create','{}','plugin::users-permissions.user','{\"fields\": [\"username\", \"email\", \"provider\", \"password\", \"resetPasswordToken\", \"confirmationToken\", \"confirmed\", \"blocked\", \"role\"]}','[]','2025-04-25 04:53:07.434000','2025-04-25 04:53:07.434000','2025-04-25 04:53:07.434000',NULL,NULL,NULL),(14,'w5ud5y6h44mujul0nlluw1ms','plugin::content-manager.explorer.read','{}','plugin::users-permissions.user','{\"fields\": [\"username\", \"email\", \"provider\", \"password\", \"resetPasswordToken\", \"confirmationToken\", \"confirmed\", \"blocked\", \"role\"]}','[]','2025-04-25 04:53:07.442000','2025-04-25 04:53:07.442000','2025-04-25 04:53:07.442000',NULL,NULL,NULL),(15,'ucsvcg8sullkudezenxm5das','plugin::content-manager.explorer.update','{}','plugin::users-permissions.user','{\"fields\": [\"username\", \"email\", \"provider\", \"password\", \"resetPasswordToken\", \"confirmationToken\", \"confirmed\", \"blocked\", \"role\"]}','[]','2025-04-25 04:53:07.447000','2025-04-25 04:53:07.447000','2025-04-25 04:53:07.447000',NULL,NULL,NULL),(16,'vdk3ezgasvlb25n6ie6gsemw','plugin::content-manager.explorer.delete','{}','plugin::users-permissions.user','{}','[]','2025-04-25 04:53:07.452000','2025-04-25 04:53:07.452000','2025-04-25 04:53:07.452000',NULL,NULL,NULL),(17,'uq82civxhxeqkeewrgtbo4fy','plugin::content-manager.explorer.publish','{}','plugin::users-permissions.user','{}','[]','2025-04-25 04:53:07.457000','2025-04-25 04:53:07.457000','2025-04-25 04:53:07.457000',NULL,NULL,NULL),(18,'um46bf6drfsqh3zlq6xroajh','plugin::content-manager.single-types.configure-view','{}',NULL,'{}','[]','2025-04-25 04:53:07.462000','2025-04-25 04:53:07.462000','2025-04-25 04:53:07.462000',NULL,NULL,NULL),(19,'v3lyj1494zj301q567s80saa','plugin::content-manager.collection-types.configure-view','{}',NULL,'{}','[]','2025-04-25 04:53:07.467000','2025-04-25 04:53:07.467000','2025-04-25 04:53:07.467000',NULL,NULL,NULL),(20,'es5wnxom7anzkf02mweodvy3','plugin::content-manager.components.configure-layout','{}',NULL,'{}','[]','2025-04-25 04:53:07.472000','2025-04-25 04:53:07.472000','2025-04-25 04:53:07.472000',NULL,NULL,NULL),(21,'rcfryybb4wt3e020tovfxhrp','plugin::content-type-builder.read','{}',NULL,'{}','[]','2025-04-25 04:53:07.477000','2025-04-25 04:53:07.477000','2025-04-25 04:53:07.477000',NULL,NULL,NULL),(22,'bz9juph3r9jb90em3laeknhb','plugin::email.settings.read','{}',NULL,'{}','[]','2025-04-25 04:53:07.482000','2025-04-25 04:53:07.482000','2025-04-25 04:53:07.482000',NULL,NULL,NULL),(23,'qkhqm9yg4vtzoenomblw5vka','plugin::upload.read','{}',NULL,'{}','[]','2025-04-25 04:53:07.487000','2025-04-25 04:53:07.487000','2025-04-25 04:53:07.487000',NULL,NULL,NULL),(24,'b4o5q8tf4xs6pcxesz8kqy08','plugin::upload.assets.create','{}',NULL,'{}','[]','2025-04-25 04:53:07.492000','2025-04-25 04:53:07.492000','2025-04-25 04:53:07.492000',NULL,NULL,NULL),(25,'b16x4ol7wbfnurvwul9oa96b','plugin::upload.assets.update','{}',NULL,'{}','[]','2025-04-25 04:53:07.497000','2025-04-25 04:53:07.497000','2025-04-25 04:53:07.497000',NULL,NULL,NULL),(26,'h3azpv78qsbutdlqasgzixn4','plugin::upload.assets.download','{}',NULL,'{}','[]','2025-04-25 04:53:07.503000','2025-04-25 04:53:07.503000','2025-04-25 04:53:07.503000',NULL,NULL,NULL),(27,'rvq5l4fpj5smj2aywbotw6wv','plugin::upload.assets.copy-link','{}',NULL,'{}','[]','2025-04-25 04:53:07.507000','2025-04-25 04:53:07.507000','2025-04-25 04:53:07.508000',NULL,NULL,NULL),(28,'eulr1ekm1o1hb3teoakdnjo7','plugin::upload.configure-view','{}',NULL,'{}','[]','2025-04-25 04:53:07.512000','2025-04-25 04:53:07.512000','2025-04-25 04:53:07.513000',NULL,NULL,NULL),(29,'st2c79dh3avq2arf0v1zy2l6','plugin::upload.settings.read','{}',NULL,'{}','[]','2025-04-25 04:53:07.519000','2025-04-25 04:53:07.519000','2025-04-25 04:53:07.519000',NULL,NULL,NULL),(30,'d3f2xkv3vvr82glnnuuuxps1','plugin::i18n.locale.create','{}',NULL,'{}','[]','2025-04-25 04:53:07.525000','2025-04-25 04:53:07.525000','2025-04-25 04:53:07.526000',NULL,NULL,NULL),(31,'g40j2yshkiu7r8txw7y38erh','plugin::i18n.locale.read','{}',NULL,'{}','[]','2025-04-25 04:53:07.531000','2025-04-25 04:53:07.531000','2025-04-25 04:53:07.532000',NULL,NULL,NULL),(32,'j4xa6se0b07tllvcrojxxbih','plugin::i18n.locale.update','{}',NULL,'{}','[]','2025-04-25 04:53:07.537000','2025-04-25 04:53:07.537000','2025-04-25 04:53:07.537000',NULL,NULL,NULL),(33,'dae0x1rqqxqyyknp2y1cq1io','plugin::i18n.locale.delete','{}',NULL,'{}','[]','2025-04-25 04:53:07.541000','2025-04-25 04:53:07.541000','2025-04-25 04:53:07.541000',NULL,NULL,NULL),(34,'oludal5wurdqjqd1w5aojntf','plugin::users-permissions.roles.create','{}',NULL,'{}','[]','2025-04-25 04:53:07.546000','2025-04-25 04:53:07.546000','2025-04-25 04:53:07.546000',NULL,NULL,NULL),(35,'db72938pohfldtbz25pfrjro','plugin::users-permissions.roles.read','{}',NULL,'{}','[]','2025-04-25 04:53:07.550000','2025-04-25 04:53:07.550000','2025-04-25 04:53:07.551000',NULL,NULL,NULL),(36,'t6s2if3rev7mz2jdubmy7gm9','plugin::users-permissions.roles.update','{}',NULL,'{}','[]','2025-04-25 04:53:07.555000','2025-04-25 04:53:07.555000','2025-04-25 04:53:07.555000',NULL,NULL,NULL),(37,'wij2tymjepac6s7nw8a67xwk','plugin::users-permissions.roles.delete','{}',NULL,'{}','[]','2025-04-25 04:53:07.560000','2025-04-25 04:53:07.560000','2025-04-25 04:53:07.560000',NULL,NULL,NULL),(38,'cqyg9tndn0kga4tr19jchhf8','plugin::users-permissions.providers.read','{}',NULL,'{}','[]','2025-04-25 04:53:07.566000','2025-04-25 04:53:07.566000','2025-04-25 04:53:07.566000',NULL,NULL,NULL),(39,'o0x9um476n03dv31thuobtl9','plugin::users-permissions.providers.update','{}',NULL,'{}','[]','2025-04-25 04:53:07.571000','2025-04-25 04:53:07.571000','2025-04-25 04:53:07.571000',NULL,NULL,NULL),(40,'bni8ctohml9pa8ref0p2iut1','plugin::users-permissions.email-templates.read','{}',NULL,'{}','[]','2025-04-25 04:53:07.576000','2025-04-25 04:53:07.576000','2025-04-25 04:53:07.576000',NULL,NULL,NULL),(41,'urh2s9m8hrx0kq0bhc5srw4z','plugin::users-permissions.email-templates.update','{}',NULL,'{}','[]','2025-04-25 04:53:07.581000','2025-04-25 04:53:07.581000','2025-04-25 04:53:07.581000',NULL,NULL,NULL),(42,'nmnbgb97bk5o1kommwqdmwwo','plugin::users-permissions.advanced-settings.read','{}',NULL,'{}','[]','2025-04-25 04:53:07.586000','2025-04-25 04:53:07.586000','2025-04-25 04:53:07.586000',NULL,NULL,NULL),(43,'ygx4cet26vk7v51bf4330m8y','plugin::users-permissions.advanced-settings.update','{}',NULL,'{}','[]','2025-04-25 04:53:07.592000','2025-04-25 04:53:07.592000','2025-04-25 04:53:07.592000',NULL,NULL,NULL),(44,'e0aeg7ioe7f24wjtpcncxax0','admin::marketplace.read','{}',NULL,'{}','[]','2025-04-25 04:53:07.596000','2025-04-25 04:53:07.596000','2025-04-25 04:53:07.596000',NULL,NULL,NULL),(45,'cn6zp1tj21x5wxbc9phir46f','admin::webhooks.create','{}',NULL,'{}','[]','2025-04-25 04:53:07.607000','2025-04-25 04:53:07.607000','2025-04-25 04:53:07.608000',NULL,NULL,NULL),(46,'gr0u0tb4bn1yt0agp5swv8gj','admin::webhooks.read','{}',NULL,'{}','[]','2025-04-25 04:53:07.613000','2025-04-25 04:53:07.613000','2025-04-25 04:53:07.614000',NULL,NULL,NULL),(47,'mgv5bwsl7sghdkn0lko7n3vz','admin::webhooks.update','{}',NULL,'{}','[]','2025-04-25 04:53:07.622000','2025-04-25 04:53:07.622000','2025-04-25 04:53:07.622000',NULL,NULL,NULL),(48,'lg11vo98i3htpw3ib6q3l3me','admin::webhooks.delete','{}',NULL,'{}','[]','2025-04-25 04:53:07.631000','2025-04-25 04:53:07.631000','2025-04-25 04:53:07.631000',NULL,NULL,NULL),(49,'kfghxnkzp394arx1vtq8mmxm','admin::users.create','{}',NULL,'{}','[]','2025-04-25 04:53:07.642000','2025-04-25 04:53:07.642000','2025-04-25 04:53:07.643000',NULL,NULL,NULL),(50,'t5prvkihhybrhk5dwx8yyztv','admin::users.read','{}',NULL,'{}','[]','2025-04-25 04:53:07.655000','2025-04-25 04:53:07.655000','2025-04-25 04:53:07.656000',NULL,NULL,NULL),(51,'q69i2y5c48x1ql83g820kuuu','admin::users.update','{}',NULL,'{}','[]','2025-04-25 04:53:07.661000','2025-04-25 04:53:07.661000','2025-04-25 04:53:07.661000',NULL,NULL,NULL),(52,'ofsl6rn2ke6uzsj2s578n73i','admin::users.delete','{}',NULL,'{}','[]','2025-04-25 04:53:07.667000','2025-04-25 04:53:07.667000','2025-04-25 04:53:07.668000',NULL,NULL,NULL),(53,'obsxxqvctjzbyg6o9uhyvafz','admin::roles.create','{}',NULL,'{}','[]','2025-04-25 04:53:07.674000','2025-04-25 04:53:07.674000','2025-04-25 04:53:07.674000',NULL,NULL,NULL),(54,'la6y5qdiz97jipftmms8njly','admin::roles.read','{}',NULL,'{}','[]','2025-04-25 04:53:07.680000','2025-04-25 04:53:07.680000','2025-04-25 04:53:07.680000',NULL,NULL,NULL),(55,'tx9l9ko6czvyretxq2rfifo7','admin::roles.update','{}',NULL,'{}','[]','2025-04-25 04:53:07.684000','2025-04-25 04:53:07.684000','2025-04-25 04:53:07.685000',NULL,NULL,NULL),(56,'tbbm8a7eyk9qqz0q4mxx80hn','admin::roles.delete','{}',NULL,'{}','[]','2025-04-25 04:53:07.689000','2025-04-25 04:53:07.689000','2025-04-25 04:53:07.690000',NULL,NULL,NULL),(57,'a6430yi0qhejunhp62j6lcgk','admin::api-tokens.access','{}',NULL,'{}','[]','2025-04-25 04:53:07.695000','2025-04-25 04:53:07.695000','2025-04-25 04:53:07.695000',NULL,NULL,NULL),(58,'mx2en7rcxfecc8n9qh3rvhjq','admin::api-tokens.create','{}',NULL,'{}','[]','2025-04-25 04:53:07.699000','2025-04-25 04:53:07.699000','2025-04-25 04:53:07.700000',NULL,NULL,NULL),(59,'r2i9ps1ab1z1m4983qy453uy','admin::api-tokens.read','{}',NULL,'{}','[]','2025-04-25 04:53:07.705000','2025-04-25 04:53:07.705000','2025-04-25 04:53:07.705000',NULL,NULL,NULL),(60,'id7ti9reqbvqi1hkz157e5gu','admin::api-tokens.update','{}',NULL,'{}','[]','2025-04-25 04:53:07.709000','2025-04-25 04:53:07.709000','2025-04-25 04:53:07.710000',NULL,NULL,NULL),(61,'aec6jpa038f63iu11n497s2k','admin::api-tokens.regenerate','{}',NULL,'{}','[]','2025-04-25 04:53:07.717000','2025-04-25 04:53:07.717000','2025-04-25 04:53:07.717000',NULL,NULL,NULL),(62,'jk63lyneo1hujkcg0g669rq9','admin::api-tokens.delete','{}',NULL,'{}','[]','2025-04-25 04:53:07.722000','2025-04-25 04:53:07.722000','2025-04-25 04:53:07.722000',NULL,NULL,NULL),(63,'o6v75yt7q62f3vbmgfd4a642','admin::project-settings.update','{}',NULL,'{}','[]','2025-04-25 04:53:07.727000','2025-04-25 04:53:07.727000','2025-04-25 04:53:07.727000',NULL,NULL,NULL),(64,'euyn66x29f8tqnnlxnbsmvhc','admin::project-settings.read','{}',NULL,'{}','[]','2025-04-25 04:53:07.732000','2025-04-25 04:53:07.732000','2025-04-25 04:53:07.732000',NULL,NULL,NULL),(65,'mlz8yn1lmcvp604o38lfme95','admin::transfer.tokens.access','{}',NULL,'{}','[]','2025-04-25 04:53:07.737000','2025-04-25 04:53:07.737000','2025-04-25 04:53:07.737000',NULL,NULL,NULL),(66,'rrk1dw8jkk1lpusnbfarmo7d','admin::transfer.tokens.create','{}',NULL,'{}','[]','2025-04-25 04:53:07.744000','2025-04-25 04:53:07.744000','2025-04-25 04:53:07.744000',NULL,NULL,NULL),(67,'bb8oxgg58rzflma9mb2yu5jl','admin::transfer.tokens.read','{}',NULL,'{}','[]','2025-04-25 04:53:07.749000','2025-04-25 04:53:07.749000','2025-04-25 04:53:07.749000',NULL,NULL,NULL),(68,'cst4hoa0rnvdvmm7aog9t307','admin::transfer.tokens.update','{}',NULL,'{}','[]','2025-04-25 04:53:07.755000','2025-04-25 04:53:07.755000','2025-04-25 04:53:07.755000',NULL,NULL,NULL),(69,'mk6ed3r9usxg9v6yd0z3z4bq','admin::transfer.tokens.regenerate','{}',NULL,'{}','[]','2025-04-25 04:53:07.760000','2025-04-25 04:53:07.760000','2025-04-25 04:53:07.760000',NULL,NULL,NULL),(70,'pz26neabylrp45jbph1jlmz1','admin::transfer.tokens.delete','{}',NULL,'{}','[]','2025-04-25 04:53:07.765000','2025-04-25 04:53:07.765000','2025-04-25 04:53:07.765000',NULL,NULL,NULL),(74,'tct7ykipt8lnisk49yjhxjnu','plugin::content-manager.explorer.delete','{}','api::form.form','{}','[]','2025-04-28 10:36:02.561000','2025-04-28 10:36:02.561000','2025-04-28 10:36:02.561000',NULL,NULL,NULL),(75,'ebb7l3xmaoliwsu317bkgejv','plugin::content-manager.explorer.publish','{}','api::form.form','{}','[]','2025-04-28 10:36:02.570000','2025-04-28 10:36:02.570000','2025-04-28 10:36:02.570000',NULL,NULL,NULL),(103,'bk13w67qezaf8hqxnbha69d2','plugin::content-manager.explorer.create','{}','api::form.form','{\"fields\": [\"teamName\", \"inspiration\", \"expectation\", \"members.name\", \"members.surname\", \"members.prefix\", \"members.education\", \"members.major\", \"members.organization\", \"members.email\", \"members.studentId\", \"members.studentCert\", \"members.advisorLetter\", \"members.resume\", \"members.phone\", \"members.github\", \"interests\", \"expertises\"]}','[]','2025-05-06 10:28:23.963000','2025-05-06 10:28:23.963000','2025-05-06 10:28:23.965000',NULL,NULL,NULL),(104,'ixpenyudrn535e92a6ok58v1','plugin::content-manager.explorer.read','{}','api::form.form','{\"fields\": [\"teamName\", \"inspiration\", \"expectation\", \"members.name\", \"members.surname\", \"members.prefix\", \"members.education\", \"members.major\", \"members.organization\", \"members.email\", \"members.studentId\", \"members.studentCert\", \"members.advisorLetter\", \"members.resume\", \"members.phone\", \"members.github\", \"interests\", \"expertises\"]}','[]','2025-05-06 10:28:23.975000','2025-05-06 10:28:23.975000','2025-05-06 10:28:23.976000',NULL,NULL,NULL),(105,'tik453eaiug70fmtf36n1n9q','plugin::content-manager.explorer.update','{}','api::form.form','{\"fields\": [\"teamName\", \"inspiration\", \"expectation\", \"members.name\", \"members.surname\", \"members.prefix\", \"members.education\", \"members.major\", \"members.organization\", \"members.email\", \"members.studentId\", \"members.studentCert\", \"members.advisorLetter\", \"members.resume\", \"members.phone\", \"members.github\", \"interests\", \"expertises\"]}','[]','2025-05-06 10:28:23.986000','2025-05-06 10:28:23.986000','2025-05-06 10:28:23.986000',NULL,NULL,NULL),(106,'bdl4rpfwok9hgob9susqa6y5','plugin::content-manager.explorer.create','{}','api::subscribe.subscribe','{\"fields\": [\"email\"]}','[]','2025-05-07 07:35:02.805000','2025-05-07 07:35:02.805000','2025-05-07 07:35:02.806000',NULL,NULL,NULL),(107,'bauzhw2d8dsrchrlwdrc1t2g','plugin::content-manager.explorer.read','{}','api::subscribe.subscribe','{\"fields\": [\"email\"]}','[]','2025-05-07 07:35:02.821000','2025-05-07 07:35:02.821000','2025-05-07 07:35:02.821000',NULL,NULL,NULL),(108,'uaby36ia5czrd88q7682omc9','plugin::content-manager.explorer.update','{}','api::subscribe.subscribe','{\"fields\": [\"email\"]}','[]','2025-05-07 07:35:02.830000','2025-05-07 07:35:02.830000','2025-05-07 07:35:02.830000',NULL,NULL,NULL),(109,'ckr7wy6dxihkn5rbs1wf1xwz','plugin::content-manager.explorer.delete','{}','api::subscribe.subscribe','{}','[]','2025-05-07 07:35:02.837000','2025-05-07 07:35:02.837000','2025-05-07 07:35:02.838000',NULL,NULL,NULL),(110,'y4x672b37hki5ddj4rhqeyih','plugin::content-manager.explorer.publish','{}','api::subscribe.subscribe','{}','[]','2025-05-07 07:35:02.851000','2025-05-07 07:35:02.851000','2025-05-07 07:35:02.851000',NULL,NULL,NULL);
/*!40000 ALTER TABLE `admin_permissions` ENABLE KEYS */;
UNLOCK TABLES;

--
-- Table structure for table `admin_permissions_role_lnk`
--

DROP TABLE IF EXISTS `admin_permissions_role_lnk`;
/*!40101 SET @saved_cs_client     = @@character_set_client */;
/*!50503 SET character_set_client = utf8mb4 */;
CREATE TABLE `admin_permissions_role_lnk` (
  `id` int unsigned NOT NULL AUTO_INCREMENT,
  `permission_id` int unsigned DEFAULT NULL,
  `role_id` int unsigned DEFAULT NULL,
  `permission_ord` double unsigned DEFAULT NULL,
  PRIMARY KEY (`id`),
  UNIQUE KEY `admin_permissions_role_lnk_uq` (`permission_id`,`role_id`),
  KEY `admin_permissions_role_lnk_fk` (`permission_id`),
  KEY `admin_permissions_role_lnk_ifk` (`role_id`),
  KEY `admin_permissions_role_lnk_oifk` (`permission_ord`),
  CONSTRAINT `admin_permissions_role_lnk_fk` FOREIGN KEY (`permission_id`) REFERENCES `admin_permissions` (`id`) ON DELETE CASCADE,
  CONSTRAINT `admin_permissions_role_lnk_ifk` FOREIGN KEY (`role_id`) REFERENCES `admin_roles` (`id`) ON DELETE CASCADE
) ENGINE=InnoDB AUTO_INCREMENT=111 DEFAULT CHARSET=utf8mb4 COLLATE=utf8mb4_0900_ai_ci;
/*!40101 SET character_set_client = @saved_cs_client */;

--
-- Dumping data for table `admin_permissions_role_lnk`
--

LOCK TABLES `admin_permissions_role_lnk` WRITE;
/*!40000 ALTER TABLE `admin_permissions_role_lnk` DISABLE KEYS */;
INSERT INTO `admin_permissions_role_lnk` VALUES (1,1,2,1),(2,2,2,2),(3,3,2,3),(4,4,2,4),(5,5,2,5),(6,6,2,6),(7,7,3,1),(8,8,3,2),(9,9,3,3),(10,10,3,4),(11,11,3,5),(12,12,3,6),(13,13,1,1),(14,14,1,2),(15,15,1,3),(16,16,1,4),(17,17,1,5),(18,18,1,6),(19,19,1,7),(20,20,1,8),(21,21,1,9),(22,22,1,10),(23,23,1,11),(24,24,1,12),(25,25,1,13),(26,26,1,14),(27,27,1,15),(28,28,1,16),(29,29,1,17),(30,30,1,18),(31,31,1,19),(32,32,1,20),(33,33,1,21),(34,34,1,22),(35,35,1,23),(36,36,1,24),(37,37,1,25),(38,38,1,26),(39,39,1,27),(40,40,1,28),(41,41,1,29),(42,42,1,30),(43,43,1,31),(44,44,1,32),(45,45,1,33),(46,46,1,34),(47,47,1,35),(48,48,1,36),(49,49,1,37),(50,50,1,38),(51,51,1,39),(52,52,1,40),(53,53,1,41),(54,54,1,42),(55,55,1,43),(56,56,1,44),(57,57,1,45),(58,58,1,46),(59,59,1,47),(60,60,1,48),(61,61,1,49),(62,62,1,50),(63,63,1,51),(64,64,1,52),(65,65,1,53),(66,66,1,54),(67,67,1,55),(68,68,1,56),(69,69,1,57),(70,70,1,58),(74,74,1,62),(75,75,1,63),(103,103,1,64),(104,104,1,65),(105,105,1,66),(106,106,1,67),(107,107,1,68),(108,108,1,69),(109,109,1,70),(110,110,1,71);
/*!40000 ALTER TABLE `admin_permissions_role_lnk` ENABLE KEYS */;
UNLOCK TABLES;

--
-- Table structure for table `admin_roles`
--

DROP TABLE IF EXISTS `admin_roles`;
/*!40101 SET @saved_cs_client     = @@character_set_client */;
/*!50503 SET character_set_client = utf8mb4 */;
CREATE TABLE `admin_roles` (
  `id` int unsigned NOT NULL AUTO_INCREMENT,
  `document_id` varchar(255) DEFAULT NULL,
  `name` varchar(255) DEFAULT NULL,
  `code` varchar(255) DEFAULT NULL,
  `description` varchar(255) DEFAULT NULL,
  `created_at` datetime(6) DEFAULT NULL,
  `updated_at` datetime(6) DEFAULT NULL,
  `published_at` datetime(6) DEFAULT NULL,
  `created_by_id` int unsigned DEFAULT NULL,
  `updated_by_id` int unsigned DEFAULT NULL,
  `locale` varchar(255) DEFAULT NULL,
  PRIMARY KEY (`id`),
  KEY `admin_roles_documents_idx` (`document_id`,`locale`,`published_at`),
  KEY `admin_roles_created_by_id_fk` (`created_by_id`),
  KEY `admin_roles_updated_by_id_fk` (`updated_by_id`),
  CONSTRAINT `admin_roles_created_by_id_fk` FOREIGN KEY (`created_by_id`) REFERENCES `admin_users` (`id`) ON DELETE SET NULL,
  CONSTRAINT `admin_roles_updated_by_id_fk` FOREIGN KEY (`updated_by_id`) REFERENCES `admin_users` (`id`) ON DELETE SET NULL
) ENGINE=InnoDB AUTO_INCREMENT=4 DEFAULT CHARSET=utf8mb4 COLLATE=utf8mb4_0900_ai_ci;
/*!40101 SET character_set_client = @saved_cs_client */;

--
-- Dumping data for table `admin_roles`
--

LOCK TABLES `admin_roles` WRITE;
/*!40000 ALTER TABLE `admin_roles` DISABLE KEYS */;
INSERT INTO `admin_roles` VALUES (1,'gagac8ucm037b43rpz8aysjx','Super Admin','strapi-super-admin','Super Admins can access and manage all features and settings.','2025-04-25 04:53:07.328000','2025-04-25 04:53:07.328000','2025-04-25 04:53:07.328000',NULL,NULL,NULL),(2,'r3ql7enp3hsjy6pp391qubyk','Editor','strapi-editor','Editors can manage and publish contents including those of other users.','2025-04-25 04:53:07.335000','2025-04-25 04:53:07.335000','2025-04-25 04:53:07.335000',NULL,NULL,NULL),(3,'oeafwrojal73preaag37edy1','Author','strapi-author','Authors can manage the content they have created.','2025-04-25 04:53:07.340000','2025-04-25 04:53:07.340000','2025-04-25 04:53:07.340000',NULL,NULL,NULL);
/*!40000 ALTER TABLE `admin_roles` ENABLE KEYS */;
UNLOCK TABLES;

--
-- Table structure for table `admin_users`
--

DROP TABLE IF EXISTS `admin_users`;
/*!40101 SET @saved_cs_client     = @@character_set_client */;
/*!50503 SET character_set_client = utf8mb4 */;
CREATE TABLE `admin_users` (
  `id` int unsigned NOT NULL AUTO_INCREMENT,
  `document_id` varchar(255) DEFAULT NULL,
  `firstname` varchar(255) DEFAULT NULL,
  `lastname` varchar(255) DEFAULT NULL,
  `username` varchar(255) DEFAULT NULL,
  `email` varchar(255) DEFAULT NULL,
  `password` varchar(255) DEFAULT NULL,
  `reset_password_token` varchar(255) DEFAULT NULL,
  `registration_token` varchar(255) DEFAULT NULL,
  `is_active` tinyint(1) DEFAULT NULL,
  `blocked` tinyint(1) DEFAULT NULL,
  `prefered_language` varchar(255) DEFAULT NULL,
  `created_at` datetime(6) DEFAULT NULL,
  `updated_at` datetime(6) DEFAULT NULL,
  `published_at` datetime(6) DEFAULT NULL,
  `created_by_id` int unsigned DEFAULT NULL,
  `updated_by_id` int unsigned DEFAULT NULL,
  `locale` varchar(255) DEFAULT NULL,
  PRIMARY KEY (`id`),
  KEY `admin_users_documents_idx` (`document_id`,`locale`,`published_at`),
  KEY `admin_users_created_by_id_fk` (`created_by_id`),
  KEY `admin_users_updated_by_id_fk` (`updated_by_id`),
  CONSTRAINT `admin_users_created_by_id_fk` FOREIGN KEY (`created_by_id`) REFERENCES `admin_users` (`id`) ON DELETE SET NULL,
  CONSTRAINT `admin_users_updated_by_id_fk` FOREIGN KEY (`updated_by_id`) REFERENCES `admin_users` (`id`) ON DELETE SET NULL
) ENGINE=InnoDB AUTO_INCREMENT=2 DEFAULT CHARSET=utf8mb4 COLLATE=utf8mb4_0900_ai_ci;
/*!40101 SET character_set_client = @saved_cs_client */;

--
-- Dumping data for table `admin_users`
--

LOCK TABLES `admin_users` WRITE;
/*!40000 ALTER TABLE `admin_users` DISABLE KEYS */;
INSERT INTO `admin_users` VALUES (1,'ovwtrp3969bt2m4rtelmcs4t','phuminan','vasanaruengsuk',NULL,'phuminan@live.com','$2a$10$klQZWvOkrOyDw4pWjjTFRuFyTKbUZaZtjVCZBrR8hRYm2.2NhTRUK',NULL,NULL,1,0,NULL,'2025-04-25 08:45:52.582000','2025-04-25 08:56:54.121000','2025-04-25 08:45:52.583000',NULL,NULL,NULL);
/*!40000 ALTER TABLE `admin_users` ENABLE KEYS */;
UNLOCK TABLES;

--
-- Table structure for table `admin_users_roles_lnk`
--

DROP TABLE IF EXISTS `admin_users_roles_lnk`;
/*!40101 SET @saved_cs_client     = @@character_set_client */;
/*!50503 SET character_set_client = utf8mb4 */;
CREATE TABLE `admin_users_roles_lnk` (
  `id` int unsigned NOT NULL AUTO_INCREMENT,
  `user_id` int unsigned DEFAULT NULL,
  `role_id` int unsigned DEFAULT NULL,
  `role_ord` double unsigned DEFAULT NULL,
  `user_ord` double unsigned DEFAULT NULL,
  PRIMARY KEY (`id`),
  UNIQUE KEY `admin_users_roles_lnk_uq` (`user_id`,`role_id`),
  KEY `admin_users_roles_lnk_fk` (`user_id`),
  KEY `admin_users_roles_lnk_ifk` (`role_id`),
  KEY `admin_users_roles_lnk_ofk` (`role_ord`),
  KEY `admin_users_roles_lnk_oifk` (`user_ord`),
  CONSTRAINT `admin_users_roles_lnk_fk` FOREIGN KEY (`user_id`) REFERENCES `admin_users` (`id`) ON DELETE CASCADE,
  CONSTRAINT `admin_users_roles_lnk_ifk` FOREIGN KEY (`role_id`) REFERENCES `admin_roles` (`id`) ON DELETE CASCADE
) ENGINE=InnoDB AUTO_INCREMENT=2 DEFAULT CHARSET=utf8mb4 COLLATE=utf8mb4_0900_ai_ci;
/*!40101 SET character_set_client = @saved_cs_client */;

--
-- Dumping data for table `admin_users_roles_lnk`
--

LOCK TABLES `admin_users_roles_lnk` WRITE;
/*!40000 ALTER TABLE `admin_users_roles_lnk` DISABLE KEYS */;
INSERT INTO `admin_users_roles_lnk` VALUES (1,1,1,1,1);
/*!40000 ALTER TABLE `admin_users_roles_lnk` ENABLE KEYS */;
UNLOCK TABLES;

--
-- Table structure for table `components_member_team_members`
--

DROP TABLE IF EXISTS `components_member_team_members`;
/*!40101 SET @saved_cs_client     = @@character_set_client */;
/*!50503 SET character_set_client = utf8mb4 */;
CREATE TABLE `components_member_team_members` (
  `id` int unsigned NOT NULL AUTO_INCREMENT,
  `name` varchar(255) DEFAULT NULL,
  `surname` varchar(255) DEFAULT NULL,
  `prefix` varchar(255) DEFAULT NULL,
  `education` varchar(255) DEFAULT NULL,
  `major` varchar(255) DEFAULT NULL,
  `organization` varchar(255) DEFAULT NULL,
  `email` varchar(255) DEFAULT NULL,
  `phone` varchar(255) DEFAULT NULL,
  `github` varchar(255) DEFAULT NULL,
  PRIMARY KEY (`id`)
) ENGINE=InnoDB AUTO_INCREMENT=786 DEFAULT CHARSET=utf8mb4 COLLATE=utf8mb4_0900_ai_ci;
/*!40101 SET character_set_client = @saved_cs_client */;

--
-- Dumping data for table `components_member_team_members`
--

LOCK TABLES `components_member_team_members` WRITE;
/*!40000 ALTER TABLE `components_member_team_members` DISABLE KEYS */;
INSERT INTO `components_member_team_members` VALUES (702,'AA','AA1','mr','bachelor','IT','KMUTT','metita.my@gmail.com','0874328975','Github1'),(703,'BB','BB2','mrs','master','CPE','BU','my.metita@gmail.com','0909758437','Github2'),(704,'CC','CCTV','miss','doctor','SCICOM','KMUIL','metita.onsr@kmutt.ac.th','132357566','https://chatgpt.com/c/680086ec-8a3c-800d-8b4d-0cf95511f2c8'),(705,'DD','DDDextor','miss','master','IOT','ENE','metata@testmail.com','4239504836','github4'),(706,'ENG','LISH','mr','doctor','UX','UI','eng@testmail.com','234543625','github5'),(736,'name','surname','mr','bachelor','adss','dsadas','dasadsdasdasdas@mail.kmutt.ac.th','0132143214',NULL),(737,'das','dasds','miss','master','adsads','dasdas','pasdjsda@live.com','0132321241',NULL),(748,'phuminan ','vasanaruengsuk','mr','master','Information Technology','KMUTT','phuminan@live.com','0978532734',NULL),(749,'jorjaa','sugardaddy','miss','master','Science','SWU','phuminan@live.com','0854645322',NULL),(750,'phuminan ','vasanaruengsuk','mr','master','Information Technology','KMUTT','phuminan@live.com','0978532734',NULL),(751,'jorjaa','sugardaddy','miss','master','Science','SWU','phuminan@live.com','0854645322',NULL),(762,'เม','นามสมมติ','miss','master','CPE','KMITT','metita.my@gmail.com','0987654323','github1'),(763,'จอจ้า','นามสมมติ2','mr','master','CE','CU','jorjaaa@testmail.coo','0455698542','github2'),(764,'พิม','นามสมมติ3','miss','doctor','​TME','Bangmod','my.metita@gmail.com','0245678093','github3'),(765,'บอส','นามสมมติ4','mr','master','IT','KMUTT มจธ','metita.onsr@kmutt.ac.th','0426543980','githun4'),(766,'ทดสอบ','นามสมมติ5','miss','bachelor','UX','UI','metita.onsr@innosoft.kmutt.ac.th','0136785439','Fithub5'),(767,'เม','นามสมมติ','miss','master','CPE','KMITT','metita.my@gmail.com','0987654323','github1'),(768,'จอจ้า','นามสมมติ2','mr','master','CE','CU','jorjaaa@testmail.coo','0455698542','github2'),(769,'พิม','นามสมมติ3','miss','doctor','​TME','Bangmod','my.metita@gmail.com','0245678093','github3'),(770,'บอส','นามสมมติ4','mr','master','IT','KMUTT มจธ','metita.onsr@kmutt.ac.th','0426543980','githun4'),(771,'ทดสอบ','นามสมมติ5','miss','bachelor','UX','UI','metita.onsr@innosoft.kmutt.ac.th','0136785439','Fithub5'),(776,'ณัฐวัฒน์','กล่อมพงษ์','mr','bachelor','สาขาจิตวิทยา','ศูนย์ส่งเสริมการเรียนรู้จังหวัดตรัง','xdfcxxytxx@gmail.com','0624082293','https://www.facebook.com/share/p/1Buz9NtWrp/'),(777,'เธียร์ลดา','ข่ายม่าน','miss','bachelor','การท่องเที่ยวและโรงแรม','ศูนย์ส่งเสริมการเรียนรู้จังหวัดตรัง','xdfcxxytxx@gmail.com','0624082293','https://www.facebook.com/share/p/1Buz9NtWrp/'),(778,'สายไหม','สมัครกิจ','miss','bachelor','การท่องเที่ยวและโรงแรม','ศูนย์ส่งเสริมการเรียนรู้จังหวัดตรัง','xdfcxxytxx@gmail.com','0624082293','https://www.facebook.com/share/p/1Buz9NtWrp/'),(779,'ขวัญถิรมย์ ','สมัครกิจ','miss','bachelor','การท่องเที่ยวและโรงแรม','ศูนย์ส่งเสริมการเรียนรู้จังหวัดตรัง','xdfcxxytxx@gmail.com','0624082293','https://www.facebook.com/share/p/1Buz9NtWrp/'),(780,'รวิสรา ',' เพรชฤทธิ์','miss','bachelor','การท่องเที่ยวและโรงแรม','ศูนย์ส่งเสริมการเรียนรู้จังหวัดตรัง','xdfcxxytxx@gmail.com','0624082293',NULL),(781,'ณัฐวัฒน์','กล่อมพงษ์','mr','bachelor','สาขาจิตวิทยา','ศูนย์ส่งเสริมการเรียนรู้จังหวัดตรัง','xdfcxxytxx@gmail.com','0624082293','https://www.facebook.com/share/p/1Buz9NtWrp/'),(782,'เธียร์ลดา','ข่ายม่าน','miss','bachelor','การท่องเที่ยวและโรงแรม','ศูนย์ส่งเสริมการเรียนรู้จังหวัดตรัง','xdfcxxytxx@gmail.com','0624082293','https://www.facebook.com/share/p/1Buz9NtWrp/'),(783,'สายไหม','สมัครกิจ','miss','bachelor','การท่องเที่ยวและโรงแรม','ศูนย์ส่งเสริมการเรียนรู้จังหวัดตรัง','xdfcxxytxx@gmail.com','0624082293','https://www.facebook.com/share/p/1Buz9NtWrp/'),(784,'ขวัญถิรมย์ ','สมัครกิจ','miss','bachelor','การท่องเที่ยวและโรงแรม','ศูนย์ส่งเสริมการเรียนรู้จังหวัดตรัง','xdfcxxytxx@gmail.com','0624082293','https://www.facebook.com/share/p/1Buz9NtWrp/'),(785,'รวิสรา ',' เพรชฤทธิ์','miss','bachelor','การท่องเที่ยวและโรงแรม','ศูนย์ส่งเสริมการเรียนรู้จังหวัดตรัง','xdfcxxytxx@gmail.com','0624082293',NULL);
/*!40000 ALTER TABLE `components_member_team_members` ENABLE KEYS */;
UNLOCK TABLES;

--
-- Table structure for table `files`
--

DROP TABLE IF EXISTS `files`;
/*!40101 SET @saved_cs_client     = @@character_set_client */;
/*!50503 SET character_set_client = utf8mb4 */;
CREATE TABLE `files` (
  `id` int unsigned NOT NULL AUTO_INCREMENT,
  `document_id` varchar(255) DEFAULT NULL,
  `name` varchar(255) DEFAULT NULL,
  `alternative_text` varchar(255) DEFAULT NULL,
  `caption` varchar(255) DEFAULT NULL,
  `width` int DEFAULT NULL,
  `height` int DEFAULT NULL,
  `formats` json DEFAULT NULL,
  `hash` varchar(255) DEFAULT NULL,
  `ext` varchar(255) DEFAULT NULL,
  `mime` varchar(255) DEFAULT NULL,
  `size` decimal(10,2) DEFAULT NULL,
  `url` varchar(255) DEFAULT NULL,
  `preview_url` varchar(255) DEFAULT NULL,
  `provider` varchar(255) DEFAULT NULL,
  `provider_metadata` json DEFAULT NULL,
  `folder_path` varchar(255) DEFAULT NULL,
  `created_at` datetime(6) DEFAULT NULL,
  `updated_at` datetime(6) DEFAULT NULL,
  `published_at` datetime(6) DEFAULT NULL,
  `created_by_id` int unsigned DEFAULT NULL,
  `updated_by_id` int unsigned DEFAULT NULL,
  `locale` varchar(255) DEFAULT NULL,
  PRIMARY KEY (`id`),
  KEY `upload_files_folder_path_index` (`folder_path`),
  KEY `upload_files_created_at_index` (`created_at`),
  KEY `upload_files_updated_at_index` (`updated_at`),
  KEY `upload_files_name_index` (`name`),
  KEY `upload_files_size_index` (`size`),
  KEY `upload_files_ext_index` (`ext`),
  KEY `files_documents_idx` (`document_id`,`locale`,`published_at`),
  KEY `files_created_by_id_fk` (`created_by_id`),
  KEY `files_updated_by_id_fk` (`updated_by_id`),
  CONSTRAINT `files_created_by_id_fk` FOREIGN KEY (`created_by_id`) REFERENCES `admin_users` (`id`) ON DELETE SET NULL,
  CONSTRAINT `files_updated_by_id_fk` FOREIGN KEY (`updated_by_id`) REFERENCES `admin_users` (`id`) ON DELETE SET NULL
) ENGINE=InnoDB AUTO_INCREMENT=414 DEFAULT CHARSET=utf8mb4 COLLATE=utf8mb4_0900_ai_ci;
/*!40101 SET character_set_client = @saved_cs_client */;

--
-- Dumping data for table `files`
--

LOCK TABLES `files` WRITE;
/*!40000 ALTER TABLE `files` DISABLE KEYS */;
INSERT INTO `files` VALUES (1,'xi1ur8b1nq2d4roj8lgbo2mh','3.png',NULL,NULL,300,300,'{\"thumbnail\": {\"ext\": \".png\", \"url\": \"/uploads/thumbnail_3_384538e365.png\", \"hash\": \"thumbnail_3_384538e365\", \"mime\": \"image/png\", \"name\": \"thumbnail_3.png\", \"path\": null, \"size\": 16.97, \"width\": 156, \"height\": 156, \"sizeInBytes\": 16972}}','3_384538e365','.png','image/png',10.25,'/uploads/3_384538e365.png',NULL,'local',NULL,'/','2025-05-06 07:32:13.332000','2025-05-06 10:22:03.371000','2025-05-06 07:32:13.333000',1,1,NULL),(2,'x7u13r0p2obmv9g3ogytkws2','1.png',NULL,NULL,300,300,'{\"thumbnail\": {\"ext\": \".png\", \"url\": \"/uploads/thumbnail_1_6f5f10d7cb.png\", \"hash\": \"thumbnail_1_6f5f10d7cb\", \"mime\": \"image/png\", \"name\": \"thumbnail_1.png\", \"path\": null, \"size\": 35.92, \"width\": 156, \"height\": 156, \"sizeInBytes\": 35920}}','1_6f5f10d7cb','.png','image/png',26.55,'/uploads/1_6f5f10d7cb.png',NULL,'local',NULL,'/1','2025-05-06 07:43:22.058000','2025-05-06 07:43:22.058000','2025-05-06 07:43:22.058000',NULL,NULL,NULL),(3,'zdls67z831ux7arqswl00mi9','a05.jpg',NULL,NULL,400,200,'{\"thumbnail\": {\"ext\": \".jpg\", \"url\": \"/uploads/thumbnail_a05_558e41bd7d.jpg\", \"hash\": \"thumbnail_a05_558e41bd7d\", \"mime\": \"image/jpeg\", \"name\": \"thumbnail_a05.jpg\", \"path\": null, \"size\": 3.21, \"width\": 245, \"height\": 122, \"sizeInBytes\": 3209}}','a05_558e41bd7d','.jpg','image/jpeg',6.42,'/uploads/a05_558e41bd7d.jpg',NULL,'local',NULL,'/1','2025-05-06 07:55:29.777000','2025-05-06 07:55:29.777000','2025-05-06 07:55:29.778000',NULL,NULL,NULL),(4,'v3oapqcp3hrz5f7fksbs2zv7','6b04eb316c9b69db437a8ad7bdc7b939.jpeg',NULL,NULL,497,745,'{\"small\": {\"ext\": \".jpeg\", \"url\": \"/uploads/small_6b04eb316c9b69db437a8ad7bdc7b939_bf97c085f3.jpeg\", \"hash\": \"small_6b04eb316c9b69db437a8ad7bdc7b939_bf97c085f3\", \"mime\": \"image/jpeg\", \"name\": \"small_6b04eb316c9b69db437a8ad7bdc7b939.jpeg\", \"path\": null, \"size\": 31.42, \"width\": 334, \"height\": 500, \"sizeInBytes\": 31422}, \"thumbnail\": {\"ext\": \".jpeg\", \"url\": \"/uploads/thumbnail_6b04eb316c9b69db437a8ad7bdc7b939_bf97c085f3.jpeg\", \"hash\": \"thumbnail_6b04eb316c9b69db437a8ad7bdc7b939_bf97c085f3\", \"mime\": \"image/jpeg\", \"name\": \"thumbnail_6b04eb316c9b69db437a8ad7bdc7b939.jpeg\", \"path\": null, \"size\": 5.78, \"width\": 104, \"height\": 156, \"sizeInBytes\": 5778}}','6b04eb316c9b69db437a8ad7bdc7b939_bf97c085f3','.jpeg','image/jpeg',57.19,'/uploads/6b04eb316c9b69db437a8ad7bdc7b939_bf97c085f3.jpeg',NULL,'local',NULL,'/1','2025-05-06 07:55:51.416000','2025-05-06 07:55:51.416000','2025-05-06 07:55:51.416000',NULL,NULL,NULL),(5,'yrcvq7rgvht8cbu65yg6l0up','a.png',NULL,NULL,2544,2556,'{\"large\": {\"ext\": \".png\", \"url\": \"/uploads/large_a_41834faf18.png\", \"hash\": \"large_a_41834faf18\", \"mime\": \"image/png\", \"name\": \"large_a.png\", \"path\": null, \"size\": 167.73, \"width\": 995, \"height\": 1000, \"sizeInBytes\": 167729}, \"small\": {\"ext\": \".png\", \"url\": \"/uploads/small_a_41834faf18.png\", \"hash\": \"small_a_41834faf18\", \"mime\": \"image/png\", \"name\": \"small_a.png\", \"path\": null, \"size\": 60.84, \"width\": 498, \"height\": 500, \"sizeInBytes\": 60838}, \"medium\": {\"ext\": \".png\", \"url\": \"/uploads/medium_a_41834faf18.png\", \"hash\": \"medium_a_41834faf18\", \"mime\": \"image/png\", \"name\": \"medium_a.png\", \"path\": null, \"size\": 109.9, \"width\": 746, \"height\": 750, \"sizeInBytes\": 109896}, \"thumbnail\": {\"ext\": \".png\", \"url\": \"/uploads/thumbnail_a_41834faf18.png\", \"hash\": \"thumbnail_a_41834faf18\", \"mime\": \"image/png\", \"name\": \"thumbnail_a.png\", \"path\": null, \"size\": 12.19, \"width\": 155, \"height\": 156, \"sizeInBytes\": 12190}}','a_41834faf18','.png','image/png',95.14,'/uploads/a_41834faf18.png',NULL,'local',NULL,'/1','2025-05-06 07:56:25.306000','2025-05-06 07:56:25.306000','2025-05-06 07:56:25.306000',NULL,NULL,NULL),(6,'i7erq7jybk5sd2avmuluzqlv','2.png',NULL,NULL,300,300,'{\"thumbnail\": {\"ext\": \".png\", \"url\": \"/uploads/thumbnail_2_6a23e8ef25.png\", \"hash\": \"thumbnail_2_6a23e8ef25\", \"mime\": \"image/png\", \"name\": \"thumbnail_2.png\", \"path\": null, \"size\": 26.96, \"width\": 156, \"height\": 156, \"sizeInBytes\": 26957}}','2_6a23e8ef25','.png','image/png',19.19,'/uploads/2_6a23e8ef25.png',NULL,'local',NULL,'/1','2025-05-06 08:03:12.244000','2025-05-06 08:03:12.244000','2025-05-06 08:03:12.245000',NULL,NULL,NULL),(7,'v248ycx428dqwzdlv37srgmj','3.png',NULL,NULL,300,300,'{\"thumbnail\": {\"ext\": \".png\", \"url\": \"/uploads/thumbnail_3_688738466c.png\", \"hash\": \"thumbnail_3_688738466c\", \"mime\": \"image/png\", \"name\": \"thumbnail_3.png\", \"path\": null, \"size\": 16.97, \"width\": 156, \"height\": 156, \"sizeInBytes\": 16972}}','3_688738466c','.png','image/png',10.25,'/uploads/3_688738466c.png',NULL,'local',NULL,'/1','2025-05-06 08:04:08.025000','2025-05-06 08:04:08.025000','2025-05-06 08:04:08.025000',NULL,NULL,NULL),(8,'mhm09i52mfohrre92hnnvi8g','2.png',NULL,NULL,300,300,'{\"thumbnail\": {\"ext\": \".png\", \"url\": \"/uploads/thumbnail_2_06d37718de.png\", \"hash\": \"thumbnail_2_06d37718de\", \"mime\": \"image/png\", \"name\": \"thumbnail_2.png\", \"path\": null, \"size\": 26.96, \"width\": 156, \"height\": 156, \"sizeInBytes\": 26957}}','2_06d37718de','.png','image/png',19.19,'/uploads/2_06d37718de.png',NULL,'local',NULL,'/1','2025-05-06 08:30:15.420000','2025-05-06 08:30:15.420000','2025-05-06 08:30:15.421000',NULL,NULL,NULL),(9,'y2dyk9i6cnj5qfh50a2rpte5','a.png',NULL,NULL,2544,2556,'{\"large\": {\"ext\": \".png\", \"url\": \"/uploads/large_a_f2aeee1f0a.png\", \"hash\": \"large_a_f2aeee1f0a\", \"mime\": \"image/png\", \"name\": \"large_a.png\", \"path\": null, \"size\": 167.73, \"width\": 995, \"height\": 1000, \"sizeInBytes\": 167729}, \"small\": {\"ext\": \".png\", \"url\": \"/uploads/small_a_f2aeee1f0a.png\", \"hash\": \"small_a_f2aeee1f0a\", \"mime\": \"image/png\", \"name\": \"small_a.png\", \"path\": null, \"size\": 60.84, \"width\": 498, \"height\": 500, \"sizeInBytes\": 60838}, \"medium\": {\"ext\": \".png\", \"url\": \"/uploads/medium_a_f2aeee1f0a.png\", \"hash\": \"medium_a_f2aeee1f0a\", \"mime\": \"image/png\", \"name\": \"medium_a.png\", \"path\": null, \"size\": 109.9, \"width\": 746, \"height\": 750, \"sizeInBytes\": 109896}, \"thumbnail\": {\"ext\": \".png\", \"url\": \"/uploads/thumbnail_a_f2aeee1f0a.png\", \"hash\": \"thumbnail_a_f2aeee1f0a\", \"mime\": \"image/png\", \"name\": \"thumbnail_a.png\", \"path\": null, \"size\": 12.19, \"width\": 155, \"height\": 156, \"sizeInBytes\": 12190}}','a_f2aeee1f0a','.png','image/png',95.14,'/uploads/a_f2aeee1f0a.png',NULL,'local',NULL,'/1','2025-05-06 08:51:05.461000','2025-05-06 08:51:05.461000','2025-05-06 08:51:05.462000',NULL,NULL,NULL),(10,'choi37dcmaglowk45hzyg2s0','2.png',NULL,NULL,300,300,'{\"thumbnail\": {\"ext\": \".png\", \"url\": \"/uploads/thumbnail_2_26609f755e.png\", \"hash\": \"thumbnail_2_26609f755e\", \"mime\": \"image/png\", \"name\": \"thumbnail_2.png\", \"path\": null, \"size\": 26.96, \"width\": 156, \"height\": 156, \"sizeInBytes\": 26957}}','2_26609f755e','.png','image/png',19.19,'/uploads/2_26609f755e.png',NULL,'local',NULL,'/1','2025-05-06 08:51:12.946000','2025-05-06 08:51:12.946000','2025-05-06 08:51:12.946000',NULL,NULL,NULL),(11,'uuifrgth3sn0f2d961pid4ec','a.png',NULL,NULL,2544,2556,'{\"large\": {\"ext\": \".png\", \"url\": \"/uploads/large_a_e80fb658d4.png\", \"hash\": \"large_a_e80fb658d4\", \"mime\": \"image/png\", \"name\": \"large_a.png\", \"path\": null, \"size\": 167.73, \"width\": 995, \"height\": 1000, \"sizeInBytes\": 167729}, \"small\": {\"ext\": \".png\", \"url\": \"/uploads/small_a_e80fb658d4.png\", \"hash\": \"small_a_e80fb658d4\", \"mime\": \"image/png\", \"name\": \"small_a.png\", \"path\": null, \"size\": 60.84, \"width\": 498, \"height\": 500, \"sizeInBytes\": 60838}, \"medium\": {\"ext\": \".png\", \"url\": \"/uploads/medium_a_e80fb658d4.png\", \"hash\": \"medium_a_e80fb658d4\", \"mime\": \"image/png\", \"name\": \"medium_a.png\", \"path\": null, \"size\": 109.9, \"width\": 746, \"height\": 750, \"sizeInBytes\": 109896}, \"thumbnail\": {\"ext\": \".png\", \"url\": \"/uploads/thumbnail_a_e80fb658d4.png\", \"hash\": \"thumbnail_a_e80fb658d4\", \"mime\": \"image/png\", \"name\": \"thumbnail_a.png\", \"path\": null, \"size\": 12.19, \"width\": 155, \"height\": 156, \"sizeInBytes\": 12190}}','a_e80fb658d4','.png','image/png',95.14,'/uploads/a_e80fb658d4.png',NULL,'local',NULL,'/1','2025-05-06 09:29:44.145000','2025-05-06 09:29:44.145000','2025-05-06 09:29:44.146000',NULL,NULL,NULL),(12,'bwj6pxyuozrbla0t3kxgc0jx','2.png',NULL,NULL,300,300,'{\"thumbnail\": {\"ext\": \".png\", \"url\": \"/uploads/thumbnail_2_04ec29b52b.png\", \"hash\": \"thumbnail_2_04ec29b52b\", \"mime\": \"image/png\", \"name\": \"thumbnail_2.png\", \"path\": null, \"size\": 26.96, \"width\": 156, \"height\": 156, \"sizeInBytes\": 26957}}','2_04ec29b52b','.png','image/png',19.19,'/uploads/2_04ec29b52b.png',NULL,'local',NULL,'/1','2025-05-06 09:30:26.278000','2025-05-06 09:30:26.278000','2025-05-06 09:30:26.278000',NULL,NULL,NULL),(13,'l6byeuohk9jc4tdqxbkgrl5p','1.png',NULL,NULL,300,300,'{\"thumbnail\": {\"ext\": \".png\", \"url\": \"/uploads/thumbnail_1_23c2e6eed2.png\", \"hash\": \"thumbnail_1_23c2e6eed2\", \"mime\": \"image/png\", \"name\": \"thumbnail_1.png\", \"path\": null, \"size\": 35.92, \"width\": 156, \"height\": 156, \"sizeInBytes\": 35920}}','1_23c2e6eed2','.png','image/png',26.55,'/uploads/1_23c2e6eed2.png',NULL,'local',NULL,'/1','2025-05-06 09:30:30.479000','2025-05-06 09:30:30.479000','2025-05-06 09:30:30.479000',NULL,NULL,NULL),(14,'te80jyt454qgqcjovr9zfu4m','3.%E0%B8%8A%E0%B8%B1%E0%B8%93%E0%B8%A9%E0%B8%B2+50-66.pdf',NULL,NULL,NULL,NULL,NULL,'3_E0_B8_8_A_E0_B8_B1_E0_B8_93_E0_B8_A9_E0_B8_B2_50_66_ed5d14f8e0','.pdf','application/pdf',774.68,'/uploads/3_E0_B8_8_A_E0_B8_B1_E0_B8_93_E0_B8_A9_E0_B8_B2_50_66_ed5d14f8e0.pdf',NULL,'local',NULL,'/1','2025-05-06 09:36:18.367000','2025-05-06 09:36:18.367000','2025-05-06 09:36:18.367000',NULL,NULL,NULL),(15,'qfuuk7t5dfadimcgxhrcd9m4','a05.jpg',NULL,NULL,400,200,'{\"thumbnail\": {\"ext\": \".jpg\", \"url\": \"/uploads/thumbnail_a05_f3ee7195eb.jpg\", \"hash\": \"thumbnail_a05_f3ee7195eb\", \"mime\": \"image/jpeg\", \"name\": \"thumbnail_a05.jpg\", \"path\": null, \"size\": 3.21, \"width\": 245, \"height\": 122, \"sizeInBytes\": 3209}}','a05_f3ee7195eb','.jpg','image/jpeg',6.42,'/uploads/a05_f3ee7195eb.jpg',NULL,'local',NULL,'/1','2025-05-06 09:40:00.959000','2025-05-06 09:40:00.959000','2025-05-06 09:40:00.959000',NULL,NULL,NULL),(16,'x6ipxveir2n8py7tcf371zes','BillPayment Form.png',NULL,NULL,NULL,NULL,NULL,'Bill_Payment_Form_198da7e17b','.png','image/png',26.34,'/uploads/Bill_Payment_Form_198da7e17b.png',NULL,'local',NULL,'/1','2025-05-06 09:40:32.391000','2025-05-06 09:40:32.391000','2025-05-06 09:40:32.391000',NULL,NULL,NULL),(17,'qhuq88nqawmw53fna6vidu7b','3.png',NULL,NULL,300,300,'{\"thumbnail\": {\"ext\": \".png\", \"url\": \"/uploads/thumbnail_3_0aee96a3be.png\", \"hash\": \"thumbnail_3_0aee96a3be\", \"mime\": \"image/png\", \"name\": \"thumbnail_3.png\", \"path\": null, \"size\": 16.97, \"width\": 156, \"height\": 156, \"sizeInBytes\": 16972}}','3_0aee96a3be','.png','image/png',10.25,'/uploads/3_0aee96a3be.png',NULL,'local',NULL,'/1','2025-05-06 10:05:59.317000','2025-05-06 10:05:59.317000','2025-05-06 10:05:59.318000',NULL,NULL,NULL),(18,'wdxcywn8n35gl1v02t2r672m','chaibaan-logo.png',NULL,NULL,964,567,'{\"small\": {\"ext\": \".png\", \"url\": \"/uploads/small_chaibaan_logo_e68eee1136.png\", \"hash\": \"small_chaibaan_logo_e68eee1136\", \"mime\": \"image/png\", \"name\": \"small_chaibaan-logo.png\", \"path\": null, \"size\": 31.85, \"width\": 500, \"height\": 294, \"sizeInBytes\": 31854}, \"medium\": {\"ext\": \".png\", \"url\": \"/uploads/medium_chaibaan_logo_e68eee1136.png\", \"hash\": \"medium_chaibaan_logo_e68eee1136\", \"mime\": \"image/png\", \"name\": \"medium_chaibaan-logo.png\", \"path\": null, \"size\": 53.97, \"width\": 750, \"height\": 441, \"sizeInBytes\": 53973}, \"thumbnail\": {\"ext\": \".png\", \"url\": \"/uploads/thumbnail_chaibaan_logo_e68eee1136.png\", \"hash\": \"thumbnail_chaibaan_logo_e68eee1136\", \"mime\": \"image/png\", \"name\": \"thumbnail_chaibaan-logo.png\", \"path\": null, \"size\": 13.46, \"width\": 245, \"height\": 144, \"sizeInBytes\": 13457}}','chaibaan_logo_e68eee1136','.png','image/png',16.91,'/uploads/chaibaan_logo_e68eee1136.png',NULL,'local',NULL,'/1','2025-05-06 10:06:23.209000','2025-05-06 10:06:23.209000','2025-05-06 10:06:23.209000',NULL,NULL,NULL),(19,'q9qix6usq7ni27jes7se2iih','3.png',NULL,NULL,300,300,'{\"thumbnail\": {\"ext\": \".png\", \"url\": \"/uploads/thumbnail_3_e3cf911655.png\", \"hash\": \"thumbnail_3_e3cf911655\", \"mime\": \"image/png\", \"name\": \"thumbnail_3.png\", \"path\": null, \"size\": 16.97, \"width\": 156, \"height\": 156, \"sizeInBytes\": 16972}}','3_e3cf911655','.png','image/png',10.25,'/uploads/3_e3cf911655.png',NULL,'local',NULL,'/1','2025-05-06 10:19:30.947000','2025-05-06 10:19:30.947000','2025-05-06 10:19:30.947000',NULL,NULL,NULL),(20,'fo34gtf75c3l9i6ocunouidm','3.png',NULL,NULL,300,300,'{\"thumbnail\": {\"ext\": \".png\", \"url\": \"/uploads/thumbnail_3_69d547ff98.png\", \"hash\": \"thumbnail_3_69d547ff98\", \"mime\": \"image/png\", \"name\": \"thumbnail_3.png\", \"path\": null, \"size\": 16.97, \"width\": 156, \"height\": 156, \"sizeInBytes\": 16972}}','3_69d547ff98','.png','image/png',10.25,'/uploads/3_69d547ff98.png',NULL,'local',NULL,'/1','2025-05-06 10:20:20.043000','2025-05-06 10:20:20.043000','2025-05-06 10:20:20.043000',NULL,NULL,NULL),(21,'ae33elivt25rks0ms73lb7vs','a.png',NULL,NULL,2544,2556,'{\"large\": {\"ext\": \".png\", \"url\": \"/uploads/large_a_5d5bc7bc53.png\", \"hash\": \"large_a_5d5bc7bc53\", \"mime\": \"image/png\", \"name\": \"large_a.png\", \"path\": null, \"size\": 167.73, \"width\": 995, \"height\": 1000, \"sizeInBytes\": 167729}, \"small\": {\"ext\": \".png\", \"url\": \"/uploads/small_a_5d5bc7bc53.png\", \"hash\": \"small_a_5d5bc7bc53\", \"mime\": \"image/png\", \"name\": \"small_a.png\", \"path\": null, \"size\": 60.84, \"width\": 498, \"height\": 500, \"sizeInBytes\": 60838}, \"medium\": {\"ext\": \".png\", \"url\": \"/uploads/medium_a_5d5bc7bc53.png\", \"hash\": \"medium_a_5d5bc7bc53\", \"mime\": \"image/png\", \"name\": \"medium_a.png\", \"path\": null, \"size\": 109.9, \"width\": 746, \"height\": 750, \"sizeInBytes\": 109896}, \"thumbnail\": {\"ext\": \".png\", \"url\": \"/uploads/thumbnail_a_5d5bc7bc53.png\", \"hash\": \"thumbnail_a_5d5bc7bc53\", \"mime\": \"image/png\", \"name\": \"thumbnail_a.png\", \"path\": null, \"size\": 12.19, \"width\": 155, \"height\": 156, \"sizeInBytes\": 12190}}','a_5d5bc7bc53','.png','image/png',95.14,'/uploads/a_5d5bc7bc53.png',NULL,'local',NULL,'/1','2025-05-06 10:20:45.704000','2025-05-06 10:20:45.704000','2025-05-06 10:20:45.704000',NULL,NULL,NULL),(22,'ov1o6l9pgrxsgv4h27ycozq2','a05.jpg',NULL,NULL,400,200,'{\"thumbnail\": {\"ext\": \".jpg\", \"url\": \"/uploads/thumbnail_a05_41b1342e60.jpg\", \"hash\": \"thumbnail_a05_41b1342e60\", \"mime\": \"image/jpeg\", \"name\": \"thumbnail_a05.jpg\", \"path\": null, \"size\": 3.21, \"width\": 245, \"height\": 122, \"sizeInBytes\": 3209}}','a05_41b1342e60','.jpg','image/jpeg',6.42,'/uploads/a05_41b1342e60.jpg',NULL,'local',NULL,'/1','2025-05-06 10:20:52.018000','2025-05-06 10:20:52.018000','2025-05-06 10:20:52.018000',NULL,NULL,NULL),(23,'dy738sb9sh25y19u60omflg7','Group 12.png',NULL,NULL,2645,1444,'{\"large\": {\"ext\": \".png\", \"url\": \"/uploads/large_Group_12_0d2e40a254.png\", \"hash\": \"large_Group_12_0d2e40a254\", \"mime\": \"image/png\", \"name\": \"large_Group 12.png\", \"path\": null, \"size\": 45.25, \"width\": 1000, \"height\": 546, \"sizeInBytes\": 45250}, \"small\": {\"ext\": \".png\", \"url\": \"/uploads/small_Group_12_0d2e40a254.png\", \"hash\": \"small_Group_12_0d2e40a254\", \"mime\": \"image/png\", \"name\": \"small_Group 12.png\", \"path\": null, \"size\": 18.48, \"width\": 500, \"height\": 273, \"sizeInBytes\": 18483}, \"medium\": {\"ext\": \".png\", \"url\": \"/uploads/medium_Group_12_0d2e40a254.png\", \"hash\": \"medium_Group_12_0d2e40a254\", \"mime\": \"image/png\", \"name\": \"medium_Group 12.png\", \"path\": null, \"size\": 31.53, \"width\": 750, \"height\": 409, \"sizeInBytes\": 31531}, \"thumbnail\": {\"ext\": \".png\", \"url\": \"/uploads/thumbnail_Group_12_0d2e40a254.png\", \"hash\": \"thumbnail_Group_12_0d2e40a254\", \"mime\": \"image/png\", \"name\": \"thumbnail_Group 12.png\", \"path\": null, \"size\": 7.14, \"width\": 245, \"height\": 134, \"sizeInBytes\": 7137}}','Group_12_0d2e40a254','.png','image/png',31.37,'/uploads/Group_12_0d2e40a254.png',NULL,'local',NULL,'/1','2025-05-06 10:20:56.315000','2025-05-06 10:20:56.315000','2025-05-06 10:20:56.316000',NULL,NULL,NULL),(24,'phigg4bl6xkft03ibae1ppkp','a05.jpg',NULL,NULL,400,200,'{\"thumbnail\": {\"ext\": \".jpg\", \"url\": \"/uploads/thumbnail_a05_f31b799720.jpg\", \"hash\": \"thumbnail_a05_f31b799720\", \"mime\": \"image/jpeg\", \"name\": \"thumbnail_a05.jpg\", \"path\": null, \"size\": 3.21, \"width\": 245, \"height\": 122, \"sizeInBytes\": 3209}}','a05_f31b799720','.jpg','image/jpeg',6.42,'/uploads/a05_f31b799720.jpg',NULL,'local',NULL,'/1','2025-05-06 10:26:30.728000','2025-05-06 10:26:30.728000','2025-05-06 10:26:30.728000',NULL,NULL,NULL),(25,'p67t66t2d9vomtn15d84cjiq','a05.jpg',NULL,NULL,400,200,'{\"thumbnail\": {\"ext\": \".jpg\", \"url\": \"/uploads/thumbnail_a05_2bf908a93e.jpg\", \"hash\": \"thumbnail_a05_2bf908a93e\", \"mime\": \"image/jpeg\", \"name\": \"thumbnail_a05.jpg\", \"path\": null, \"size\": 3.21, \"width\": 245, \"height\": 122, \"sizeInBytes\": 3209}}','a05_2bf908a93e','.jpg','image/jpeg',6.42,'/uploads/a05_2bf908a93e.jpg',NULL,'local',NULL,'/1','2025-05-06 10:26:38.240000','2025-05-06 10:26:38.240000','2025-05-06 10:26:38.240000',NULL,NULL,NULL),(26,'zn5q4ezrtsb4940syb6cf81z','a05.jpg',NULL,NULL,400,200,'{\"thumbnail\": {\"ext\": \".jpg\", \"url\": \"/uploads/thumbnail_a05_28f49891dc.jpg\", \"hash\": \"thumbnail_a05_28f49891dc\", \"mime\": \"image/jpeg\", \"name\": \"thumbnail_a05.jpg\", \"path\": null, \"size\": 3.21, \"width\": 245, \"height\": 122, \"sizeInBytes\": 3209}}','a05_28f49891dc','.jpg','image/jpeg',6.42,'/uploads/a05_28f49891dc.jpg',NULL,'local',NULL,'/1','2025-05-06 10:26:44.976000','2025-05-06 10:26:44.976000','2025-05-06 10:26:44.976000',NULL,NULL,NULL),(27,'f367foi2vzuv7mgw46i7cgf2','3.png',NULL,NULL,300,300,'{\"thumbnail\": {\"ext\": \".png\", \"url\": \"/uploads/thumbnail_3_157813caa3.png\", \"hash\": \"thumbnail_3_157813caa3\", \"mime\": \"image/png\", \"name\": \"thumbnail_3.png\", \"path\": null, \"size\": 16.97, \"width\": 156, \"height\": 156, \"sizeInBytes\": 16972}}','3_157813caa3','.png','image/png',10.25,'/uploads/3_157813caa3.png',NULL,'local',NULL,'/1','2025-05-07 00:22:03.315000','2025-05-07 00:22:03.315000','2025-05-07 00:22:03.315000',NULL,NULL,NULL),(28,'vd8tkrnl89httzp19s6l6hkv','4.png',NULL,NULL,300,300,'{\"thumbnail\": {\"ext\": \".png\", \"url\": \"/uploads/thumbnail_4_c1a7b9504c.png\", \"hash\": \"thumbnail_4_c1a7b9504c\", \"mime\": \"image/png\", \"name\": \"thumbnail_4.png\", \"path\": null, \"size\": 44.59, \"width\": 156, \"height\": 156, \"sizeInBytes\": 44588}}','4_c1a7b9504c','.png','image/png',40.82,'/uploads/4_c1a7b9504c.png',NULL,'local',NULL,'/1','2025-05-07 01:12:12.538000','2025-05-07 01:12:12.538000','2025-05-07 01:12:12.538000',NULL,NULL,NULL),(29,'ob5lob4v9mctibk7tztsz8yz','3.png',NULL,NULL,300,300,'{\"thumbnail\": {\"ext\": \".png\", \"url\": \"/uploads/thumbnail_3_42afcef05c.png\", \"hash\": \"thumbnail_3_42afcef05c\", \"mime\": \"image/png\", \"name\": \"thumbnail_3.png\", \"path\": null, \"size\": 16.97, \"width\": 156, \"height\": 156, \"sizeInBytes\": 16972}}','3_42afcef05c','.png','image/png',10.25,'/uploads/3_42afcef05c.png',NULL,'local',NULL,'/1','2025-05-07 01:13:00.776000','2025-05-07 01:13:00.776000','2025-05-07 01:13:00.776000',NULL,NULL,NULL),(30,'enr0vke8ycpr4p79t0pao6vh','chaibaan-logo.png',NULL,NULL,964,567,'{\"small\": {\"ext\": \".png\", \"url\": \"/uploads/small_chaibaan_logo_7ff7b751c1.png\", \"hash\": \"small_chaibaan_logo_7ff7b751c1\", \"mime\": \"image/png\", \"name\": \"small_chaibaan-logo.png\", \"path\": null, \"size\": 31.85, \"width\": 500, \"height\": 294, \"sizeInBytes\": 31854}, \"medium\": {\"ext\": \".png\", \"url\": \"/uploads/medium_chaibaan_logo_7ff7b751c1.png\", \"hash\": \"medium_chaibaan_logo_7ff7b751c1\", \"mime\": \"image/png\", \"name\": \"medium_chaibaan-logo.png\", \"path\": null, \"size\": 53.97, \"width\": 750, \"height\": 441, \"sizeInBytes\": 53973}, \"thumbnail\": {\"ext\": \".png\", \"url\": \"/uploads/thumbnail_chaibaan_logo_7ff7b751c1.png\", \"hash\": \"thumbnail_chaibaan_logo_7ff7b751c1\", \"mime\": \"image/png\", \"name\": \"thumbnail_chaibaan-logo.png\", \"path\": null, \"size\": 13.46, \"width\": 245, \"height\": 144, \"sizeInBytes\": 13457}}','chaibaan_logo_7ff7b751c1','.png','image/png',16.91,'/uploads/chaibaan_logo_7ff7b751c1.png',NULL,'local',NULL,'/1','2025-05-07 01:13:06.444000','2025-05-07 01:13:06.444000','2025-05-07 01:13:06.444000',NULL,NULL,NULL),(31,'gw7hlzijyuhcq5768etr0gdn','a05.jpg',NULL,NULL,400,200,'{\"thumbnail\": {\"ext\": \".jpg\", \"url\": \"/uploads/thumbnail_a05_fd2d8e1feb.jpg\", \"hash\": \"thumbnail_a05_fd2d8e1feb\", \"mime\": \"image/jpeg\", \"name\": \"thumbnail_a05.jpg\", \"path\": null, \"size\": 3.21, \"width\": 245, \"height\": 122, \"sizeInBytes\": 3209}}','a05_fd2d8e1feb','.jpg','image/jpeg',6.42,'/uploads/a05_fd2d8e1feb.jpg',NULL,'local',NULL,'/1','2025-05-07 01:13:14.479000','2025-05-07 01:13:14.479000','2025-05-07 01:13:14.479000',NULL,NULL,NULL),(32,'ujqjmb2n3nh9gzpu4czrtmtk','Cover image.png',NULL,NULL,374,282,'{\"thumbnail\": {\"ext\": \".png\", \"url\": \"/uploads/thumbnail_Cover_image_d6891af22d.png\", \"hash\": \"thumbnail_Cover_image_d6891af22d\", \"mime\": \"image/png\", \"name\": \"thumbnail_Cover image.png\", \"path\": null, \"size\": 78.56, \"width\": 207, \"height\": 156, \"sizeInBytes\": 78561}}','Cover_image_d6891af22d','.png','image/png',60.06,'/uploads/Cover_image_d6891af22d.png',NULL,'local',NULL,'/1','2025-05-07 01:13:54.386000','2025-05-07 01:13:54.386000','2025-05-07 01:13:54.386000',NULL,NULL,NULL),(33,'tleunvn7edqnp6nkbj7wuvao','cyber-logo.png',NULL,NULL,459,258,'{\"thumbnail\": {\"ext\": \".png\", \"url\": \"/uploads/thumbnail_cyber_logo_e3c4927247.png\", \"hash\": \"thumbnail_cyber_logo_e3c4927247\", \"mime\": \"image/png\", \"name\": \"thumbnail_cyber-logo.png\", \"path\": null, \"size\": 31.21, \"width\": 245, \"height\": 138, \"sizeInBytes\": 31209}}','cyber_logo_e3c4927247','.png','image/png',13.97,'/uploads/cyber_logo_e3c4927247.png',NULL,'local',NULL,'/1','2025-05-07 01:14:16.340000','2025-05-07 01:14:16.340000','2025-05-07 01:14:16.340000',NULL,NULL,NULL),(34,'rumnnxxj3a7b41cziy07oxw8','76f7243ca5fc6137d844d5b1a2c5dc3f.jpeg',NULL,NULL,746,497,'{\"small\": {\"ext\": \".jpeg\", \"url\": \"/uploads/small_76f7243ca5fc6137d844d5b1a2c5dc3f_1e9f5a0c72.jpeg\", \"hash\": \"small_76f7243ca5fc6137d844d5b1a2c5dc3f_1e9f5a0c72\", \"mime\": \"image/jpeg\", \"name\": \"small_76f7243ca5fc6137d844d5b1a2c5dc3f.jpeg\", \"path\": null, \"size\": 25.92, \"width\": 500, \"height\": 333, \"sizeInBytes\": 25922}, \"thumbnail\": {\"ext\": \".jpeg\", \"url\": \"/uploads/thumbnail_76f7243ca5fc6137d844d5b1a2c5dc3f_1e9f5a0c72.jpeg\", \"hash\": \"thumbnail_76f7243ca5fc6137d844d5b1a2c5dc3f_1e9f5a0c72\", \"mime\": \"image/jpeg\", \"name\": \"thumbnail_76f7243ca5fc6137d844d5b1a2c5dc3f.jpeg\", \"path\": null, \"size\": 7.98, \"width\": 235, \"height\": 156, \"sizeInBytes\": 7976}}','76f7243ca5fc6137d844d5b1a2c5dc3f_1e9f5a0c72','.jpeg','image/jpeg',48.05,'/uploads/76f7243ca5fc6137d844d5b1a2c5dc3f_1e9f5a0c72.jpeg',NULL,'local',NULL,'/1','2025-05-07 01:16:51.426000','2025-05-07 01:16:51.426000','2025-05-07 01:16:51.426000',NULL,NULL,NULL),(35,'hf0vfybjcu84s5g3dmm2oreb','a2c3ee13f150abdbc9d2232a21625264.jpeg',NULL,NULL,497,745,'{\"small\": {\"ext\": \".jpeg\", \"url\": \"/uploads/small_a2c3ee13f150abdbc9d2232a21625264_736cff6213.jpeg\", \"hash\": \"small_a2c3ee13f150abdbc9d2232a21625264_736cff6213\", \"mime\": \"image/jpeg\", \"name\": \"small_a2c3ee13f150abdbc9d2232a21625264.jpeg\", \"path\": null, \"size\": 34.94, \"width\": 334, \"height\": 500, \"sizeInBytes\": 34942}, \"thumbnail\": {\"ext\": \".jpeg\", \"url\": \"/uploads/thumbnail_a2c3ee13f150abdbc9d2232a21625264_736cff6213.jpeg\", \"hash\": \"thumbnail_a2c3ee13f150abdbc9d2232a21625264_736cff6213\", \"mime\": \"image/jpeg\", \"name\": \"thumbnail_a2c3ee13f150abdbc9d2232a21625264.jpeg\", \"path\": null, \"size\": 5.32, \"width\": 104, \"height\": 156, \"sizeInBytes\": 5317}}','a2c3ee13f150abdbc9d2232a21625264_736cff6213','.jpeg','image/jpeg',68.30,'/uploads/a2c3ee13f150abdbc9d2232a21625264_736cff6213.jpeg',NULL,'local',NULL,'/1','2025-05-07 01:18:26.031000','2025-05-07 01:18:26.031000','2025-05-07 01:18:26.031000',NULL,NULL,NULL),(36,'l6l39d8tyhi46qa54asvf8rd','2.png',NULL,NULL,300,300,'{\"thumbnail\": {\"ext\": \".png\", \"url\": \"/uploads/thumbnail_2_f84abe53eb.png\", \"hash\": \"thumbnail_2_f84abe53eb\", \"mime\": \"image/png\", \"name\": \"thumbnail_2.png\", \"path\": null, \"size\": 26.96, \"width\": 156, \"height\": 156, \"sizeInBytes\": 26957}}','2_f84abe53eb','.png','image/png',19.19,'/uploads/2_f84abe53eb.png',NULL,'local',NULL,'/1','2025-05-07 01:18:33.141000','2025-05-07 01:18:33.141000','2025-05-07 01:18:33.141000',NULL,NULL,NULL),(37,'ehw5vza49ou5g3ou84xs2n92','2.png',NULL,NULL,300,300,'{\"thumbnail\": {\"ext\": \".png\", \"url\": \"/uploads/thumbnail_2_b0f4e6d53e.png\", \"hash\": \"thumbnail_2_b0f4e6d53e\", \"mime\": \"image/png\", \"name\": \"thumbnail_2.png\", \"path\": null, \"size\": 26.96, \"width\": 156, \"height\": 156, \"sizeInBytes\": 26957}}','2_b0f4e6d53e','.png','image/png',19.19,'/uploads/2_b0f4e6d53e.png',NULL,'local',NULL,'/1','2025-05-07 01:18:41.533000','2025-05-07 01:18:41.533000','2025-05-07 01:18:41.533000',NULL,NULL,NULL),(38,'sygy2c0tfs6kxax97kx1nrj9','Cover image-2.png',NULL,NULL,374,282,'{\"thumbnail\": {\"ext\": \".png\", \"url\": \"/uploads/thumbnail_Cover_image_2_554ca75d80.png\", \"hash\": \"thumbnail_Cover_image_2_554ca75d80\", \"mime\": \"image/png\", \"name\": \"thumbnail_Cover image-2.png\", \"path\": null, \"size\": 80.81, \"width\": 207, \"height\": 156, \"sizeInBytes\": 80813}}','Cover_image_2_554ca75d80','.png','image/png',63.43,'/uploads/Cover_image_2_554ca75d80.png',NULL,'local',NULL,'/1','2025-05-07 01:18:49.987000','2025-05-07 01:18:49.987000','2025-05-07 01:18:49.988000',NULL,NULL,NULL),(39,'edfk4sw29zdlsqwx3wdy3tu7','Cover image-2.png',NULL,NULL,374,282,'{\"thumbnail\": {\"ext\": \".png\", \"url\": \"/uploads/thumbnail_Cover_image_2_a1538ee08b.png\", \"hash\": \"thumbnail_Cover_image_2_a1538ee08b\", \"mime\": \"image/png\", \"name\": \"thumbnail_Cover image-2.png\", \"path\": null, \"size\": 80.81, \"width\": 207, \"height\": 156, \"sizeInBytes\": 80813}}','Cover_image_2_a1538ee08b','.png','image/png',63.43,'/uploads/Cover_image_2_a1538ee08b.png',NULL,'local',NULL,'/1','2025-05-07 01:18:57.061000','2025-05-07 01:18:57.061000','2025-05-07 01:18:57.061000',NULL,NULL,NULL),(40,'cdzh97x3t8v8lq74zodbbl1u','2.png',NULL,NULL,300,300,'{\"thumbnail\": {\"ext\": \".png\", \"url\": \"/uploads/thumbnail_2_c960676aa1.png\", \"hash\": \"thumbnail_2_c960676aa1\", \"mime\": \"image/png\", \"name\": \"thumbnail_2.png\", \"path\": null, \"size\": 26.96, \"width\": 156, \"height\": 156, \"sizeInBytes\": 26957}}','2_c960676aa1','.png','image/png',19.19,'/uploads/2_c960676aa1.png',NULL,'local',NULL,'/1','2025-05-07 01:19:46.106000','2025-05-07 01:19:46.106000','2025-05-07 01:19:46.106000',NULL,NULL,NULL),(41,'mailj68ia23sob80bv8nr1td','1.png',NULL,NULL,300,300,'{\"thumbnail\": {\"ext\": \".png\", \"url\": \"/uploads/thumbnail_1_74a9fa07e2.png\", \"hash\": \"thumbnail_1_74a9fa07e2\", \"mime\": \"image/png\", \"name\": \"thumbnail_1.png\", \"path\": null, \"size\": 35.92, \"width\": 156, \"height\": 156, \"sizeInBytes\": 35920}}','1_74a9fa07e2','.png','image/png',26.55,'/uploads/1_74a9fa07e2.png',NULL,'local',NULL,'/1','2025-05-07 01:19:49.274000','2025-05-07 01:19:49.274000','2025-05-07 01:19:49.274000',NULL,NULL,NULL),(42,'kzry41161ssk06wrxeg07les','1.png',NULL,NULL,300,300,'{\"thumbnail\": {\"ext\": \".png\", \"url\": \"/uploads/thumbnail_1_784f974f1c.png\", \"hash\": \"thumbnail_1_784f974f1c\", \"mime\": \"image/png\", \"name\": \"thumbnail_1.png\", \"path\": null, \"size\": 35.92, \"width\": 156, \"height\": 156, \"sizeInBytes\": 35920}}','1_784f974f1c','.png','image/png',26.55,'/uploads/1_784f974f1c.png',NULL,'local',NULL,'/1','2025-05-07 01:19:53.253000','2025-05-07 01:19:53.253000','2025-05-07 01:19:53.253000',NULL,NULL,NULL),(43,'b19ire05lil6pdy17qrm33wz','2.png',NULL,NULL,300,300,'{\"thumbnail\": {\"ext\": \".png\", \"url\": \"/uploads/thumbnail_2_336bb54aec.png\", \"hash\": \"thumbnail_2_336bb54aec\", \"mime\": \"image/png\", \"name\": \"thumbnail_2.png\", \"path\": null, \"size\": 26.96, \"width\": 156, \"height\": 156, \"sizeInBytes\": 26957}}','2_336bb54aec','.png','image/png',19.19,'/uploads/2_336bb54aec.png',NULL,'local',NULL,'/1','2025-05-07 01:19:56.257000','2025-05-07 01:19:56.257000','2025-05-07 01:19:56.257000',NULL,NULL,NULL),(44,'a8zhjdvmk4pk77pg07chzgbl','2.png',NULL,NULL,300,300,'{\"thumbnail\": {\"ext\": \".png\", \"url\": \"/uploads/thumbnail_2_a93c8fd931.png\", \"hash\": \"thumbnail_2_a93c8fd931\", \"mime\": \"image/png\", \"name\": \"thumbnail_2.png\", \"path\": null, \"size\": 26.96, \"width\": 156, \"height\": 156, \"sizeInBytes\": 26957}}','2_a93c8fd931','.png','image/png',19.19,'/uploads/2_a93c8fd931.png',NULL,'local',NULL,'/1','2025-05-07 01:21:10.982000','2025-05-07 01:21:10.982000','2025-05-07 01:21:10.982000',NULL,NULL,NULL),(45,'xx7jftq0k4pwnkjultwgguwg','3.png',NULL,NULL,300,300,'{\"thumbnail\": {\"ext\": \".png\", \"url\": \"/uploads/thumbnail_3_d3d63a3047.png\", \"hash\": \"thumbnail_3_d3d63a3047\", \"mime\": \"image/png\", \"name\": \"thumbnail_3.png\", \"path\": null, \"size\": 16.97, \"width\": 156, \"height\": 156, \"sizeInBytes\": 16972}}','3_d3d63a3047','.png','image/png',10.25,'/uploads/3_d3d63a3047.png',NULL,'local',NULL,'/1','2025-05-07 01:21:13.382000','2025-05-07 01:21:13.382000','2025-05-07 01:21:13.382000',NULL,NULL,NULL),(46,'u8alxia4nma45n0benz1ctwv','6b04eb316c9b69db437a8ad7bdc7b939.jpeg',NULL,NULL,497,745,'{\"small\": {\"ext\": \".jpeg\", \"url\": \"/uploads/small_6b04eb316c9b69db437a8ad7bdc7b939_6065000a83.jpeg\", \"hash\": \"small_6b04eb316c9b69db437a8ad7bdc7b939_6065000a83\", \"mime\": \"image/jpeg\", \"name\": \"small_6b04eb316c9b69db437a8ad7bdc7b939.jpeg\", \"path\": null, \"size\": 31.42, \"width\": 334, \"height\": 500, \"sizeInBytes\": 31422}, \"thumbnail\": {\"ext\": \".jpeg\", \"url\": \"/uploads/thumbnail_6b04eb316c9b69db437a8ad7bdc7b939_6065000a83.jpeg\", \"hash\": \"thumbnail_6b04eb316c9b69db437a8ad7bdc7b939_6065000a83\", \"mime\": \"image/jpeg\", \"name\": \"thumbnail_6b04eb316c9b69db437a8ad7bdc7b939.jpeg\", \"path\": null, \"size\": 5.78, \"width\": 104, \"height\": 156, \"sizeInBytes\": 5778}}','6b04eb316c9b69db437a8ad7bdc7b939_6065000a83','.jpeg','image/jpeg',57.19,'/uploads/6b04eb316c9b69db437a8ad7bdc7b939_6065000a83.jpeg',NULL,'local',NULL,'/1','2025-05-07 01:21:19.832000','2025-05-07 01:21:19.832000','2025-05-07 01:21:19.832000',NULL,NULL,NULL),(47,'e2yyfmjvk82jqhaxzu1odf6z','4.png',NULL,NULL,300,300,'{\"thumbnail\": {\"ext\": \".png\", \"url\": \"/uploads/thumbnail_4_e6d724dd69.png\", \"hash\": \"thumbnail_4_e6d724dd69\", \"mime\": \"image/png\", \"name\": \"thumbnail_4.png\", \"path\": null, \"size\": 44.59, \"width\": 156, \"height\": 156, \"sizeInBytes\": 44588}}','4_e6d724dd69','.png','image/png',40.82,'/uploads/4_e6d724dd69.png',NULL,'local',NULL,'/1','2025-05-07 01:21:22.058000','2025-05-07 01:21:22.058000','2025-05-07 01:21:22.058000',NULL,NULL,NULL),(48,'brv3u83n1jynjbys2yjcl8x0','3.png',NULL,NULL,300,300,'{\"thumbnail\": {\"ext\": \".png\", \"url\": \"/uploads/thumbnail_3_7bc68496b3.png\", \"hash\": \"thumbnail_3_7bc68496b3\", \"mime\": \"image/png\", \"name\": \"thumbnail_3.png\", \"path\": null, \"size\": 16.97, \"width\": 156, \"height\": 156, \"sizeInBytes\": 16972}}','3_7bc68496b3','.png','image/png',10.25,'/uploads/3_7bc68496b3.png',NULL,'local',NULL,'/1','2025-05-07 01:21:26.294000','2025-05-07 01:21:26.294000','2025-05-07 01:21:26.294000',NULL,NULL,NULL),(49,'bsvsysccjpd25q8b8cd08hbp','6fa76320767088a87b5c7ed126e0c63e.jpeg',NULL,NULL,497,745,'{\"small\": {\"ext\": \".jpeg\", \"url\": \"/uploads/small_6fa76320767088a87b5c7ed126e0c63e_c7650ec86d.jpeg\", \"hash\": \"small_6fa76320767088a87b5c7ed126e0c63e_c7650ec86d\", \"mime\": \"image/jpeg\", \"name\": \"small_6fa76320767088a87b5c7ed126e0c63e.jpeg\", \"path\": null, \"size\": 18.32, \"width\": 334, \"height\": 500, \"sizeInBytes\": 18315}, \"thumbnail\": {\"ext\": \".jpeg\", \"url\": \"/uploads/thumbnail_6fa76320767088a87b5c7ed126e0c63e_c7650ec86d.jpeg\", \"hash\": \"thumbnail_6fa76320767088a87b5c7ed126e0c63e_c7650ec86d\", \"mime\": \"image/jpeg\", \"name\": \"thumbnail_6fa76320767088a87b5c7ed126e0c63e.jpeg\", \"path\": null, \"size\": 3.36, \"width\": 104, \"height\": 156, \"sizeInBytes\": 3355}}','6fa76320767088a87b5c7ed126e0c63e_c7650ec86d','.jpeg','image/jpeg',33.12,'/uploads/6fa76320767088a87b5c7ed126e0c63e_c7650ec86d.jpeg',NULL,'local',NULL,'/1','2025-05-07 01:21:28.956000','2025-05-07 01:21:28.956000','2025-05-07 01:21:28.956000',NULL,NULL,NULL),(50,'pfzwwa6crdtqiprwd06bqi2s','982224dfcfc93740b4edfec7b512c09a.jpeg',NULL,NULL,746,494,'{\"small\": {\"ext\": \".jpeg\", \"url\": \"/uploads/small_982224dfcfc93740b4edfec7b512c09a_432019169b.jpeg\", \"hash\": \"small_982224dfcfc93740b4edfec7b512c09a_432019169b\", \"mime\": \"image/jpeg\", \"name\": \"small_982224dfcfc93740b4edfec7b512c09a.jpeg\", \"path\": null, \"size\": 18.87, \"width\": 500, \"height\": 331, \"sizeInBytes\": 18873}, \"thumbnail\": {\"ext\": \".jpeg\", \"url\": \"/uploads/thumbnail_982224dfcfc93740b4edfec7b512c09a_432019169b.jpeg\", \"hash\": \"thumbnail_982224dfcfc93740b4edfec7b512c09a_432019169b\", \"mime\": \"image/jpeg\", \"name\": \"thumbnail_982224dfcfc93740b4edfec7b512c09a.jpeg\", \"path\": null, \"size\": 6.35, \"width\": 236, \"height\": 156, \"sizeInBytes\": 6354}}','982224dfcfc93740b4edfec7b512c09a_432019169b','.jpeg','image/jpeg',32.62,'/uploads/982224dfcfc93740b4edfec7b512c09a_432019169b.jpeg',NULL,'local',NULL,'/1','2025-05-07 01:21:33.540000','2025-05-07 01:21:33.540000','2025-05-07 01:21:33.541000',NULL,NULL,NULL),(51,'j5iq2wm7m6j63nig3dv7i1bc','1.png',NULL,NULL,300,300,'{\"thumbnail\": {\"ext\": \".png\", \"url\": \"/uploads/thumbnail_1_3ef2e8a46b.png\", \"hash\": \"thumbnail_1_3ef2e8a46b\", \"mime\": \"image/png\", \"name\": \"thumbnail_1.png\", \"path\": null, \"size\": 35.92, \"width\": 156, \"height\": 156, \"sizeInBytes\": 35920}}','1_3ef2e8a46b','.png','image/png',26.55,'/uploads/1_3ef2e8a46b.png',NULL,'local',NULL,'/1','2025-05-07 01:21:35.882000','2025-05-07 01:21:35.882000','2025-05-07 01:21:35.882000',NULL,NULL,NULL),(52,'b8dc371i0ktoy496z9xgujj9','6fa76320767088a87b5c7ed126e0c63e.jpeg',NULL,NULL,497,745,'{\"small\": {\"ext\": \".jpeg\", \"url\": \"/uploads/small_6fa76320767088a87b5c7ed126e0c63e_91f0309651.jpeg\", \"hash\": \"small_6fa76320767088a87b5c7ed126e0c63e_91f0309651\", \"mime\": \"image/jpeg\", \"name\": \"small_6fa76320767088a87b5c7ed126e0c63e.jpeg\", \"path\": null, \"size\": 18.32, \"width\": 334, \"height\": 500, \"sizeInBytes\": 18315}, \"thumbnail\": {\"ext\": \".jpeg\", \"url\": \"/uploads/thumbnail_6fa76320767088a87b5c7ed126e0c63e_91f0309651.jpeg\", \"hash\": \"thumbnail_6fa76320767088a87b5c7ed126e0c63e_91f0309651\", \"mime\": \"image/jpeg\", \"name\": \"thumbnail_6fa76320767088a87b5c7ed126e0c63e.jpeg\", \"path\": null, \"size\": 3.36, \"width\": 104, \"height\": 156, \"sizeInBytes\": 3355}}','6fa76320767088a87b5c7ed126e0c63e_91f0309651','.jpeg','image/jpeg',33.12,'/uploads/6fa76320767088a87b5c7ed126e0c63e_91f0309651.jpeg',NULL,'local',NULL,'/1','2025-05-07 01:21:39.746000','2025-05-07 01:21:39.746000','2025-05-07 01:21:39.746000',NULL,NULL,NULL),(53,'jdnhpkls683l409kt151ejfh','3.png',NULL,NULL,300,300,'{\"thumbnail\": {\"ext\": \".png\", \"url\": \"/uploads/thumbnail_3_1713fb710b.png\", \"hash\": \"thumbnail_3_1713fb710b\", \"mime\": \"image/png\", \"name\": \"thumbnail_3.png\", \"path\": null, \"size\": 16.97, \"width\": 156, \"height\": 156, \"sizeInBytes\": 16972}}','3_1713fb710b','.png','image/png',10.25,'/uploads/3_1713fb710b.png',NULL,'local',NULL,'/1','2025-05-07 01:23:22.142000','2025-05-07 01:23:22.142000','2025-05-07 01:23:22.142000',NULL,NULL,NULL),(54,'aed2vzlktpc2sb1itxr38xio','3d85e6922d1381cf400b88f938720875.jpeg',NULL,NULL,497,746,'{\"small\": {\"ext\": \".jpeg\", \"url\": \"/uploads/small_3d85e6922d1381cf400b88f938720875_fae807c10c.jpeg\", \"hash\": \"small_3d85e6922d1381cf400b88f938720875_fae807c10c\", \"mime\": \"image/jpeg\", \"name\": \"small_3d85e6922d1381cf400b88f938720875.jpeg\", \"path\": null, \"size\": 23.93, \"width\": 333, \"height\": 500, \"sizeInBytes\": 23933}, \"thumbnail\": {\"ext\": \".jpeg\", \"url\": \"/uploads/thumbnail_3d85e6922d1381cf400b88f938720875_fae807c10c.jpeg\", \"hash\": \"thumbnail_3d85e6922d1381cf400b88f938720875_fae807c10c\", \"mime\": \"image/jpeg\", \"name\": \"thumbnail_3d85e6922d1381cf400b88f938720875.jpeg\", \"path\": null, \"size\": 4.03, \"width\": 104, \"height\": 156, \"sizeInBytes\": 4026}}','3d85e6922d1381cf400b88f938720875_fae807c10c','.jpeg','image/jpeg',44.57,'/uploads/3d85e6922d1381cf400b88f938720875_fae807c10c.jpeg',NULL,'local',NULL,'/1','2025-05-07 01:30:48.782000','2025-05-07 01:30:48.782000','2025-05-07 01:30:48.783000',NULL,NULL,NULL),(55,'u30hpl4cinl5zcp0yewc17be','3.png',NULL,NULL,300,300,'{\"thumbnail\": {\"ext\": \".png\", \"url\": \"/uploads/thumbnail_3_f8dfcf7cff.png\", \"hash\": \"thumbnail_3_f8dfcf7cff\", \"mime\": \"image/png\", \"name\": \"thumbnail_3.png\", \"path\": null, \"size\": 16.97, \"width\": 156, \"height\": 156, \"sizeInBytes\": 16972}}','3_f8dfcf7cff','.png','image/png',10.25,'/uploads/3_f8dfcf7cff.png',NULL,'local',NULL,'/1','2025-05-07 01:30:50.799000','2025-05-07 01:30:50.799000','2025-05-07 01:30:50.799000',NULL,NULL,NULL),(56,'b3jbr6uww2mzmvm8ilm9h3l8','3.png',NULL,NULL,300,300,'{\"thumbnail\": {\"ext\": \".png\", \"url\": \"/uploads/thumbnail_3_80a6beb3e3.png\", \"hash\": \"thumbnail_3_80a6beb3e3\", \"mime\": \"image/png\", \"name\": \"thumbnail_3.png\", \"path\": null, \"size\": 16.97, \"width\": 156, \"height\": 156, \"sizeInBytes\": 16972}}','3_80a6beb3e3','.png','image/png',10.25,'/uploads/3_80a6beb3e3.png',NULL,'local',NULL,'/1','2025-05-07 01:30:58.842000','2025-05-07 01:30:58.842000','2025-05-07 01:30:58.842000',NULL,NULL,NULL),(57,'ev943pzbbf824pb6v9mzfm2u','1.png',NULL,NULL,300,300,'{\"thumbnail\": {\"ext\": \".png\", \"url\": \"/uploads/thumbnail_1_15e41a4192.png\", \"hash\": \"thumbnail_1_15e41a4192\", \"mime\": \"image/png\", \"name\": \"thumbnail_1.png\", \"path\": null, \"size\": 35.92, \"width\": 156, \"height\": 156, \"sizeInBytes\": 35920}}','1_15e41a4192','.png','image/png',26.55,'/uploads/1_15e41a4192.png',NULL,'local',NULL,'/1','2025-05-07 01:31:00.899000','2025-05-07 01:31:00.899000','2025-05-07 01:31:00.899000',NULL,NULL,NULL),(58,'t5kbolveqrzgak8sotldkq2x','2.png',NULL,NULL,300,300,'{\"thumbnail\": {\"ext\": \".png\", \"url\": \"/uploads/thumbnail_2_341b4756da.png\", \"hash\": \"thumbnail_2_341b4756da\", \"mime\": \"image/png\", \"name\": \"thumbnail_2.png\", \"path\": null, \"size\": 26.96, \"width\": 156, \"height\": 156, \"sizeInBytes\": 26957}}','2_341b4756da','.png','image/png',19.19,'/uploads/2_341b4756da.png',NULL,'local',NULL,'/1','2025-05-07 01:31:07.909000','2025-05-07 01:31:07.909000','2025-05-07 01:31:07.909000',NULL,NULL,NULL),(59,'zz4jghyyut1a4wivijuy50us','6b04eb316c9b69db437a8ad7bdc7b939.jpeg',NULL,NULL,497,745,'{\"small\": {\"ext\": \".jpeg\", \"url\": \"/uploads/small_6b04eb316c9b69db437a8ad7bdc7b939_206c75b4b1.jpeg\", \"hash\": \"small_6b04eb316c9b69db437a8ad7bdc7b939_206c75b4b1\", \"mime\": \"image/jpeg\", \"name\": \"small_6b04eb316c9b69db437a8ad7bdc7b939.jpeg\", \"path\": null, \"size\": 31.42, \"width\": 334, \"height\": 500, \"sizeInBytes\": 31422}, \"thumbnail\": {\"ext\": \".jpeg\", \"url\": \"/uploads/thumbnail_6b04eb316c9b69db437a8ad7bdc7b939_206c75b4b1.jpeg\", \"hash\": \"thumbnail_6b04eb316c9b69db437a8ad7bdc7b939_206c75b4b1\", \"mime\": \"image/jpeg\", \"name\": \"thumbnail_6b04eb316c9b69db437a8ad7bdc7b939.jpeg\", \"path\": null, \"size\": 5.78, \"width\": 104, \"height\": 156, \"sizeInBytes\": 5778}}','6b04eb316c9b69db437a8ad7bdc7b939_206c75b4b1','.jpeg','image/jpeg',57.19,'/uploads/6b04eb316c9b69db437a8ad7bdc7b939_206c75b4b1.jpeg',NULL,'local',NULL,'/1','2025-05-07 01:31:09.789000','2025-05-07 01:31:09.789000','2025-05-07 01:31:09.789000',NULL,NULL,NULL),(60,'bf1oeeaj4khvse3ja0nvsmkv','3.png',NULL,NULL,300,300,'{\"thumbnail\": {\"ext\": \".png\", \"url\": \"/uploads/thumbnail_3_513a8a177a.png\", \"hash\": \"thumbnail_3_513a8a177a\", \"mime\": \"image/png\", \"name\": \"thumbnail_3.png\", \"path\": null, \"size\": 16.97, \"width\": 156, \"height\": 156, \"sizeInBytes\": 16972}}','3_513a8a177a','.png','image/png',10.25,'/uploads/3_513a8a177a.png',NULL,'local',NULL,'/1','2025-05-07 01:31:14.069000','2025-05-07 01:31:14.069000','2025-05-07 01:31:14.069000',NULL,NULL,NULL),(61,'wl5r4aq8pczv60hrwz3dvaic','1.png',NULL,NULL,300,300,'{\"thumbnail\": {\"ext\": \".png\", \"url\": \"/uploads/thumbnail_1_16e0ccf9ad.png\", \"hash\": \"thumbnail_1_16e0ccf9ad\", \"mime\": \"image/png\", \"name\": \"thumbnail_1.png\", \"path\": null, \"size\": 35.92, \"width\": 156, \"height\": 156, \"sizeInBytes\": 35920}}','1_16e0ccf9ad','.png','image/png',26.55,'/uploads/1_16e0ccf9ad.png',NULL,'local',NULL,'/1','2025-05-07 01:33:04.083000','2025-05-07 01:33:04.083000','2025-05-07 01:33:04.084000',NULL,NULL,NULL),(62,'wgqww8yaut50mqqe5r3g77jd','2.png',NULL,NULL,300,300,'{\"thumbnail\": {\"ext\": \".png\", \"url\": \"/uploads/thumbnail_2_8cc6597c33.png\", \"hash\": \"thumbnail_2_8cc6597c33\", \"mime\": \"image/png\", \"name\": \"thumbnail_2.png\", \"path\": null, \"size\": 26.96, \"width\": 156, \"height\": 156, \"sizeInBytes\": 26957}}','2_8cc6597c33','.png','image/png',19.19,'/uploads/2_8cc6597c33.png',NULL,'local',NULL,'/1','2025-05-07 01:33:06.608000','2025-05-07 01:33:06.608000','2025-05-07 01:33:06.608000',NULL,NULL,NULL),(63,'sfhkrz5l8507l318f2k393mg','4.png',NULL,NULL,300,300,'{\"thumbnail\": {\"ext\": \".png\", \"url\": \"/uploads/thumbnail_4_d1b92ecb72.png\", \"hash\": \"thumbnail_4_d1b92ecb72\", \"mime\": \"image/png\", \"name\": \"thumbnail_4.png\", \"path\": null, \"size\": 44.59, \"width\": 156, \"height\": 156, \"sizeInBytes\": 44588}}','4_d1b92ecb72','.png','image/png',40.82,'/uploads/4_d1b92ecb72.png',NULL,'local',NULL,'/1','2025-05-07 01:33:23.476000','2025-05-07 01:33:23.476000','2025-05-07 01:33:23.476000',NULL,NULL,NULL),(64,'aig89dijh4yh2mb2ibwshyq8','2.png',NULL,NULL,300,300,'{\"thumbnail\": {\"ext\": \".png\", \"url\": \"/uploads/thumbnail_2_847d74caa6.png\", \"hash\": \"thumbnail_2_847d74caa6\", \"mime\": \"image/png\", \"name\": \"thumbnail_2.png\", \"path\": null, \"size\": 26.96, \"width\": 156, \"height\": 156, \"sizeInBytes\": 26957}}','2_847d74caa6','.png','image/png',19.19,'/uploads/2_847d74caa6.png',NULL,'local',NULL,'/1','2025-05-07 01:33:25.797000','2025-05-07 01:33:25.797000','2025-05-07 01:33:25.797000',NULL,NULL,NULL),(65,'p93yth10ye01zfow7s46t5tk','3.png',NULL,NULL,300,300,'{\"thumbnail\": {\"ext\": \".png\", \"url\": \"/uploads/thumbnail_3_f27f9de189.png\", \"hash\": \"thumbnail_3_f27f9de189\", \"mime\": \"image/png\", \"name\": \"thumbnail_3.png\", \"path\": null, \"size\": 16.97, \"width\": 156, \"height\": 156, \"sizeInBytes\": 16972}}','3_f27f9de189','.png','image/png',10.25,'/uploads/3_f27f9de189.png',NULL,'local',NULL,'/1','2025-05-07 01:35:06.826000','2025-05-07 01:35:06.826000','2025-05-07 01:35:06.826000',NULL,NULL,NULL),(66,'srrettssnen7n35el29z2sw7','1.png',NULL,NULL,300,300,'{\"thumbnail\": {\"ext\": \".png\", \"url\": \"/uploads/thumbnail_1_e5c5736c1a.png\", \"hash\": \"thumbnail_1_e5c5736c1a\", \"mime\": \"image/png\", \"name\": \"thumbnail_1.png\", \"path\": null, \"size\": 35.92, \"width\": 156, \"height\": 156, \"sizeInBytes\": 35920}}','1_e5c5736c1a','.png','image/png',26.55,'/uploads/1_e5c5736c1a.png',NULL,'local',NULL,'/1','2025-05-07 01:35:08.856000','2025-05-07 01:35:08.856000','2025-05-07 01:35:08.856000',NULL,NULL,NULL),(67,'amdrwbbehzjl3ee3xk1wvx66','1.png',NULL,NULL,300,300,'{\"thumbnail\": {\"ext\": \".png\", \"url\": \"/uploads/thumbnail_1_77b1c5b98c.png\", \"hash\": \"thumbnail_1_77b1c5b98c\", \"mime\": \"image/png\", \"name\": \"thumbnail_1.png\", \"path\": null, \"size\": 35.92, \"width\": 156, \"height\": 156, \"sizeInBytes\": 35920}}','1_77b1c5b98c','.png','image/png',26.55,'/uploads/1_77b1c5b98c.png',NULL,'local',NULL,'/1','2025-05-07 01:53:04.355000','2025-05-07 01:53:04.355000','2025-05-07 01:53:04.355000',NULL,NULL,NULL),(68,'lji16jz4f7rudgc70pfizjcf','3.png',NULL,NULL,300,300,'{\"thumbnail\": {\"ext\": \".png\", \"url\": \"/uploads/thumbnail_3_a75ccb787b.png\", \"hash\": \"thumbnail_3_a75ccb787b\", \"mime\": \"image/png\", \"name\": \"thumbnail_3.png\", \"path\": null, \"size\": 16.97, \"width\": 156, \"height\": 156, \"sizeInBytes\": 16972}}','3_a75ccb787b','.png','image/png',10.25,'/uploads/3_a75ccb787b.png',NULL,'local',NULL,'/1','2025-05-07 01:53:05.695000','2025-05-07 01:53:05.695000','2025-05-07 01:53:05.695000',NULL,NULL,NULL),(69,'qqdvi1ososr7ip49gh7f93rb','2.png',NULL,NULL,300,300,'{\"thumbnail\": {\"ext\": \".png\", \"url\": \"/uploads/thumbnail_2_e43f80f3b1.png\", \"hash\": \"thumbnail_2_e43f80f3b1\", \"mime\": \"image/png\", \"name\": \"thumbnail_2.png\", \"path\": null, \"size\": 26.96, \"width\": 156, \"height\": 156, \"sizeInBytes\": 26957}}','2_e43f80f3b1','.png','image/png',19.19,'/uploads/2_e43f80f3b1.png',NULL,'local',NULL,'/1','2025-05-07 01:57:33.298000','2025-05-07 01:57:33.298000','2025-05-07 01:57:33.298000',NULL,NULL,NULL),(70,'z8pt8o1nk8mmudiyrt72ne4r','6b04eb316c9b69db437a8ad7bdc7b939.jpeg',NULL,NULL,497,745,'{\"small\": {\"ext\": \".jpeg\", \"url\": \"/uploads/small_6b04eb316c9b69db437a8ad7bdc7b939_8744d9df88.jpeg\", \"hash\": \"small_6b04eb316c9b69db437a8ad7bdc7b939_8744d9df88\", \"mime\": \"image/jpeg\", \"name\": \"small_6b04eb316c9b69db437a8ad7bdc7b939.jpeg\", \"path\": null, \"size\": 31.42, \"width\": 334, \"height\": 500, \"sizeInBytes\": 31422}, \"thumbnail\": {\"ext\": \".jpeg\", \"url\": \"/uploads/thumbnail_6b04eb316c9b69db437a8ad7bdc7b939_8744d9df88.jpeg\", \"hash\": \"thumbnail_6b04eb316c9b69db437a8ad7bdc7b939_8744d9df88\", \"mime\": \"image/jpeg\", \"name\": \"thumbnail_6b04eb316c9b69db437a8ad7bdc7b939.jpeg\", \"path\": null, \"size\": 5.78, \"width\": 104, \"height\": 156, \"sizeInBytes\": 5778}}','6b04eb316c9b69db437a8ad7bdc7b939_8744d9df88','.jpeg','image/jpeg',57.19,'/uploads/6b04eb316c9b69db437a8ad7bdc7b939_8744d9df88.jpeg',NULL,'local',NULL,'/1','2025-05-07 01:57:39.960000','2025-05-07 01:57:39.960000','2025-05-07 01:57:39.961000',NULL,NULL,NULL),(71,'as50oty5bxkkk3dz5q7pns94','3d85e6922d1381cf400b88f938720875.jpeg',NULL,NULL,497,746,'{\"small\": {\"ext\": \".jpeg\", \"url\": \"/uploads/small_3d85e6922d1381cf400b88f938720875_3c98e329f2.jpeg\", \"hash\": \"small_3d85e6922d1381cf400b88f938720875_3c98e329f2\", \"mime\": \"image/jpeg\", \"name\": \"small_3d85e6922d1381cf400b88f938720875.jpeg\", \"path\": null, \"size\": 23.93, \"width\": 333, \"height\": 500, \"sizeInBytes\": 23933}, \"thumbnail\": {\"ext\": \".jpeg\", \"url\": \"/uploads/thumbnail_3d85e6922d1381cf400b88f938720875_3c98e329f2.jpeg\", \"hash\": \"thumbnail_3d85e6922d1381cf400b88f938720875_3c98e329f2\", \"mime\": \"image/jpeg\", \"name\": \"thumbnail_3d85e6922d1381cf400b88f938720875.jpeg\", \"path\": null, \"size\": 4.03, \"width\": 104, \"height\": 156, \"sizeInBytes\": 4026}}','3d85e6922d1381cf400b88f938720875_3c98e329f2','.jpeg','image/jpeg',44.57,'/uploads/3d85e6922d1381cf400b88f938720875_3c98e329f2.jpeg',NULL,'local',NULL,'/1','2025-05-07 02:04:27.182000','2025-05-07 02:04:27.182000','2025-05-07 02:04:27.182000',NULL,NULL,NULL),(72,'ivv0ihn0gx13d4mwitiawkva','%E0%B8%9A%E0%B8%97%E0%B8%84%E0%B8%A7%E0%B8%B2%E0%B8%A1.pdf',NULL,NULL,NULL,NULL,NULL,'E0_B8_9_A_E0_B8_97_E0_B8_84_E0_B8_A7_E0_B8_B2_E0_B8_A1_bff7398f38','.pdf','application/pdf',972.99,'/uploads/E0_B8_9_A_E0_B8_97_E0_B8_84_E0_B8_A7_E0_B8_B2_E0_B8_A1_bff7398f38.pdf',NULL,'local',NULL,'/1','2025-05-07 02:04:51.874000','2025-05-07 02:04:51.874000','2025-05-07 02:04:51.875000',NULL,NULL,NULL),(73,'nhwuvn1ksq3yue2iedthd7jh','%E0%B8%9A%E0%B8%97%E0%B8%84%E0%B8%A7%E0%B8%B2%E0%B8%A1.pdf',NULL,NULL,NULL,NULL,NULL,'E0_B8_9_A_E0_B8_97_E0_B8_84_E0_B8_A7_E0_B8_B2_E0_B8_A1_ba3811020b','.pdf','application/pdf',972.99,'/uploads/E0_B8_9_A_E0_B8_97_E0_B8_84_E0_B8_A7_E0_B8_B2_E0_B8_A1_ba3811020b.pdf',NULL,'local',NULL,'/1','2025-05-07 02:08:48.054000','2025-05-07 02:08:48.054000','2025-05-07 02:08:48.054000',NULL,NULL,NULL),(74,'d4h535c12coqa848f9vjojip','1.png',NULL,NULL,300,300,'{\"thumbnail\": {\"ext\": \".png\", \"url\": \"/uploads/thumbnail_1_c86f383e9a.png\", \"hash\": \"thumbnail_1_c86f383e9a\", \"mime\": \"image/png\", \"name\": \"thumbnail_1.png\", \"path\": null, \"size\": 35.92, \"width\": 156, \"height\": 156, \"sizeInBytes\": 35920}}','1_c86f383e9a','.png','image/png',26.55,'/uploads/1_c86f383e9a.png',NULL,'local',NULL,'/1','2025-05-07 04:03:42.019000','2025-05-07 04:03:42.019000','2025-05-07 04:03:42.020000',NULL,NULL,NULL),(75,'shi4du2w3yuoejvlfvzjdfd2','02-chapter2_2.pdf',NULL,NULL,NULL,NULL,NULL,'02_chapter2_2_b1157cb265','.pdf','application/pdf',331.49,'/uploads/02_chapter2_2_b1157cb265.pdf',NULL,'local',NULL,'/1','2025-05-07 04:05:08.476000','2025-05-07 04:05:08.476000','2025-05-07 04:05:08.476000',NULL,NULL,NULL),(76,'dy1ztjjiv7sjfl3evkhw7occ','6fa76320767088a87b5c7ed126e0c63e.jpeg',NULL,NULL,497,745,'{\"small\": {\"ext\": \".jpeg\", \"url\": \"/uploads/small_6fa76320767088a87b5c7ed126e0c63e_43f09d76a3.jpeg\", \"hash\": \"small_6fa76320767088a87b5c7ed126e0c63e_43f09d76a3\", \"mime\": \"image/jpeg\", \"name\": \"small_6fa76320767088a87b5c7ed126e0c63e.jpeg\", \"path\": null, \"size\": 18.32, \"width\": 334, \"height\": 500, \"sizeInBytes\": 18315}, \"thumbnail\": {\"ext\": \".jpeg\", \"url\": \"/uploads/thumbnail_6fa76320767088a87b5c7ed126e0c63e_43f09d76a3.jpeg\", \"hash\": \"thumbnail_6fa76320767088a87b5c7ed126e0c63e_43f09d76a3\", \"mime\": \"image/jpeg\", \"name\": \"thumbnail_6fa76320767088a87b5c7ed126e0c63e.jpeg\", \"path\": null, \"size\": 3.36, \"width\": 104, \"height\": 156, \"sizeInBytes\": 3355}}','6fa76320767088a87b5c7ed126e0c63e_43f09d76a3','.jpeg','image/jpeg',33.12,'/uploads/6fa76320767088a87b5c7ed126e0c63e_43f09d76a3.jpeg',NULL,'local',NULL,'/1','2025-05-07 04:05:14.319000','2025-05-07 04:05:14.319000','2025-05-07 04:05:14.319000',NULL,NULL,NULL),(77,'u7lbb79mzmq6r190265j3lod','2.png',NULL,NULL,300,300,'{\"thumbnail\": {\"ext\": \".png\", \"url\": \"/uploads/thumbnail_2_7ac7e1f7bd.png\", \"hash\": \"thumbnail_2_7ac7e1f7bd\", \"mime\": \"image/png\", \"name\": \"thumbnail_2.png\", \"path\": null, \"size\": 26.96, \"width\": 156, \"height\": 156, \"sizeInBytes\": 26957}}','2_7ac7e1f7bd','.png','image/png',19.19,'/uploads/2_7ac7e1f7bd.png',NULL,'local',NULL,'/1','2025-05-07 04:07:24.953000','2025-05-07 04:07:24.953000','2025-05-07 04:07:24.953000',NULL,NULL,NULL),(78,'m0dyq5kiiqtwt3jr9fwhhczj','3.png',NULL,NULL,300,300,'{\"thumbnail\": {\"ext\": \".png\", \"url\": \"/uploads/thumbnail_3_08557eaa7c.png\", \"hash\": \"thumbnail_3_08557eaa7c\", \"mime\": \"image/png\", \"name\": \"thumbnail_3.png\", \"path\": null, \"size\": 16.97, \"width\": 156, \"height\": 156, \"sizeInBytes\": 16972}}','3_08557eaa7c','.png','image/png',10.25,'/uploads/3_08557eaa7c.png',NULL,'local',NULL,'/1','2025-05-07 04:07:56.765000','2025-05-07 04:07:56.765000','2025-05-07 04:07:56.765000',NULL,NULL,NULL),(79,'kpyum4so2ig1qe1f6gyxb96p','3.%E0%B8%8A%E0%B8%B1%E0%B8%93%E0%B8%A9%E0%B8%B2+50-66.pdf',NULL,NULL,NULL,NULL,NULL,'3_E0_B8_8_A_E0_B8_B1_E0_B8_93_E0_B8_A9_E0_B8_B2_50_66_1cb5dca2b6','.pdf','application/pdf',774.68,'/uploads/3_E0_B8_8_A_E0_B8_B1_E0_B8_93_E0_B8_A9_E0_B8_B2_50_66_1cb5dca2b6.pdf',NULL,'local',NULL,'/1','2025-05-07 04:07:59.370000','2025-05-07 04:07:59.370000','2025-05-07 04:07:59.370000',NULL,NULL,NULL),(80,'w8emthrmpvv76ppnl4odik7k','1.png',NULL,NULL,300,300,'{\"thumbnail\": {\"ext\": \".png\", \"url\": \"/uploads/thumbnail_1_1330bef391.png\", \"hash\": \"thumbnail_1_1330bef391\", \"mime\": \"image/png\", \"name\": \"thumbnail_1.png\", \"path\": null, \"size\": 35.92, \"width\": 156, \"height\": 156, \"sizeInBytes\": 35920}}','1_1330bef391','.png','image/png',26.55,'/uploads/1_1330bef391.png',NULL,'local',NULL,'/1','2025-05-07 04:08:50.075000','2025-05-07 04:08:50.075000','2025-05-07 04:08:50.075000',NULL,NULL,NULL),(81,'tlitawsn7ecuieazjslak40y','%E0%B8%9A%E0%B8%97%E0%B8%84%E0%B8%A7%E0%B8%B2%E0%B8%A1.pdf',NULL,NULL,NULL,NULL,NULL,'E0_B8_9_A_E0_B8_97_E0_B8_84_E0_B8_A7_E0_B8_B2_E0_B8_A1_20330bf25d','.pdf','application/pdf',972.99,'/uploads/E0_B8_9_A_E0_B8_97_E0_B8_84_E0_B8_A7_E0_B8_B2_E0_B8_A1_20330bf25d.pdf',NULL,'local',NULL,'/1','2025-05-07 04:08:56.348000','2025-05-07 04:08:56.348000','2025-05-07 04:08:56.348000',NULL,NULL,NULL),(82,'dgy03z2j3fjd9e197ylfuf91','02-chapter2_2.pdf',NULL,NULL,NULL,NULL,NULL,'02_chapter2_2_aca21ac49e','.pdf','application/pdf',331.49,'/uploads/02_chapter2_2_aca21ac49e.pdf',NULL,'local',NULL,'/1','2025-05-07 04:15:22.029000','2025-05-07 04:15:22.029000','2025-05-07 04:15:22.029000',NULL,NULL,NULL),(83,'fdq74aweellzgtttjsr69rim','1.png',NULL,NULL,300,300,'{\"thumbnail\": {\"ext\": \".png\", \"url\": \"/uploads/thumbnail_1_ace5b8996c.png\", \"hash\": \"thumbnail_1_ace5b8996c\", \"mime\": \"image/png\", \"name\": \"thumbnail_1.png\", \"path\": null, \"size\": 35.92, \"width\": 156, \"height\": 156, \"sizeInBytes\": 35920}}','1_ace5b8996c','.png','image/png',26.55,'/uploads/1_ace5b8996c.png',NULL,'local',NULL,'/1','2025-05-07 04:15:23.736000','2025-05-07 04:15:23.736000','2025-05-07 04:15:23.736000',NULL,NULL,NULL),(84,'hpvxk8qpas7pjtksestx1p5l','1.png',NULL,NULL,300,300,'{\"thumbnail\": {\"ext\": \".png\", \"url\": \"/uploads/thumbnail_1_6f2ed52183.png\", \"hash\": \"thumbnail_1_6f2ed52183\", \"mime\": \"image/png\", \"name\": \"thumbnail_1.png\", \"path\": null, \"size\": 35.92, \"width\": 156, \"height\": 156, \"sizeInBytes\": 35920}}','1_6f2ed52183','.png','image/png',26.55,'/uploads/1_6f2ed52183.png',NULL,'local',NULL,'/1','2025-05-07 06:32:06.861000','2025-05-07 06:32:06.861000','2025-05-07 06:32:06.861000',NULL,NULL,NULL),(85,'k8bt3tl83y1g3fc861zbklw2','02-chapter2_2.pdf',NULL,NULL,NULL,NULL,NULL,'02_chapter2_2_45646287c6','.pdf','application/pdf',331.49,'/uploads/02_chapter2_2_45646287c6.pdf',NULL,'local',NULL,'/1','2025-05-07 06:32:09.174000','2025-05-07 06:32:09.174000','2025-05-07 06:32:09.174000',NULL,NULL,NULL),(86,'srlg1x1lkj60n96erf4xqkxu','3.%E0%B8%8A%E0%B8%B1%E0%B8%93%E0%B8%A9%E0%B8%B2+50-66.pdf',NULL,NULL,NULL,NULL,NULL,'3_E0_B8_8_A_E0_B8_B1_E0_B8_93_E0_B8_A9_E0_B8_B2_50_66_9cc52c945c','.pdf','application/pdf',774.68,'/uploads/3_E0_B8_8_A_E0_B8_B1_E0_B8_93_E0_B8_A9_E0_B8_B2_50_66_9cc52c945c.pdf',NULL,'local',NULL,'/1','2025-05-07 06:32:41.097000','2025-05-07 06:32:41.097000','2025-05-07 06:32:41.097000',NULL,NULL,NULL),(87,'ibxdo75n3qls58njd4zk2vn9','3.png',NULL,NULL,300,300,'{\"thumbnail\": {\"ext\": \".png\", \"url\": \"/uploads/thumbnail_3_95808717f6.png\", \"hash\": \"thumbnail_3_95808717f6\", \"mime\": \"image/png\", \"name\": \"thumbnail_3.png\", \"path\": null, \"size\": 16.97, \"width\": 156, \"height\": 156, \"sizeInBytes\": 16972}}','3_95808717f6','.png','image/png',10.25,'/uploads/3_95808717f6.png',NULL,'local',NULL,'/1','2025-05-07 06:32:42.780000','2025-05-07 06:32:42.780000','2025-05-07 06:32:42.780000',NULL,NULL,NULL),(88,'uttac26abxtwng4r4rw4a78t','%E0%B8%9A%E0%B8%97%E0%B8%84%E0%B8%A7%E0%B8%B2%E0%B8%A1.pdf',NULL,NULL,NULL,NULL,NULL,'E0_B8_9_A_E0_B8_97_E0_B8_84_E0_B8_A7_E0_B8_B2_E0_B8_A1_52d0cba755','.pdf','application/pdf',972.99,'/uploads/E0_B8_9_A_E0_B8_97_E0_B8_84_E0_B8_A7_E0_B8_B2_E0_B8_A1_52d0cba755.pdf',NULL,'local',NULL,'/1','2025-05-07 06:34:06.842000','2025-05-07 06:34:06.842000','2025-05-07 06:34:06.842000',NULL,NULL,NULL),(89,'i763v586m2ib7cobhygaqvfj','2.png',NULL,NULL,300,300,'{\"thumbnail\": {\"ext\": \".png\", \"url\": \"/uploads/thumbnail_2_1952d79d21.png\", \"hash\": \"thumbnail_2_1952d79d21\", \"mime\": \"image/png\", \"name\": \"thumbnail_2.png\", \"path\": null, \"size\": 26.96, \"width\": 156, \"height\": 156, \"sizeInBytes\": 26957}}','2_1952d79d21','.png','image/png',19.19,'/uploads/2_1952d79d21.png',NULL,'local',NULL,'/1','2025-05-07 06:34:27.764000','2025-05-07 06:34:27.764000','2025-05-07 06:34:27.764000',NULL,NULL,NULL),(90,'iv9bzyck6vrqm7pthc8oi1ir','1.png',NULL,NULL,300,300,'{\"thumbnail\": {\"ext\": \".png\", \"url\": \"/uploads/thumbnail_1_0ebb87526c.png\", \"hash\": \"thumbnail_1_0ebb87526c\", \"mime\": \"image/png\", \"name\": \"thumbnail_1.png\", \"path\": null, \"size\": 35.92, \"width\": 156, \"height\": 156, \"sizeInBytes\": 35920}}','1_0ebb87526c','.png','image/png',26.55,'/uploads/1_0ebb87526c.png',NULL,'local',NULL,'/1','2025-05-07 06:35:11.909000','2025-05-07 06:35:11.909000','2025-05-07 06:35:11.909000',NULL,NULL,NULL),(91,'vm15rkypggikuj4jx30b4arw','2.png',NULL,NULL,300,300,'{\"thumbnail\": {\"ext\": \".png\", \"url\": \"/uploads/thumbnail_2_da4cf8d6a3.png\", \"hash\": \"thumbnail_2_da4cf8d6a3\", \"mime\": \"image/png\", \"name\": \"thumbnail_2.png\", \"path\": null, \"size\": 26.96, \"width\": 156, \"height\": 156, \"sizeInBytes\": 26957}}','2_da4cf8d6a3','.png','image/png',19.19,'/uploads/2_da4cf8d6a3.png',NULL,'local',NULL,'/1','2025-05-07 06:35:13.929000','2025-05-07 06:35:13.929000','2025-05-07 06:35:13.929000',NULL,NULL,NULL),(92,'m1y0hngcnyczyc8vwaz7zxdz','%E0%B8%9A%E0%B8%97%E0%B8%84%E0%B8%A7%E0%B8%B2%E0%B8%A1.pdf',NULL,NULL,NULL,NULL,NULL,'E0_B8_9_A_E0_B8_97_E0_B8_84_E0_B8_A7_E0_B8_B2_E0_B8_A1_fdcb95f7f7','.pdf','application/pdf',972.99,'/uploads/E0_B8_9_A_E0_B8_97_E0_B8_84_E0_B8_A7_E0_B8_B2_E0_B8_A1_fdcb95f7f7.pdf',NULL,'local',NULL,'/1','2025-05-07 06:35:32.480000','2025-05-07 06:35:32.480000','2025-05-07 06:35:32.480000',NULL,NULL,NULL),(93,'pp2579169h7v7rpx750mh29f','%E0%B8%9A%E0%B8%97%E0%B8%84%E0%B8%A7%E0%B8%B2%E0%B8%A1.pdf',NULL,NULL,NULL,NULL,NULL,'E0_B8_9_A_E0_B8_97_E0_B8_84_E0_B8_A7_E0_B8_B2_E0_B8_A1_24e8c5b0c2','.pdf','application/pdf',972.99,'/uploads/E0_B8_9_A_E0_B8_97_E0_B8_84_E0_B8_A7_E0_B8_B2_E0_B8_A1_24e8c5b0c2.pdf',NULL,'local',NULL,'/1','2025-05-07 06:35:44.367000','2025-05-07 06:35:44.367000','2025-05-07 06:35:44.367000',NULL,NULL,NULL),(94,'n9fxvaek8a9g4wnepcn3fu6h','3.png',NULL,NULL,300,300,'{\"thumbnail\": {\"ext\": \".png\", \"url\": \"/uploads/thumbnail_3_b2e1c17819.png\", \"hash\": \"thumbnail_3_b2e1c17819\", \"mime\": \"image/png\", \"name\": \"thumbnail_3.png\", \"path\": null, \"size\": 16.97, \"width\": 156, \"height\": 156, \"sizeInBytes\": 16972}}','3_b2e1c17819','.png','image/png',10.25,'/uploads/3_b2e1c17819.png',NULL,'local',NULL,'/1','2025-05-07 06:35:52.109000','2025-05-07 06:35:52.109000','2025-05-07 06:35:52.109000',NULL,NULL,NULL),(95,'xbkqexj45n9yn5aqbnanzzfd','2.png',NULL,NULL,300,300,'{\"thumbnail\": {\"ext\": \".png\", \"url\": \"/uploads/thumbnail_2_d1a8887820.png\", \"hash\": \"thumbnail_2_d1a8887820\", \"mime\": \"image/png\", \"name\": \"thumbnail_2.png\", \"path\": null, \"size\": 26.96, \"width\": 156, \"height\": 156, \"sizeInBytes\": 26957}}','2_d1a8887820','.png','image/png',19.19,'/uploads/2_d1a8887820.png',NULL,'local',NULL,'/1','2025-05-07 06:35:54.178000','2025-05-07 06:35:54.178000','2025-05-07 06:35:54.179000',NULL,NULL,NULL),(96,'kmt1hdr6yba94avnqkvytv8u','1.png',NULL,NULL,300,300,'{\"thumbnail\": {\"ext\": \".png\", \"url\": \"/uploads/thumbnail_1_36e1c25bed.png\", \"hash\": \"thumbnail_1_36e1c25bed\", \"mime\": \"image/png\", \"name\": \"thumbnail_1.png\", \"path\": null, \"size\": 35.92, \"width\": 156, \"height\": 156, \"sizeInBytes\": 35920}}','1_36e1c25bed','.png','image/png',26.55,'/uploads/1_36e1c25bed.png',NULL,'local',NULL,'/1','2025-05-07 06:36:30.766000','2025-05-07 06:36:30.766000','2025-05-07 06:36:30.766000',NULL,NULL,NULL),(97,'jl1mouw1q6lrua7vjl1h3t7a','2.png',NULL,NULL,300,300,'{\"thumbnail\": {\"ext\": \".png\", \"url\": \"/uploads/thumbnail_2_31fa23c2cb.png\", \"hash\": \"thumbnail_2_31fa23c2cb\", \"mime\": \"image/png\", \"name\": \"thumbnail_2.png\", \"path\": null, \"size\": 26.96, \"width\": 156, \"height\": 156, \"sizeInBytes\": 26957}}','2_31fa23c2cb','.png','image/png',19.19,'/uploads/2_31fa23c2cb.png',NULL,'local',NULL,'/1','2025-05-07 06:36:32.381000','2025-05-07 06:36:32.381000','2025-05-07 06:36:32.381000',NULL,NULL,NULL),(98,'o7njuujvy0rrqtzbnsk0de0h','1.png',NULL,NULL,300,300,'{\"thumbnail\": {\"ext\": \".png\", \"url\": \"/uploads/thumbnail_1_bced72015e.png\", \"hash\": \"thumbnail_1_bced72015e\", \"mime\": \"image/png\", \"name\": \"thumbnail_1.png\", \"path\": null, \"size\": 35.92, \"width\": 156, \"height\": 156, \"sizeInBytes\": 35920}}','1_bced72015e','.png','image/png',26.55,'/uploads/1_bced72015e.png',NULL,'local',NULL,'/1','2025-05-07 06:36:49.347000','2025-05-07 06:36:49.347000','2025-05-07 06:36:49.348000',NULL,NULL,NULL),(99,'td2tjodtl3wruxg5dafo710j','2.png',NULL,NULL,300,300,'{\"thumbnail\": {\"ext\": \".png\", \"url\": \"/uploads/thumbnail_2_c90334d01d.png\", \"hash\": \"thumbnail_2_c90334d01d\", \"mime\": \"image/png\", \"name\": \"thumbnail_2.png\", \"path\": null, \"size\": 26.96, \"width\": 156, \"height\": 156, \"sizeInBytes\": 26957}}','2_c90334d01d','.png','image/png',19.19,'/uploads/2_c90334d01d.png',NULL,'local',NULL,'/1','2025-05-07 06:36:51.573000','2025-05-07 06:36:51.573000','2025-05-07 06:36:51.573000',NULL,NULL,NULL),(100,'b7oftzu1r9dn8v08xbrxgpjf','3.png',NULL,NULL,300,300,'{\"thumbnail\": {\"ext\": \".png\", \"url\": \"/uploads/thumbnail_3_8c803b7813.png\", \"hash\": \"thumbnail_3_8c803b7813\", \"mime\": \"image/png\", \"name\": \"thumbnail_3.png\", \"path\": null, \"size\": 16.97, \"width\": 156, \"height\": 156, \"sizeInBytes\": 16972}}','3_8c803b7813','.png','image/png',10.25,'/uploads/3_8c803b7813.png',NULL,'local',NULL,'/1','2025-05-07 06:37:43.885000','2025-05-07 06:37:43.885000','2025-05-07 06:37:43.885000',NULL,NULL,NULL),(101,'qdxfhpp7bp1ahqt3wjx8whbz','1.png',NULL,NULL,300,300,'{\"thumbnail\": {\"ext\": \".png\", \"url\": \"/uploads/thumbnail_1_cf16d884f5.png\", \"hash\": \"thumbnail_1_cf16d884f5\", \"mime\": \"image/png\", \"name\": \"thumbnail_1.png\", \"path\": null, \"size\": 35.92, \"width\": 156, \"height\": 156, \"sizeInBytes\": 35920}}','1_cf16d884f5','.png','image/png',26.55,'/uploads/1_cf16d884f5.png',NULL,'local',NULL,'/1','2025-05-07 06:37:47.619000','2025-05-07 06:37:47.619000','2025-05-07 06:37:47.619000',NULL,NULL,NULL),(102,'fot9mt98v21o5ix3nvtlhhiw','2.png',NULL,NULL,300,300,'{\"thumbnail\": {\"ext\": \".png\", \"url\": \"/uploads/thumbnail_2_812b24048b.png\", \"hash\": \"thumbnail_2_812b24048b\", \"mime\": \"image/png\", \"name\": \"thumbnail_2.png\", \"path\": null, \"size\": 26.96, \"width\": 156, \"height\": 156, \"sizeInBytes\": 26957}}','2_812b24048b','.png','image/png',19.19,'/uploads/2_812b24048b.png',NULL,'local',NULL,'/1','2025-05-07 06:54:13.541000','2025-05-07 06:54:13.541000','2025-05-07 06:54:13.541000',NULL,NULL,NULL),(103,'xi8m7oymbpjs3p6luaom8g7w','02-chapter2_2.pdf',NULL,NULL,NULL,NULL,NULL,'02_chapter2_2_fba4fbead4','.pdf','application/pdf',331.49,'/uploads/02_chapter2_2_fba4fbead4.pdf',NULL,'local',NULL,'/1','2025-05-07 07:07:37.087000','2025-05-07 07:07:37.087000','2025-05-07 07:07:37.087000',NULL,NULL,NULL),(104,'d2ltjt6gums1rlalttdwnve4','2.png',NULL,NULL,300,300,'{\"thumbnail\": {\"ext\": \".png\", \"url\": \"/uploads/thumbnail_2_6b1e5fb705.png\", \"hash\": \"thumbnail_2_6b1e5fb705\", \"mime\": \"image/png\", \"name\": \"thumbnail_2.png\", \"path\": null, \"size\": 26.96, \"width\": 156, \"height\": 156, \"sizeInBytes\": 26957}}','2_6b1e5fb705','.png','image/png',19.19,'/uploads/2_6b1e5fb705.png',NULL,'local',NULL,'/1','2025-05-07 07:17:23.989000','2025-05-07 07:17:23.989000','2025-05-07 07:17:23.989000',NULL,NULL,NULL),(105,'y8rzg28h7i5fkyevfycaxch2','1.png',NULL,NULL,300,300,'{\"thumbnail\": {\"ext\": \".png\", \"url\": \"/uploads/thumbnail_1_9ae4def439.png\", \"hash\": \"thumbnail_1_9ae4def439\", \"mime\": \"image/png\", \"name\": \"thumbnail_1.png\", \"path\": null, \"size\": 35.92, \"width\": 156, \"height\": 156, \"sizeInBytes\": 35920}}','1_9ae4def439','.png','image/png',26.55,'/uploads/1_9ae4def439.png',NULL,'local',NULL,'/1','2025-05-07 07:17:26.412000','2025-05-07 07:17:26.412000','2025-05-07 07:17:26.412000',NULL,NULL,NULL),(106,'l7rpilx2sa1hn429uxolnocx','3.png',NULL,NULL,300,300,'{\"thumbnail\": {\"ext\": \".png\", \"url\": \"/uploads/thumbnail_3_c91cd10130.png\", \"hash\": \"thumbnail_3_c91cd10130\", \"mime\": \"image/png\", \"name\": \"thumbnail_3.png\", \"path\": null, \"size\": 16.97, \"width\": 156, \"height\": 156, \"sizeInBytes\": 16972}}','3_c91cd10130','.png','image/png',10.25,'/uploads/3_c91cd10130.png',NULL,'local',NULL,'/1','2025-05-07 07:17:28.846000','2025-05-07 07:17:28.846000','2025-05-07 07:17:28.846000',NULL,NULL,NULL),(107,'jik4dqo78g5zj8b55nr07zh2','3.%E0%B8%8A%E0%B8%B1%E0%B8%93%E0%B8%A9%E0%B8%B2+50-66.pdf',NULL,NULL,NULL,NULL,NULL,'3_E0_B8_8_A_E0_B8_B1_E0_B8_93_E0_B8_A9_E0_B8_B2_50_66_386ab137ab','.pdf','application/pdf',774.68,'/uploads/3_E0_B8_8_A_E0_B8_B1_E0_B8_93_E0_B8_A9_E0_B8_B2_50_66_386ab137ab.pdf',NULL,'local',NULL,'/1','2025-05-07 07:17:33.651000','2025-05-07 07:17:33.651000','2025-05-07 07:17:33.651000',NULL,NULL,NULL),(108,'pdwfnpuc103rbok8k0i4x368','1.png',NULL,NULL,300,300,'{\"thumbnail\": {\"ext\": \".png\", \"url\": \"/uploads/thumbnail_1_20a12c75ac.png\", \"hash\": \"thumbnail_1_20a12c75ac\", \"mime\": \"image/png\", \"name\": \"thumbnail_1.png\", \"path\": null, \"size\": 35.92, \"width\": 156, \"height\": 156, \"sizeInBytes\": 35920}}','1_20a12c75ac','.png','image/png',26.55,'/uploads/1_20a12c75ac.png',NULL,'local',NULL,'/1','2025-05-07 07:18:03.087000','2025-05-07 07:18:03.087000','2025-05-07 07:18:03.087000',NULL,NULL,NULL),(109,'o2j3o8wso06nd5w5qfjrlqq9','3.png',NULL,NULL,300,300,'{\"thumbnail\": {\"ext\": \".png\", \"url\": \"/uploads/thumbnail_3_93d7d23d54.png\", \"hash\": \"thumbnail_3_93d7d23d54\", \"mime\": \"image/png\", \"name\": \"thumbnail_3.png\", \"path\": null, \"size\": 16.97, \"width\": 156, \"height\": 156, \"sizeInBytes\": 16972}}','3_93d7d23d54','.png','image/png',10.25,'/uploads/3_93d7d23d54.png',NULL,'local',NULL,'/1','2025-05-07 07:18:06.041000','2025-05-07 07:18:06.041000','2025-05-07 07:18:06.041000',NULL,NULL,NULL),(110,'gidwvxtm8y33rpce4ruzseab','1.png',NULL,NULL,300,300,'{\"thumbnail\": {\"ext\": \".png\", \"url\": \"/uploads/thumbnail_1_fd9a33c158.png\", \"hash\": \"thumbnail_1_fd9a33c158\", \"mime\": \"image/png\", \"name\": \"thumbnail_1.png\", \"path\": null, \"size\": 35.92, \"width\": 156, \"height\": 156, \"sizeInBytes\": 35920}}','1_fd9a33c158','.png','image/png',26.55,'/uploads/1_fd9a33c158.png',NULL,'local',NULL,'/1','2025-05-07 07:18:20.651000','2025-05-07 07:18:20.651000','2025-05-07 07:18:20.651000',NULL,NULL,NULL),(111,'p7qdu6l98rrasfb85yl4xp58','2.png',NULL,NULL,300,300,'{\"thumbnail\": {\"ext\": \".png\", \"url\": \"/uploads/thumbnail_2_073e96d5a4.png\", \"hash\": \"thumbnail_2_073e96d5a4\", \"mime\": \"image/png\", \"name\": \"thumbnail_2.png\", \"path\": null, \"size\": 26.96, \"width\": 156, \"height\": 156, \"sizeInBytes\": 26957}}','2_073e96d5a4','.png','image/png',19.19,'/uploads/2_073e96d5a4.png',NULL,'local',NULL,'/1','2025-05-07 07:18:22.379000','2025-05-07 07:18:22.379000','2025-05-07 07:18:22.379000',NULL,NULL,NULL),(112,'oksf6i0n3dk3xkt352r7t9jc','3.png',NULL,NULL,300,300,'{\"thumbnail\": {\"ext\": \".png\", \"url\": \"/uploads/thumbnail_3_35cb266339.png\", \"hash\": \"thumbnail_3_35cb266339\", \"mime\": \"image/png\", \"name\": \"thumbnail_3.png\", \"path\": null, \"size\": 16.97, \"width\": 156, \"height\": 156, \"sizeInBytes\": 16972}}','3_35cb266339','.png','image/png',10.25,'/uploads/3_35cb266339.png',NULL,'local',NULL,'/1','2025-05-07 07:18:32.227000','2025-05-07 07:18:32.227000','2025-05-07 07:18:32.227000',NULL,NULL,NULL),(113,'zyuxvndpoqdgfhnnjru4daoj','1.png',NULL,NULL,300,300,'{\"thumbnail\": {\"ext\": \".png\", \"url\": \"/uploads/thumbnail_1_9d38853042.png\", \"hash\": \"thumbnail_1_9d38853042\", \"mime\": \"image/png\", \"name\": \"thumbnail_1.png\", \"path\": null, \"size\": 35.92, \"width\": 156, \"height\": 156, \"sizeInBytes\": 35920}}','1_9d38853042','.png','image/png',26.55,'/uploads/1_9d38853042.png',NULL,'local',NULL,'/1','2025-05-07 07:18:34.485000','2025-05-07 07:18:34.485000','2025-05-07 07:18:34.485000',NULL,NULL,NULL),(114,'fdz7lelt4ljx3em6xh7xt8s3','3.png',NULL,NULL,300,300,'{\"thumbnail\": {\"ext\": \".png\", \"url\": \"/uploads/thumbnail_3_989706da90.png\", \"hash\": \"thumbnail_3_989706da90\", \"mime\": \"image/png\", \"name\": \"thumbnail_3.png\", \"path\": null, \"size\": 16.97, \"width\": 156, \"height\": 156, \"sizeInBytes\": 16972}}','3_989706da90','.png','image/png',10.25,'/uploads/3_989706da90.png',NULL,'local',NULL,'/1','2025-05-07 07:18:49.165000','2025-05-07 07:18:49.165000','2025-05-07 07:18:49.165000',NULL,NULL,NULL),(115,'knoig72qaamizl9gkk7qzlgl','2.png',NULL,NULL,300,300,'{\"thumbnail\": {\"ext\": \".png\", \"url\": \"/uploads/thumbnail_2_16c7d086a5.png\", \"hash\": \"thumbnail_2_16c7d086a5\", \"mime\": \"image/png\", \"name\": \"thumbnail_2.png\", \"path\": null, \"size\": 26.96, \"width\": 156, \"height\": 156, \"sizeInBytes\": 26957}}','2_16c7d086a5','.png','image/png',19.19,'/uploads/2_16c7d086a5.png',NULL,'local',NULL,'/1','2025-05-07 07:18:51.359000','2025-05-07 07:18:51.359000','2025-05-07 07:18:51.360000',NULL,NULL,NULL),(116,'unbcfein546vciplzw3h72tf','1.png',NULL,NULL,300,300,'{\"thumbnail\": {\"ext\": \".png\", \"url\": \"/uploads/thumbnail_1_d57fa44b9b.png\", \"hash\": \"thumbnail_1_d57fa44b9b\", \"mime\": \"image/png\", \"name\": \"thumbnail_1.png\", \"path\": null, \"size\": 35.92, \"width\": 156, \"height\": 156, \"sizeInBytes\": 35920}}','1_d57fa44b9b','.png','image/png',26.55,'/uploads/1_d57fa44b9b.png',NULL,'local',NULL,'/1','2025-05-07 08:24:53.250000','2025-05-07 08:24:53.250000','2025-05-07 08:24:53.250000',NULL,NULL,NULL),(117,'e3dudq00m7tufitkt602a23g','2.png',NULL,NULL,300,300,'{\"thumbnail\": {\"ext\": \".png\", \"url\": \"/uploads/thumbnail_2_f69f4e66fa.png\", \"hash\": \"thumbnail_2_f69f4e66fa\", \"mime\": \"image/png\", \"name\": \"thumbnail_2.png\", \"path\": null, \"size\": 26.96, \"width\": 156, \"height\": 156, \"sizeInBytes\": 26957}}','2_f69f4e66fa','.png','image/png',19.19,'/uploads/2_f69f4e66fa.png',NULL,'local',NULL,'/1','2025-05-07 08:24:55.109000','2025-05-07 08:24:55.109000','2025-05-07 08:24:55.109000',NULL,NULL,NULL),(118,'y6tl0xq4fo87oa8frfem9u37','3.png',NULL,NULL,300,300,'{\"thumbnail\": {\"ext\": \".png\", \"url\": \"/uploads/thumbnail_3_fe6a1e89ef.png\", \"hash\": \"thumbnail_3_fe6a1e89ef\", \"mime\": \"image/png\", \"name\": \"thumbnail_3.png\", \"path\": null, \"size\": 16.97, \"width\": 156, \"height\": 156, \"sizeInBytes\": 16972}}','3_fe6a1e89ef','.png','image/png',10.25,'/uploads/3_fe6a1e89ef.png',NULL,'local',NULL,'/1','2025-05-07 08:24:57.239000','2025-05-07 08:24:57.239000','2025-05-07 08:24:57.240000',NULL,NULL,NULL),(119,'pm47yv6467ir9wnnymxtw8no','2.png',NULL,NULL,300,300,'{\"thumbnail\": {\"ext\": \".png\", \"url\": \"/uploads/thumbnail_2_cbeac58a53.png\", \"hash\": \"thumbnail_2_cbeac58a53\", \"mime\": \"image/png\", \"name\": \"thumbnail_2.png\", \"path\": null, \"size\": 26.96, \"width\": 156, \"height\": 156, \"sizeInBytes\": 26957}}','2_cbeac58a53','.png','image/png',19.19,'/uploads/2_cbeac58a53.png',NULL,'local',NULL,'/1','2025-05-09 08:09:16.248000','2025-05-09 08:09:16.248000','2025-05-09 08:09:16.249000',NULL,NULL,NULL),(120,'jitvdo0769wt1vbrxeubwij3','3.png',NULL,NULL,300,300,'{\"thumbnail\": {\"ext\": \".png\", \"url\": \"/uploads/thumbnail_3_8a1f67102c.png\", \"hash\": \"thumbnail_3_8a1f67102c\", \"mime\": \"image/png\", \"name\": \"thumbnail_3.png\", \"path\": null, \"size\": 16.97, \"width\": 156, \"height\": 156, \"sizeInBytes\": 16972}}','3_8a1f67102c','.png','image/png',10.25,'/uploads/3_8a1f67102c.png',NULL,'local',NULL,'/1','2025-05-09 08:09:22.539000','2025-05-09 08:09:22.539000','2025-05-09 08:09:22.540000',NULL,NULL,NULL),(121,'ds0k86by4f95txi66xv4thv2','1.png',NULL,NULL,300,300,'{\"thumbnail\": {\"ext\": \".png\", \"url\": \"/uploads/thumbnail_1_decb56ae5b.png\", \"hash\": \"thumbnail_1_decb56ae5b\", \"mime\": \"image/png\", \"name\": \"thumbnail_1.png\", \"path\": null, \"size\": 35.92, \"width\": 156, \"height\": 156, \"sizeInBytes\": 35920}}','1_decb56ae5b','.png','image/png',26.55,'/uploads/1_decb56ae5b.png',NULL,'local',NULL,'/1','2025-05-09 08:10:36.513000','2025-05-09 08:10:36.513000','2025-05-09 08:10:36.513000',NULL,NULL,NULL),(122,'p1dx9qjbtgbjmikv2savr2o1','2.png',NULL,NULL,300,300,'{\"thumbnail\": {\"ext\": \".png\", \"url\": \"/uploads/thumbnail_2_b41108e15a.png\", \"hash\": \"thumbnail_2_b41108e15a\", \"mime\": \"image/png\", \"name\": \"thumbnail_2.png\", \"path\": null, \"size\": 26.96, \"width\": 156, \"height\": 156, \"sizeInBytes\": 26957}}','2_b41108e15a','.png','image/png',19.19,'/uploads/2_b41108e15a.png',NULL,'local',NULL,'/1','2025-05-09 08:10:38.927000','2025-05-09 08:10:38.927000','2025-05-09 08:10:38.927000',NULL,NULL,NULL),(123,'g01gj2afldoc7dgpnbsjflmb','1.png',NULL,NULL,300,300,'{\"thumbnail\": {\"ext\": \".png\", \"url\": \"/uploads/thumbnail_1_a21f56ed0d.png\", \"hash\": \"thumbnail_1_a21f56ed0d\", \"mime\": \"image/png\", \"name\": \"thumbnail_1.png\", \"path\": null, \"size\": 35.92, \"width\": 156, \"height\": 156, \"sizeInBytes\": 35920}}','1_a21f56ed0d','.png','image/png',26.55,'/uploads/1_a21f56ed0d.png',NULL,'local',NULL,'/1','2025-05-09 08:18:45.467000','2025-05-09 08:18:45.467000','2025-05-09 08:18:45.468000',NULL,NULL,NULL),(124,'qoqx5xzdmcwg62yv34d7l9cv','2.png',NULL,NULL,300,300,'{\"thumbnail\": {\"ext\": \".png\", \"url\": \"/uploads/thumbnail_2_b3eaa0683e.png\", \"hash\": \"thumbnail_2_b3eaa0683e\", \"mime\": \"image/png\", \"name\": \"thumbnail_2.png\", \"path\": null, \"size\": 26.96, \"width\": 156, \"height\": 156, \"sizeInBytes\": 26957}}','2_b3eaa0683e','.png','image/png',19.19,'/uploads/2_b3eaa0683e.png',NULL,'local',NULL,'/1','2025-05-09 08:18:46.769000','2025-05-09 08:18:46.769000','2025-05-09 08:18:46.770000',NULL,NULL,NULL),(125,'dsjevmf2vv13h5jzt4emy9e9','1.png',NULL,NULL,300,300,'{\"thumbnail\": {\"ext\": \".png\", \"url\": \"/uploads/thumbnail_1_ca11b75565.png\", \"hash\": \"thumbnail_1_ca11b75565\", \"mime\": \"image/png\", \"name\": \"thumbnail_1.png\", \"path\": null, \"size\": 35.92, \"width\": 156, \"height\": 156, \"sizeInBytes\": 35920}}','1_ca11b75565','.png','image/png',26.55,'/uploads/1_ca11b75565.png',NULL,'local',NULL,'/1','2025-05-09 08:21:56.971000','2025-05-09 08:21:56.971000','2025-05-09 08:21:56.972000',NULL,NULL,NULL),(126,'tdmxwt5m762msukb7v5rsxbn','3.png',NULL,NULL,300,300,'{\"thumbnail\": {\"ext\": \".png\", \"url\": \"/uploads/thumbnail_3_3eb2321fa4.png\", \"hash\": \"thumbnail_3_3eb2321fa4\", \"mime\": \"image/png\", \"name\": \"thumbnail_3.png\", \"path\": null, \"size\": 16.97, \"width\": 156, \"height\": 156, \"sizeInBytes\": 16972}}','3_3eb2321fa4','.png','image/png',10.25,'/uploads/3_3eb2321fa4.png',NULL,'local',NULL,'/1','2025-05-09 08:21:59.190000','2025-05-09 08:21:59.190000','2025-05-09 08:21:59.190000',NULL,NULL,NULL),(127,'e4wtplmk5s72ed6io5txqjyv','1.png',NULL,NULL,300,300,'{\"thumbnail\": {\"ext\": \".png\", \"url\": \"/uploads/thumbnail_1_b196debe56.png\", \"hash\": \"thumbnail_1_b196debe56\", \"mime\": \"image/png\", \"name\": \"thumbnail_1.png\", \"path\": null, \"size\": 35.92, \"width\": 156, \"height\": 156, \"sizeInBytes\": 35920}}','1_b196debe56','.png','image/png',26.55,'/uploads/1_b196debe56.png',NULL,'local',NULL,'/1','2025-05-09 08:29:19.253000','2025-05-09 08:29:19.253000','2025-05-09 08:29:19.254000',NULL,NULL,NULL),(128,'tgnuofs84f9xp7qui9ptn2sw','2.png',NULL,NULL,300,300,'{\"thumbnail\": {\"ext\": \".png\", \"url\": \"/uploads/thumbnail_2_6e08ebc5b8.png\", \"hash\": \"thumbnail_2_6e08ebc5b8\", \"mime\": \"image/png\", \"name\": \"thumbnail_2.png\", \"path\": null, \"size\": 26.96, \"width\": 156, \"height\": 156, \"sizeInBytes\": 26957}}','2_6e08ebc5b8','.png','image/png',19.19,'/uploads/2_6e08ebc5b8.png',NULL,'local',NULL,'/1','2025-05-09 08:29:22.437000','2025-05-09 08:29:22.437000','2025-05-09 08:29:22.438000',NULL,NULL,NULL),(129,'m4fq7pv84nexoue8zr005kcb','1.png',NULL,NULL,300,300,'{\"thumbnail\": {\"ext\": \".png\", \"url\": \"/uploads/thumbnail_1_926a693aa4.png\", \"hash\": \"thumbnail_1_926a693aa4\", \"mime\": \"image/png\", \"name\": \"thumbnail_1.png\", \"path\": null, \"size\": 35.92, \"width\": 156, \"height\": 156, \"sizeInBytes\": 35920}}','1_926a693aa4','.png','image/png',26.55,'/uploads/1_926a693aa4.png',NULL,'local',NULL,'/1','2025-05-09 08:31:52.535000','2025-05-09 08:31:52.535000','2025-05-09 08:31:52.536000',NULL,NULL,NULL),(130,'re4ti9ecjzh7z5ovcn4dmr0t','2.png',NULL,NULL,300,300,'{\"thumbnail\": {\"ext\": \".png\", \"url\": \"/uploads/thumbnail_2_ee1e6dded6.png\", \"hash\": \"thumbnail_2_ee1e6dded6\", \"mime\": \"image/png\", \"name\": \"thumbnail_2.png\", \"path\": null, \"size\": 26.96, \"width\": 156, \"height\": 156, \"sizeInBytes\": 26957}}','2_ee1e6dded6','.png','image/png',19.19,'/uploads/2_ee1e6dded6.png',NULL,'local',NULL,'/1','2025-05-09 08:31:54.475000','2025-05-09 08:31:54.475000','2025-05-09 08:31:54.475000',NULL,NULL,NULL),(131,'jn8do92368j56o5q3195k32y','2.png',NULL,NULL,300,300,'{\"thumbnail\": {\"ext\": \".png\", \"url\": \"/uploads/thumbnail_2_758908d37b.png\", \"hash\": \"thumbnail_2_758908d37b\", \"mime\": \"image/png\", \"name\": \"thumbnail_2.png\", \"path\": null, \"size\": 26.96, \"width\": 156, \"height\": 156, \"sizeInBytes\": 26957}}','2_758908d37b','.png','image/png',19.19,'/uploads/2_758908d37b.png',NULL,'local',NULL,'/1','2025-05-09 08:32:49.151000','2025-05-09 08:32:49.151000','2025-05-09 08:32:49.153000',NULL,NULL,NULL),(132,'uvxxaq0fel7zfmrf9l5g3pw1','1.png',NULL,NULL,300,300,'{\"thumbnail\": {\"ext\": \".png\", \"url\": \"/uploads/thumbnail_1_7cb94661ce.png\", \"hash\": \"thumbnail_1_7cb94661ce\", \"mime\": \"image/png\", \"name\": \"thumbnail_1.png\", \"path\": null, \"size\": 35.92, \"width\": 156, \"height\": 156, \"sizeInBytes\": 35920}}','1_7cb94661ce','.png','image/png',26.55,'/uploads/1_7cb94661ce.png',NULL,'local',NULL,'/1','2025-05-09 08:32:51.107000','2025-05-09 08:32:51.107000','2025-05-09 08:32:51.108000',NULL,NULL,NULL),(133,'pftuwqe62hkip7nxbqvjcdgx','1.png',NULL,NULL,300,300,'{\"thumbnail\": {\"ext\": \".png\", \"url\": \"/uploads/thumbnail_1_d47d1193a4.png\", \"hash\": \"thumbnail_1_d47d1193a4\", \"mime\": \"image/png\", \"name\": \"thumbnail_1.png\", \"path\": null, \"size\": 35.92, \"width\": 156, \"height\": 156, \"sizeInBytes\": 35920}}','1_d47d1193a4','.png','image/png',26.55,'/uploads/1_d47d1193a4.png',NULL,'local',NULL,'/1','2025-05-09 08:46:24.499000','2025-05-09 08:46:24.499000','2025-05-09 08:46:24.500000',NULL,NULL,NULL),(134,'awflthweiahgfg50gxsszdx3','2.png',NULL,NULL,300,300,'{\"thumbnail\": {\"ext\": \".png\", \"url\": \"/uploads/thumbnail_2_27d45e6d7c.png\", \"hash\": \"thumbnail_2_27d45e6d7c\", \"mime\": \"image/png\", \"name\": \"thumbnail_2.png\", \"path\": null, \"size\": 26.96, \"width\": 156, \"height\": 156, \"sizeInBytes\": 26957}}','2_27d45e6d7c','.png','image/png',19.19,'/uploads/2_27d45e6d7c.png',NULL,'local',NULL,'/1','2025-05-09 08:46:27.107000','2025-05-09 08:46:27.107000','2025-05-09 08:46:27.107000',NULL,NULL,NULL),(135,'dsdyp21na7dwqq6nbsr9819p','1.png',NULL,NULL,300,300,'{\"thumbnail\": {\"ext\": \".png\", \"url\": \"/uploads/thumbnail_1_c9b4488e44.png\", \"hash\": \"thumbnail_1_c9b4488e44\", \"mime\": \"image/png\", \"name\": \"thumbnail_1.png\", \"path\": null, \"size\": 35.92, \"width\": 156, \"height\": 156, \"sizeInBytes\": 35920}}','1_c9b4488e44','.png','image/png',26.55,'/uploads/1_c9b4488e44.png',NULL,'local',NULL,'/1','2025-05-09 09:00:42.340000','2025-05-09 09:00:42.340000','2025-05-09 09:00:42.340000',NULL,NULL,NULL),(136,'hez1px2yjdwsw2zzhuihkrw6','2.png',NULL,NULL,300,300,'{\"thumbnail\": {\"ext\": \".png\", \"url\": \"/uploads/thumbnail_2_bb3ba94811.png\", \"hash\": \"thumbnail_2_bb3ba94811\", \"mime\": \"image/png\", \"name\": \"thumbnail_2.png\", \"path\": null, \"size\": 26.96, \"width\": 156, \"height\": 156, \"sizeInBytes\": 26957}}','2_bb3ba94811','.png','image/png',19.19,'/uploads/2_bb3ba94811.png',NULL,'local',NULL,'/1','2025-05-09 09:00:43.935000','2025-05-09 09:00:43.935000','2025-05-09 09:00:43.936000',NULL,NULL,NULL),(137,'gxftsz3jah7ewq171f01qsj9','3.png',NULL,NULL,300,300,'{\"thumbnail\": {\"ext\": \".png\", \"url\": \"/uploads/thumbnail_3_f89c76d25b.png\", \"hash\": \"thumbnail_3_f89c76d25b\", \"mime\": \"image/png\", \"name\": \"thumbnail_3.png\", \"path\": null, \"size\": 16.97, \"width\": 156, \"height\": 156, \"sizeInBytes\": 16972}}','3_f89c76d25b','.png','image/png',10.25,'/uploads/3_f89c76d25b.png',NULL,'local',NULL,'/1','2025-05-09 09:00:46.070000','2025-05-09 09:00:46.070000','2025-05-09 09:00:46.070000',NULL,NULL,NULL),(138,'zfp4f9ht4equogx9ed3g3jkk','1.png',NULL,NULL,300,300,'{\"thumbnail\": {\"ext\": \".png\", \"url\": \"/uploads/thumbnail_1_2733590766.png\", \"hash\": \"thumbnail_1_2733590766\", \"mime\": \"image/png\", \"name\": \"thumbnail_1.png\", \"path\": null, \"size\": 35.92, \"width\": 156, \"height\": 156, \"sizeInBytes\": 35920}}','1_2733590766','.png','image/png',26.55,'/uploads/1_2733590766.png',NULL,'local',NULL,'/1','2025-05-09 10:11:58.777000','2025-05-09 10:11:58.777000','2025-05-09 10:11:58.778000',NULL,NULL,NULL),(139,'rhuaktnt6niyvri65rxnzgnn','2.png',NULL,NULL,300,300,'{\"thumbnail\": {\"ext\": \".png\", \"url\": \"/uploads/thumbnail_2_17c38d8e0a.png\", \"hash\": \"thumbnail_2_17c38d8e0a\", \"mime\": \"image/png\", \"name\": \"thumbnail_2.png\", \"path\": null, \"size\": 26.96, \"width\": 156, \"height\": 156, \"sizeInBytes\": 26957}}','2_17c38d8e0a','.png','image/png',19.19,'/uploads/2_17c38d8e0a.png',NULL,'local',NULL,'/1','2025-05-09 10:12:00.801000','2025-05-09 10:12:00.801000','2025-05-09 10:12:00.802000',NULL,NULL,NULL),(140,'n60noljv6aytv9c20jt31wgw','1.png',NULL,NULL,300,300,'{\"thumbnail\": {\"ext\": \".png\", \"url\": \"/uploads/thumbnail_1_0feee5eb4b.png\", \"hash\": \"thumbnail_1_0feee5eb4b\", \"mime\": \"image/png\", \"name\": \"thumbnail_1.png\", \"path\": null, \"size\": 35.92, \"width\": 156, \"height\": 156, \"sizeInBytes\": 35920}}','1_0feee5eb4b','.png','image/png',26.55,'/uploads/1_0feee5eb4b.png',NULL,'local',NULL,'/1','2025-05-09 10:17:03.696000','2025-05-09 10:17:03.696000','2025-05-09 10:17:03.698000',NULL,NULL,NULL),(141,'bx8ampyx1efh9snvh2so7z09','3.png',NULL,NULL,300,300,'{\"thumbnail\": {\"ext\": \".png\", \"url\": \"/uploads/thumbnail_3_1af32aaf4f.png\", \"hash\": \"thumbnail_3_1af32aaf4f\", \"mime\": \"image/png\", \"name\": \"thumbnail_3.png\", \"path\": null, \"size\": 16.97, \"width\": 156, \"height\": 156, \"sizeInBytes\": 16972}}','3_1af32aaf4f','.png','image/png',10.25,'/uploads/3_1af32aaf4f.png',NULL,'local',NULL,'/1','2025-05-09 10:17:05.438000','2025-05-09 10:17:05.438000','2025-05-09 10:17:05.438000',NULL,NULL,NULL),(142,'g10al0n0osmbwj3glfu9grz7','1.png',NULL,NULL,300,300,'{\"thumbnail\": {\"ext\": \".png\", \"url\": \"/uploads/thumbnail_1_1a16150dde.png\", \"hash\": \"thumbnail_1_1a16150dde\", \"mime\": \"image/png\", \"name\": \"thumbnail_1.png\", \"path\": null, \"size\": 35.92, \"width\": 156, \"height\": 156, \"sizeInBytes\": 35920}}','1_1a16150dde','.png','image/png',26.55,'/uploads/1_1a16150dde.png',NULL,'local',NULL,'/1','2025-05-09 10:19:31.230000','2025-05-09 10:19:31.230000','2025-05-09 10:19:31.230000',NULL,NULL,NULL),(143,'hcl8l85xy3nba8sg06cisyyb','2.png',NULL,NULL,300,300,'{\"thumbnail\": {\"ext\": \".png\", \"url\": \"/uploads/thumbnail_2_43d8dc45ff.png\", \"hash\": \"thumbnail_2_43d8dc45ff\", \"mime\": \"image/png\", \"name\": \"thumbnail_2.png\", \"path\": null, \"size\": 26.96, \"width\": 156, \"height\": 156, \"sizeInBytes\": 26957}}','2_43d8dc45ff','.png','image/png',19.19,'/uploads/2_43d8dc45ff.png',NULL,'local',NULL,'/1','2025-05-09 10:19:33.839000','2025-05-09 10:19:33.839000','2025-05-09 10:19:33.839000',NULL,NULL,NULL),(144,'rr8c6lc34gud3ilhnam8fl32','1.png',NULL,NULL,300,300,'{\"thumbnail\": {\"ext\": \".png\", \"url\": \"/uploads/thumbnail_1_cb6e5c2c79.png\", \"hash\": \"thumbnail_1_cb6e5c2c79\", \"mime\": \"image/png\", \"name\": \"thumbnail_1.png\", \"path\": null, \"size\": 35.92, \"width\": 156, \"height\": 156, \"sizeInBytes\": 35920}}','1_cb6e5c2c79','.png','image/png',26.55,'/uploads/1_cb6e5c2c79.png',NULL,'local',NULL,'/1','2025-05-09 11:30:03.488000','2025-05-09 11:30:03.488000','2025-05-09 11:30:03.488000',NULL,NULL,NULL),(145,'yy3ci09t3ffgf9jw6kvfnq4u','2.png',NULL,NULL,300,300,'{\"thumbnail\": {\"ext\": \".png\", \"url\": \"/uploads/thumbnail_2_12d4a09bd6.png\", \"hash\": \"thumbnail_2_12d4a09bd6\", \"mime\": \"image/png\", \"name\": \"thumbnail_2.png\", \"path\": null, \"size\": 26.96, \"width\": 156, \"height\": 156, \"sizeInBytes\": 26957}}','2_12d4a09bd6','.png','image/png',19.19,'/uploads/2_12d4a09bd6.png',NULL,'local',NULL,'/1','2025-05-09 11:30:05.191000','2025-05-09 11:30:05.191000','2025-05-09 11:30:05.191000',NULL,NULL,NULL),(146,'vg6vya5g26j5jv4rofti08vg','1.png',NULL,NULL,300,300,'{\"thumbnail\": {\"ext\": \".png\", \"url\": \"/uploads/thumbnail_1_0382402bb3.png\", \"hash\": \"thumbnail_1_0382402bb3\", \"mime\": \"image/png\", \"name\": \"thumbnail_1.png\", \"path\": null, \"size\": 35.92, \"width\": 156, \"height\": 156, \"sizeInBytes\": 35920}}','1_0382402bb3','.png','image/png',26.55,'/uploads/1_0382402bb3.png',NULL,'local',NULL,'/1','2025-05-09 11:33:03.458000','2025-05-09 11:33:03.458000','2025-05-09 11:33:03.459000',NULL,NULL,NULL),(147,'t3ihbdxfvd91tsy88ijnm1jv','2.png',NULL,NULL,300,300,'{\"thumbnail\": {\"ext\": \".png\", \"url\": \"/uploads/thumbnail_2_f6fdfec9f3.png\", \"hash\": \"thumbnail_2_f6fdfec9f3\", \"mime\": \"image/png\", \"name\": \"thumbnail_2.png\", \"path\": null, \"size\": 26.96, \"width\": 156, \"height\": 156, \"sizeInBytes\": 26957}}','2_f6fdfec9f3','.png','image/png',19.19,'/uploads/2_f6fdfec9f3.png',NULL,'local',NULL,'/1','2025-05-09 11:33:06.409000','2025-05-09 11:33:06.409000','2025-05-09 11:33:06.409000',NULL,NULL,NULL),(148,'t6iol77ssh0fclgvqpikjtbs','1.png',NULL,NULL,300,300,'{\"thumbnail\": {\"ext\": \".png\", \"url\": \"/uploads/thumbnail_1_542273d8a5.png\", \"hash\": \"thumbnail_1_542273d8a5\", \"mime\": \"image/png\", \"name\": \"thumbnail_1.png\", \"path\": null, \"size\": 35.92, \"width\": 156, \"height\": 156, \"sizeInBytes\": 35920}}','1_542273d8a5','.png','image/png',26.55,'/uploads/1_542273d8a5.png',NULL,'local',NULL,'/1','2025-05-09 20:36:42.582000','2025-05-09 20:36:42.582000','2025-05-09 20:36:42.584000',NULL,NULL,NULL),(149,'vit93uawn2mxfwiuqea0qykg','3.%E0%B8%8A%E0%B8%B1%E0%B8%93%E0%B8%A9%E0%B8%B2+50-66.pdf',NULL,NULL,NULL,NULL,NULL,'3_E0_B8_8_A_E0_B8_B1_E0_B8_93_E0_B8_A9_E0_B8_B2_50_66_7c2f064083','.pdf','application/pdf',774.68,'/uploads/3_E0_B8_8_A_E0_B8_B1_E0_B8_93_E0_B8_A9_E0_B8_B2_50_66_7c2f064083.pdf',NULL,'local',NULL,'/1','2025-05-09 20:36:44.533000','2025-05-09 20:36:44.533000','2025-05-09 20:36:44.534000',NULL,NULL,NULL),(150,'oypefl3htd5hwes6rlu171ku','1.png',NULL,NULL,300,300,'{\"thumbnail\": {\"ext\": \".png\", \"url\": \"/uploads/thumbnail_1_a846ed1644.png\", \"hash\": \"thumbnail_1_a846ed1644\", \"mime\": \"image/png\", \"name\": \"thumbnail_1.png\", \"path\": null, \"size\": 35.92, \"width\": 156, \"height\": 156, \"sizeInBytes\": 35920}}','1_a846ed1644','.png','image/png',26.55,'/uploads/1_a846ed1644.png',NULL,'local',NULL,'/1','2025-05-09 20:37:36.352000','2025-05-09 20:37:36.352000','2025-05-09 20:37:36.352000',NULL,NULL,NULL),(151,'vmxp3cl3d2q9itg07cbht829','3.png',NULL,NULL,300,300,'{\"thumbnail\": {\"ext\": \".png\", \"url\": \"/uploads/thumbnail_3_57ac19bf1d.png\", \"hash\": \"thumbnail_3_57ac19bf1d\", \"mime\": \"image/png\", \"name\": \"thumbnail_3.png\", \"path\": null, \"size\": 16.97, \"width\": 156, \"height\": 156, \"sizeInBytes\": 16972}}','3_57ac19bf1d','.png','image/png',10.25,'/uploads/3_57ac19bf1d.png',NULL,'local',NULL,'/1','2025-05-09 20:37:39.550000','2025-05-09 20:37:39.550000','2025-05-09 20:37:39.551000',NULL,NULL,NULL),(152,'n1l7ybzirarmgp4c1lnn9e4z','2.png',NULL,NULL,300,300,'{\"thumbnail\": {\"ext\": \".png\", \"url\": \"/uploads/thumbnail_2_d2ff6cd1dc.png\", \"hash\": \"thumbnail_2_d2ff6cd1dc\", \"mime\": \"image/png\", \"name\": \"thumbnail_2.png\", \"path\": null, \"size\": 26.96, \"width\": 156, \"height\": 156, \"sizeInBytes\": 26957}}','2_d2ff6cd1dc','.png','image/png',19.19,'/uploads/2_d2ff6cd1dc.png',NULL,'local',NULL,'/1','2025-05-09 20:37:56.020000','2025-05-09 20:37:56.020000','2025-05-09 20:37:56.020000',NULL,NULL,NULL),(153,'mij5hoj2uv8zbwd453reitqj','1.png',NULL,NULL,300,300,'{\"thumbnail\": {\"ext\": \".png\", \"url\": \"/uploads/thumbnail_1_c1a51ab983.png\", \"hash\": \"thumbnail_1_c1a51ab983\", \"mime\": \"image/png\", \"name\": \"thumbnail_1.png\", \"path\": null, \"size\": 35.92, \"width\": 156, \"height\": 156, \"sizeInBytes\": 35920}}','1_c1a51ab983','.png','image/png',26.55,'/uploads/1_c1a51ab983.png',NULL,'local',NULL,'/1','2025-05-09 20:39:53.308000','2025-05-09 20:39:53.308000','2025-05-09 20:39:53.309000',NULL,NULL,NULL),(154,'mla2damxtbm5uy9quhm7a84g','3.png',NULL,NULL,300,300,'{\"thumbnail\": {\"ext\": \".png\", \"url\": \"/uploads/thumbnail_3_f708d3add6.png\", \"hash\": \"thumbnail_3_f708d3add6\", \"mime\": \"image/png\", \"name\": \"thumbnail_3.png\", \"path\": null, \"size\": 16.97, \"width\": 156, \"height\": 156, \"sizeInBytes\": 16972}}','3_f708d3add6','.png','image/png',10.25,'/uploads/3_f708d3add6.png',NULL,'local',NULL,'/1','2025-05-09 20:39:55.688000','2025-05-09 20:39:55.688000','2025-05-09 20:39:55.688000',NULL,NULL,NULL),(155,'qz5l7mhk69gdj102vxev2tlg','2.png',NULL,NULL,300,300,'{\"thumbnail\": {\"ext\": \".png\", \"url\": \"/uploads/thumbnail_2_eea74955c1.png\", \"hash\": \"thumbnail_2_eea74955c1\", \"mime\": \"image/png\", \"name\": \"thumbnail_2.png\", \"path\": null, \"size\": 26.96, \"width\": 156, \"height\": 156, \"sizeInBytes\": 26957}}','2_eea74955c1','.png','image/png',19.19,'/uploads/2_eea74955c1.png',NULL,'local',NULL,'/1','2025-05-09 20:42:23.530000','2025-05-09 20:42:23.530000','2025-05-09 20:42:23.531000',NULL,NULL,NULL),(156,'zvuohp5wgvtwc3yhldrf39hb','1.png',NULL,NULL,300,300,'{\"thumbnail\": {\"ext\": \".png\", \"url\": \"/uploads/thumbnail_1_690e20dedd.png\", \"hash\": \"thumbnail_1_690e20dedd\", \"mime\": \"image/png\", \"name\": \"thumbnail_1.png\", \"path\": null, \"size\": 35.92, \"width\": 156, \"height\": 156, \"sizeInBytes\": 35920}}','1_690e20dedd','.png','image/png',26.55,'/uploads/1_690e20dedd.png',NULL,'local',NULL,'/1','2025-05-09 20:42:26.506000','2025-05-09 20:42:26.506000','2025-05-09 20:42:26.507000',NULL,NULL,NULL),(157,'iwatzci4lwtf1lsry0735v0x','1.png',NULL,NULL,300,300,'{\"thumbnail\": {\"ext\": \".png\", \"url\": \"/uploads/thumbnail_1_04479a70da.png\", \"hash\": \"thumbnail_1_04479a70da\", \"mime\": \"image/png\", \"name\": \"thumbnail_1.png\", \"path\": null, \"size\": 35.92, \"width\": 156, \"height\": 156, \"sizeInBytes\": 35920}}','1_04479a70da','.png','image/png',26.55,'/uploads/1_04479a70da.png',NULL,'local',NULL,'/1','2025-05-09 20:46:20.266000','2025-05-09 20:46:20.266000','2025-05-09 20:46:20.266000',NULL,NULL,NULL),(158,'maymsh0nsrh2fg3cx0elj96g','3.png',NULL,NULL,300,300,'{\"thumbnail\": {\"ext\": \".png\", \"url\": \"/uploads/thumbnail_3_3ba1dce1e4.png\", \"hash\": \"thumbnail_3_3ba1dce1e4\", \"mime\": \"image/png\", \"name\": \"thumbnail_3.png\", \"path\": null, \"size\": 16.97, \"width\": 156, \"height\": 156, \"sizeInBytes\": 16972}}','3_3ba1dce1e4','.png','image/png',10.25,'/uploads/3_3ba1dce1e4.png',NULL,'local',NULL,'/1','2025-05-09 20:46:22.114000','2025-05-09 20:46:22.114000','2025-05-09 20:46:22.114000',NULL,NULL,NULL),(159,'qy8floct0b3iyqc6090osqv0','2.png',NULL,NULL,300,300,'{\"thumbnail\": {\"ext\": \".png\", \"url\": \"/uploads/thumbnail_2_891e80e3e0.png\", \"hash\": \"thumbnail_2_891e80e3e0\", \"mime\": \"image/png\", \"name\": \"thumbnail_2.png\", \"path\": null, \"size\": 26.96, \"width\": 156, \"height\": 156, \"sizeInBytes\": 26957}}','2_891e80e3e0','.png','image/png',19.19,'/uploads/2_891e80e3e0.png',NULL,'local',NULL,'/1','2025-05-09 20:48:01.532000','2025-05-09 20:48:01.532000','2025-05-09 20:48:01.533000',NULL,NULL,NULL),(160,'bxgkzkqco3oh91bkx4hk0v0g','1.png',NULL,NULL,300,300,'{\"thumbnail\": {\"ext\": \".png\", \"url\": \"/uploads/thumbnail_1_a4af87e60e.png\", \"hash\": \"thumbnail_1_a4af87e60e\", \"mime\": \"image/png\", \"name\": \"thumbnail_1.png\", \"path\": null, \"size\": 35.92, \"width\": 156, \"height\": 156, \"sizeInBytes\": 35920}}','1_a4af87e60e','.png','image/png',26.55,'/uploads/1_a4af87e60e.png',NULL,'local',NULL,'/1','2025-05-09 20:48:03.377000','2025-05-09 20:48:03.377000','2025-05-09 20:48:03.378000',NULL,NULL,NULL),(161,'ptnmvfd14p1qr4idqjnuh268','2.png',NULL,NULL,300,300,'{\"thumbnail\": {\"ext\": \".png\", \"url\": \"/uploads/thumbnail_2_95d5ba6227.png\", \"hash\": \"thumbnail_2_95d5ba6227\", \"mime\": \"image/png\", \"name\": \"thumbnail_2.png\", \"path\": null, \"size\": 26.96, \"width\": 156, \"height\": 156, \"sizeInBytes\": 26957}}','2_95d5ba6227','.png','image/png',19.19,'/uploads/2_95d5ba6227.png',NULL,'local',NULL,'/1','2025-05-09 20:55:00.373000','2025-05-09 20:55:00.373000','2025-05-09 20:55:00.374000',NULL,NULL,NULL),(162,'b9t2vzpiyfrihxrl5vunexii','3.png',NULL,NULL,300,300,'{\"thumbnail\": {\"ext\": \".png\", \"url\": \"/uploads/thumbnail_3_c0100306b2.png\", \"hash\": \"thumbnail_3_c0100306b2\", \"mime\": \"image/png\", \"name\": \"thumbnail_3.png\", \"path\": null, \"size\": 16.97, \"width\": 156, \"height\": 156, \"sizeInBytes\": 16972}}','3_c0100306b2','.png','image/png',10.25,'/uploads/3_c0100306b2.png',NULL,'local',NULL,'/1','2025-05-09 20:55:02.370000','2025-05-09 20:55:02.370000','2025-05-09 20:55:02.370000',NULL,NULL,NULL),(163,'grs69dera53kyknztquriv84','1.png',NULL,NULL,300,300,'{\"thumbnail\": {\"ext\": \".png\", \"url\": \"/uploads/thumbnail_1_bb3a1bddc3.png\", \"hash\": \"thumbnail_1_bb3a1bddc3\", \"mime\": \"image/png\", \"name\": \"thumbnail_1.png\", \"path\": null, \"size\": 35.92, \"width\": 156, \"height\": 156, \"sizeInBytes\": 35920}}','1_bb3a1bddc3','.png','image/png',26.55,'/uploads/1_bb3a1bddc3.png',NULL,'local',NULL,'/1','2025-05-09 21:06:10.555000','2025-05-09 21:06:10.555000','2025-05-09 21:06:10.556000',NULL,NULL,NULL),(164,'vj61hjik551218pri2xpu614','2.png',NULL,NULL,300,300,'{\"thumbnail\": {\"ext\": \".png\", \"url\": \"/uploads/thumbnail_2_79cb6e1265.png\", \"hash\": \"thumbnail_2_79cb6e1265\", \"mime\": \"image/png\", \"name\": \"thumbnail_2.png\", \"path\": null, \"size\": 26.96, \"width\": 156, \"height\": 156, \"sizeInBytes\": 26957}}','2_79cb6e1265','.png','image/png',19.19,'/uploads/2_79cb6e1265.png',NULL,'local',NULL,'/1','2025-05-09 21:06:17.061000','2025-05-09 21:06:17.061000','2025-05-09 21:06:17.061000',NULL,NULL,NULL),(165,'nbsazlhsiy7ot8b4zbnjblsp','3.png',NULL,NULL,300,300,'{\"thumbnail\": {\"ext\": \".png\", \"url\": \"/uploads/thumbnail_3_2866d29758.png\", \"hash\": \"thumbnail_3_2866d29758\", \"mime\": \"image/png\", \"name\": \"thumbnail_3.png\", \"path\": null, \"size\": 16.97, \"width\": 156, \"height\": 156, \"sizeInBytes\": 16972}}','3_2866d29758','.png','image/png',10.25,'/uploads/3_2866d29758.png',NULL,'local',NULL,'/1','2025-05-09 21:06:46.319000','2025-05-09 21:06:46.319000','2025-05-09 21:06:46.319000',NULL,NULL,NULL),(166,'ljkjcweyi8n3caag55cx12gl','02-chapter2_2.pdf',NULL,NULL,NULL,NULL,NULL,'02_chapter2_2_274f49d757','.pdf','application/pdf',331.49,'/uploads/02_chapter2_2_274f49d757.pdf',NULL,'local',NULL,'/1','2025-05-09 21:07:10.521000','2025-05-09 21:07:10.521000','2025-05-09 21:07:10.522000',NULL,NULL,NULL),(167,'cgav4wym6a1ychoaw15m6u71','1.png',NULL,NULL,300,300,'{\"thumbnail\": {\"ext\": \".png\", \"url\": \"/uploads/thumbnail_1_12e07e8dc4.png\", \"hash\": \"thumbnail_1_12e07e8dc4\", \"mime\": \"image/png\", \"name\": \"thumbnail_1.png\", \"path\": null, \"size\": 35.92, \"width\": 156, \"height\": 156, \"sizeInBytes\": 35920}}','1_12e07e8dc4','.png','image/png',26.55,'/uploads/1_12e07e8dc4.png',NULL,'local',NULL,'/1','2025-05-09 21:07:42.624000','2025-05-09 21:07:42.624000','2025-05-09 21:07:42.625000',NULL,NULL,NULL),(168,'nznr7y8rdemkbey291caznat','2.png',NULL,NULL,300,300,'{\"thumbnail\": {\"ext\": \".png\", \"url\": \"/uploads/thumbnail_2_176c9a0ab6.png\", \"hash\": \"thumbnail_2_176c9a0ab6\", \"mime\": \"image/png\", \"name\": \"thumbnail_2.png\", \"path\": null, \"size\": 26.96, \"width\": 156, \"height\": 156, \"sizeInBytes\": 26957}}','2_176c9a0ab6','.png','image/png',19.19,'/uploads/2_176c9a0ab6.png',NULL,'local',NULL,'/1','2025-05-09 21:07:44.519000','2025-05-09 21:07:44.519000','2025-05-09 21:07:44.519000',NULL,NULL,NULL),(169,'lkvbla935dab6u7c6c6tbsbf','1.png',NULL,NULL,300,300,'{\"thumbnail\": {\"ext\": \".png\", \"url\": \"/uploads/thumbnail_1_246b6fe7fb.png\", \"hash\": \"thumbnail_1_246b6fe7fb\", \"mime\": \"image/png\", \"name\": \"thumbnail_1.png\", \"path\": null, \"size\": 35.92, \"width\": 156, \"height\": 156, \"sizeInBytes\": 35920}}','1_246b6fe7fb','.png','image/png',26.55,'/uploads/1_246b6fe7fb.png',NULL,'local',NULL,'/1','2025-05-09 21:08:21.535000','2025-05-09 21:08:21.535000','2025-05-09 21:08:21.535000',NULL,NULL,NULL),(170,'e8wi0laoyuhnnxphtdig5r3i','2.png',NULL,NULL,300,300,'{\"thumbnail\": {\"ext\": \".png\", \"url\": \"/uploads/thumbnail_2_563ca674be.png\", \"hash\": \"thumbnail_2_563ca674be\", \"mime\": \"image/png\", \"name\": \"thumbnail_2.png\", \"path\": null, \"size\": 26.96, \"width\": 156, \"height\": 156, \"sizeInBytes\": 26957}}','2_563ca674be','.png','image/png',19.19,'/uploads/2_563ca674be.png',NULL,'local',NULL,'/1','2025-05-09 21:08:24.727000','2025-05-09 21:08:24.727000','2025-05-09 21:08:24.727000',NULL,NULL,NULL),(171,'cewvet5hyhgv1wecf4oqf83f','1.png',NULL,NULL,300,300,'{\"thumbnail\": {\"ext\": \".png\", \"url\": \"/uploads/thumbnail_1_de78fc0147.png\", \"hash\": \"thumbnail_1_de78fc0147\", \"mime\": \"image/png\", \"name\": \"thumbnail_1.png\", \"path\": null, \"size\": 35.92, \"width\": 156, \"height\": 156, \"sizeInBytes\": 35920}}','1_de78fc0147','.png','image/png',26.55,'/uploads/1_de78fc0147.png',NULL,'local',NULL,'/1','2025-05-09 21:08:50.198000','2025-05-09 21:08:50.198000','2025-05-09 21:08:50.199000',NULL,NULL,NULL),(172,'ka2av1thzjw0fp84tew0tjkt','2.png',NULL,NULL,300,300,'{\"thumbnail\": {\"ext\": \".png\", \"url\": \"/uploads/thumbnail_2_95c210460e.png\", \"hash\": \"thumbnail_2_95c210460e\", \"mime\": \"image/png\", \"name\": \"thumbnail_2.png\", \"path\": null, \"size\": 26.96, \"width\": 156, \"height\": 156, \"sizeInBytes\": 26957}}','2_95c210460e','.png','image/png',19.19,'/uploads/2_95c210460e.png',NULL,'local',NULL,'/1','2025-05-09 21:08:52.036000','2025-05-09 21:08:52.036000','2025-05-09 21:08:52.037000',NULL,NULL,NULL),(173,'rmbkg6zugeaekdhad8pmu628','1.png',NULL,NULL,300,300,'{\"thumbnail\": {\"ext\": \".png\", \"url\": \"/uploads/thumbnail_1_cdbedb2ab0.png\", \"hash\": \"thumbnail_1_cdbedb2ab0\", \"mime\": \"image/png\", \"name\": \"thumbnail_1.png\", \"path\": null, \"size\": 35.92, \"width\": 156, \"height\": 156, \"sizeInBytes\": 35920}}','1_cdbedb2ab0','.png','image/png',26.55,'/uploads/1_cdbedb2ab0.png',NULL,'local',NULL,'/1','2025-05-09 21:09:20.822000','2025-05-09 21:09:20.822000','2025-05-09 21:09:20.822000',NULL,NULL,NULL),(174,'v6956cupj09lqbavoij85d5l','2.png',NULL,NULL,300,300,'{\"thumbnail\": {\"ext\": \".png\", \"url\": \"/uploads/thumbnail_2_cfacff0689.png\", \"hash\": \"thumbnail_2_cfacff0689\", \"mime\": \"image/png\", \"name\": \"thumbnail_2.png\", \"path\": null, \"size\": 26.96, \"width\": 156, \"height\": 156, \"sizeInBytes\": 26957}}','2_cfacff0689','.png','image/png',19.19,'/uploads/2_cfacff0689.png',NULL,'local',NULL,'/1','2025-05-09 21:09:22.710000','2025-05-09 21:09:22.710000','2025-05-09 21:09:22.710000',NULL,NULL,NULL),(175,'h4lc5w0sfcq1dl20ilyun79y','image (4).pdf',NULL,NULL,NULL,NULL,NULL,'image_4_c886b81abf','.pdf','application/pdf',194.77,'/uploads/image_4_c886b81abf.pdf',NULL,'local',NULL,'/1','2025-05-10 09:00:58.979000','2025-05-10 09:00:58.979000','2025-05-10 09:00:58.979000',NULL,NULL,NULL),(176,'mf10px0mux2evj2qp9vditxb','image (5).pdf',NULL,NULL,NULL,NULL,NULL,'image_5_b674f56f3f','.pdf','application/pdf',284.70,'/uploads/image_5_b674f56f3f.pdf',NULL,'local',NULL,'/1','2025-05-10 09:01:02.913000','2025-05-10 09:01:02.913000','2025-05-10 09:01:02.914000',NULL,NULL,NULL),(177,'luiwm6n4t05cp1fpobgl9nxz','W125-02-53498.pdf',NULL,NULL,NULL,NULL,NULL,'W125_02_53498_c118fe00d7','.pdf','application/pdf',117.85,'/uploads/W125_02_53498_c118fe00d7.pdf',NULL,'local',NULL,'/1','2025-05-10 09:01:11.613000','2025-05-10 09:01:11.613000','2025-05-10 09:01:11.613000',NULL,NULL,NULL),(178,'na9dunpgufvf3727drnyoowz','image (5).pdf',NULL,NULL,NULL,NULL,NULL,'image_5_6ff9e814cb','.pdf','application/pdf',284.70,'/uploads/image_5_6ff9e814cb.pdf',NULL,'local',NULL,'/1','2025-05-10 09:02:11.949000','2025-05-10 09:02:11.949000','2025-05-10 09:02:11.949000',NULL,NULL,NULL),(179,'rcd2c2g75rd61vdgdhr81noy','image (4).pdf',NULL,NULL,NULL,NULL,NULL,'image_4_235b502ad7','.pdf','application/pdf',194.77,'/uploads/image_4_235b502ad7.pdf',NULL,'local',NULL,'/1','2025-05-10 09:02:14.827000','2025-05-10 09:02:14.827000','2025-05-10 09:02:14.827000',NULL,NULL,NULL),(180,'bzh4kl2axl9u446ttxehkgoe','1.png',NULL,NULL,1440,360,'{\"large\": {\"ext\": \".png\", \"url\": \"/uploads/large_1_3447de36fe.png\", \"hash\": \"large_1_3447de36fe\", \"mime\": \"image/png\", \"name\": \"large_1.png\", \"path\": null, \"size\": 232.13, \"width\": 1000, \"height\": 250, \"sizeInBytes\": 232129}, \"small\": {\"ext\": \".png\", \"url\": \"/uploads/small_1_3447de36fe.png\", \"hash\": \"small_1_3447de36fe\", \"mime\": \"image/png\", \"name\": \"small_1.png\", \"path\": null, \"size\": 66.22, \"width\": 500, \"height\": 125, \"sizeInBytes\": 66224}, \"medium\": {\"ext\": \".png\", \"url\": \"/uploads/medium_1_3447de36fe.png\", \"hash\": \"medium_1_3447de36fe\", \"mime\": \"image/png\", \"name\": \"medium_1.png\", \"path\": null, \"size\": 136.24, \"width\": 750, \"height\": 188, \"sizeInBytes\": 136240}, \"thumbnail\": {\"ext\": \".png\", \"url\": \"/uploads/thumbnail_1_3447de36fe.png\", \"hash\": \"thumbnail_1_3447de36fe\", \"mime\": \"image/png\", \"name\": \"thumbnail_1.png\", \"path\": null, \"size\": 20.33, \"width\": 245, \"height\": 61, \"sizeInBytes\": 20329}}','1_3447de36fe','.png','image/png',92.86,'/uploads/1_3447de36fe.png',NULL,'local',NULL,'/1','2025-05-10 09:02:22.929000','2025-05-10 09:02:22.929000','2025-05-10 09:02:22.929000',NULL,NULL,NULL),(181,'uqw1pmzz6nw04vuhgc2108y2','W585-41-45751.pdf',NULL,NULL,NULL,NULL,NULL,'W585_41_45751_f768f23102','.pdf','application/pdf',117.25,'/uploads/W585_41_45751_f768f23102.pdf',NULL,'local',NULL,'/1','2025-05-10 09:02:27.655000','2025-05-10 09:02:27.655000','2025-05-10 09:02:27.655000',NULL,NULL,NULL),(182,'y9ixpcmq059yozz1xz4xqx9k','74379284_518021582116045_252087930003128320_n.jpg',NULL,NULL,1638,2048,'{\"large\": {\"ext\": \".jpg\", \"url\": \"/uploads/large_74379284_518021582116045_252087930003128320_n_92f6f51f47.jpg\", \"hash\": \"large_74379284_518021582116045_252087930003128320_n_92f6f51f47\", \"mime\": \"image/jpeg\", \"name\": \"large_74379284_518021582116045_252087930003128320_n.jpg\", \"path\": null, \"size\": 106, \"width\": 800, \"height\": 1000, \"sizeInBytes\": 106004}, \"small\": {\"ext\": \".jpg\", \"url\": \"/uploads/small_74379284_518021582116045_252087930003128320_n_92f6f51f47.jpg\", \"hash\": \"small_74379284_518021582116045_252087930003128320_n_92f6f51f47\", \"mime\": \"image/jpeg\", \"name\": \"small_74379284_518021582116045_252087930003128320_n.jpg\", \"path\": null, \"size\": 40.35, \"width\": 400, \"height\": 500, \"sizeInBytes\": 40348}, \"medium\": {\"ext\": \".jpg\", \"url\": \"/uploads/medium_74379284_518021582116045_252087930003128320_n_92f6f51f47.jpg\", \"hash\": \"medium_74379284_518021582116045_252087930003128320_n_92f6f51f47\", \"mime\": \"image/jpeg\", \"name\": \"medium_74379284_518021582116045_252087930003128320_n.jpg\", \"path\": null, \"size\": 71.71, \"width\": 600, \"height\": 750, \"sizeInBytes\": 71707}, \"thumbnail\": {\"ext\": \".jpg\", \"url\": \"/uploads/thumbnail_74379284_518021582116045_252087930003128320_n_92f6f51f47.jpg\", \"hash\": \"thumbnail_74379284_518021582116045_252087930003128320_n_92f6f51f47\", \"mime\": \"image/jpeg\", \"name\": \"thumbnail_74379284_518021582116045_252087930003128320_n.jpg\", \"path\": null, \"size\": 6.38, \"width\": 124, \"height\": 156, \"sizeInBytes\": 6379}}','74379284_518021582116045_252087930003128320_n_92f6f51f47','.jpg','image/jpeg',246.44,'/uploads/74379284_518021582116045_252087930003128320_n_92f6f51f47.jpg',NULL,'local',NULL,'/1','2025-05-10 09:02:41.871000','2025-05-10 09:02:41.871000','2025-05-10 09:02:41.871000',NULL,NULL,NULL),(183,'xuzlj0xemsrdm49ykcpntm2d','W585-41-45751.pdf',NULL,NULL,NULL,NULL,NULL,'W585_41_45751_89968b4ca5','.pdf','application/pdf',117.25,'/uploads/W585_41_45751_89968b4ca5.pdf',NULL,'local',NULL,'/1','2025-05-10 09:03:44.439000','2025-05-10 09:03:44.439000','2025-05-10 09:03:44.439000',NULL,NULL,NULL),(184,'ggdbneuo5mo1yth00lofsatc','W125-02-53498.pdf',NULL,NULL,NULL,NULL,NULL,'W125_02_53498_0b1892cc55','.pdf','application/pdf',117.85,'/uploads/W125_02_53498_0b1892cc55.pdf',NULL,'local',NULL,'/1','2025-05-10 09:03:47.730000','2025-05-10 09:03:47.730000','2025-05-10 09:03:47.730000',NULL,NULL,NULL),(185,'fwvsq4ohjuq0axrk6m2dar5s','image (5).pdf',NULL,NULL,NULL,NULL,NULL,'image_5_bfad5d8f03','.pdf','application/pdf',284.70,'/uploads/image_5_bfad5d8f03.pdf',NULL,'local',NULL,'/1','2025-05-10 09:03:52.014000','2025-05-10 09:03:52.014000','2025-05-10 09:03:52.014000',NULL,NULL,NULL),(186,'okf0r1xvn5s7jntgryq8uhul','image (4).pdf',NULL,NULL,NULL,NULL,NULL,'image_4_263eacbdb8','.pdf','application/pdf',194.77,'/uploads/image_4_263eacbdb8.pdf',NULL,'local',NULL,'/1','2025-05-10 09:04:08.354000','2025-05-10 09:04:08.354000','2025-05-10 09:04:08.354000',NULL,NULL,NULL),(187,'c5612314j8ki9cftk3edi2a6','305267423_589668326205671_6366483744347153245_n.png',NULL,NULL,400,400,'{\"thumbnail\": {\"ext\": \".png\", \"url\": \"/uploads/thumbnail_305267423_589668326205671_6366483744347153245_n_5b0cb59c3c.png\", \"hash\": \"thumbnail_305267423_589668326205671_6366483744347153245_n_5b0cb59c3c\", \"mime\": \"image/png\", \"name\": \"thumbnail_305267423_589668326205671_6366483744347153245_n.png\", \"path\": null, \"size\": 13.46, \"width\": 156, \"height\": 156, \"sizeInBytes\": 13459}}','305267423_589668326205671_6366483744347153245_n_5b0cb59c3c','.png','image/png',10.53,'/uploads/305267423_589668326205671_6366483744347153245_n_5b0cb59c3c.png',NULL,'local',NULL,'/1','2025-05-10 09:05:29.072000','2025-05-10 09:05:29.072000','2025-05-10 09:05:29.072000',NULL,NULL,NULL),(188,'b81eh6xjweput5yhn84m03g7','74379284_518021582116045_252087930003128320_n.jpg',NULL,NULL,1638,2048,'{\"large\": {\"ext\": \".jpg\", \"url\": \"/uploads/large_74379284_518021582116045_252087930003128320_n_3951055eb2.jpg\", \"hash\": \"large_74379284_518021582116045_252087930003128320_n_3951055eb2\", \"mime\": \"image/jpeg\", \"name\": \"large_74379284_518021582116045_252087930003128320_n.jpg\", \"path\": null, \"size\": 106, \"width\": 800, \"height\": 1000, \"sizeInBytes\": 106004}, \"small\": {\"ext\": \".jpg\", \"url\": \"/uploads/small_74379284_518021582116045_252087930003128320_n_3951055eb2.jpg\", \"hash\": \"small_74379284_518021582116045_252087930003128320_n_3951055eb2\", \"mime\": \"image/jpeg\", \"name\": \"small_74379284_518021582116045_252087930003128320_n.jpg\", \"path\": null, \"size\": 40.35, \"width\": 400, \"height\": 500, \"sizeInBytes\": 40348}, \"medium\": {\"ext\": \".jpg\", \"url\": \"/uploads/medium_74379284_518021582116045_252087930003128320_n_3951055eb2.jpg\", \"hash\": \"medium_74379284_518021582116045_252087930003128320_n_3951055eb2\", \"mime\": \"image/jpeg\", \"name\": \"medium_74379284_518021582116045_252087930003128320_n.jpg\", \"path\": null, \"size\": 71.71, \"width\": 600, \"height\": 750, \"sizeInBytes\": 71707}, \"thumbnail\": {\"ext\": \".jpg\", \"url\": \"/uploads/thumbnail_74379284_518021582116045_252087930003128320_n_3951055eb2.jpg\", \"hash\": \"thumbnail_74379284_518021582116045_252087930003128320_n_3951055eb2\", \"mime\": \"image/jpeg\", \"name\": \"thumbnail_74379284_518021582116045_252087930003128320_n.jpg\", \"path\": null, \"size\": 6.38, \"width\": 124, \"height\": 156, \"sizeInBytes\": 6379}}','74379284_518021582116045_252087930003128320_n_3951055eb2','.jpg','image/jpeg',246.44,'/uploads/74379284_518021582116045_252087930003128320_n_3951055eb2.jpg',NULL,'local',NULL,'/1','2025-05-10 09:05:34.670000','2025-05-10 09:05:34.670000','2025-05-10 09:05:34.670000',NULL,NULL,NULL),(189,'n9ljhi2s2tfatfi9rt7ij6qx','Emblem_of_Royal_Thai_Police_0.png',NULL,NULL,1330,1339,'{\"large\": {\"ext\": \".png\", \"url\": \"/uploads/large_Emblem_of_Royal_Thai_Police_0_c85ba8c850.png\", \"hash\": \"large_Emblem_of_Royal_Thai_Police_0_c85ba8c850\", \"mime\": \"image/png\", \"name\": \"large_Emblem_of_Royal_Thai_Police_0.png\", \"path\": null, \"size\": 338.15, \"width\": 993, \"height\": 1000, \"sizeInBytes\": 338149}, \"small\": {\"ext\": \".png\", \"url\": \"/uploads/small_Emblem_of_Royal_Thai_Police_0_c85ba8c850.png\", \"hash\": \"small_Emblem_of_Royal_Thai_Police_0_c85ba8c850\", \"mime\": \"image/png\", \"name\": \"small_Emblem_of_Royal_Thai_Police_0.png\", \"path\": null, \"size\": 121.65, \"width\": 497, \"height\": 500, \"sizeInBytes\": 121650}, \"medium\": {\"ext\": \".png\", \"url\": \"/uploads/medium_Emblem_of_Royal_Thai_Police_0_c85ba8c850.png\", \"hash\": \"medium_Emblem_of_Royal_Thai_Police_0_c85ba8c850\", \"mime\": \"image/png\", \"name\": \"medium_Emblem_of_Royal_Thai_Police_0.png\", \"path\": null, \"size\": 225.03, \"width\": 745, \"height\": 750, \"sizeInBytes\": 225028}, \"thumbnail\": {\"ext\": \".png\", \"url\": \"/uploads/thumbnail_Emblem_of_Royal_Thai_Police_0_c85ba8c850.png\", \"hash\": \"thumbnail_Emblem_of_Royal_Thai_Police_0_c85ba8c850\", \"mime\": \"image/png\", \"name\": \"thumbnail_Emblem_of_Royal_Thai_Police_0.png\", \"path\": null, \"size\": 19.01, \"width\": 155, \"height\": 156, \"sizeInBytes\": 19010}}','Emblem_of_Royal_Thai_Police_0_c85ba8c850','.png','image/png',61.13,'/uploads/Emblem_of_Royal_Thai_Police_0_c85ba8c850.png',NULL,'local',NULL,'/1','2025-05-10 09:05:41.364000','2025-05-10 09:05:41.364000','2025-05-10 09:05:41.365000',NULL,NULL,NULL),(190,'k9jtlmjfygabc6gaixj7mhu5','image (4).pdf',NULL,NULL,NULL,NULL,NULL,'image_4_2477456644','.pdf','application/pdf',194.77,'/uploads/image_4_2477456644.pdf',NULL,'local',NULL,'/1','2025-05-10 09:06:04.466000','2025-05-10 09:06:04.466000','2025-05-10 09:06:04.466000',NULL,NULL,NULL),(191,'oeibqq3yqr1z1oxvqcwt736k','804C7EAF-159E-4230-A56B-95D9625B69C1.png',NULL,NULL,1506,749,'{\"large\": {\"ext\": \".png\", \"url\": \"/uploads/large_804_C7_EAF_159_E_4230_A56_B_95_D9625_B69_C1_0b81d89074.png\", \"hash\": \"large_804_C7_EAF_159_E_4230_A56_B_95_D9625_B69_C1_0b81d89074\", \"mime\": \"image/png\", \"name\": \"large_804C7EAF-159E-4230-A56B-95D9625B69C1.png\", \"path\": null, \"size\": 132.88, \"width\": 1000, \"height\": 497, \"sizeInBytes\": 132875}, \"small\": {\"ext\": \".png\", \"url\": \"/uploads/small_804_C7_EAF_159_E_4230_A56_B_95_D9625_B69_C1_0b81d89074.png\", \"hash\": \"small_804_C7_EAF_159_E_4230_A56_B_95_D9625_B69_C1_0b81d89074\", \"mime\": \"image/png\", \"name\": \"small_804C7EAF-159E-4230-A56B-95D9625B69C1.png\", \"path\": null, \"size\": 41.34, \"width\": 500, \"height\": 249, \"sizeInBytes\": 41338}, \"medium\": {\"ext\": \".png\", \"url\": \"/uploads/medium_804_C7_EAF_159_E_4230_A56_B_95_D9625_B69_C1_0b81d89074.png\", \"hash\": \"medium_804_C7_EAF_159_E_4230_A56_B_95_D9625_B69_C1_0b81d89074\", \"mime\": \"image/png\", \"name\": \"medium_804C7EAF-159E-4230-A56B-95D9625B69C1.png\", \"path\": null, \"size\": 82.05, \"width\": 750, \"height\": 373, \"sizeInBytes\": 82052}, \"thumbnail\": {\"ext\": \".png\", \"url\": \"/uploads/thumbnail_804_C7_EAF_159_E_4230_A56_B_95_D9625_B69_C1_0b81d89074.png\", \"hash\": \"thumbnail_804_C7_EAF_159_E_4230_A56_B_95_D9625_B69_C1_0b81d89074\", \"mime\": \"image/png\", \"name\": \"thumbnail_804C7EAF-159E-4230-A56B-95D9625B69C1.png\", \"path\": null, \"size\": 13.44, \"width\": 245, \"height\": 122, \"sizeInBytes\": 13437}}','804_C7_EAF_159_E_4230_A56_B_95_D9625_B69_C1_0b81d89074','.png','image/png',87.87,'/uploads/804_C7_EAF_159_E_4230_A56_B_95_D9625_B69_C1_0b81d89074.png',NULL,'local',NULL,'/1','2025-05-10 09:07:22.369000','2025-05-10 09:07:22.369000','2025-05-10 09:07:22.369000',NULL,NULL,NULL),(192,'jr6m1ky7s1seeks2b9iifmjs','Emblem_of_Royal_Thai_Police_0.png',NULL,NULL,1330,1339,'{\"large\": {\"ext\": \".png\", \"url\": \"/uploads/large_Emblem_of_Royal_Thai_Police_0_5ef556253a.png\", \"hash\": \"large_Emblem_of_Royal_Thai_Police_0_5ef556253a\", \"mime\": \"image/png\", \"name\": \"large_Emblem_of_Royal_Thai_Police_0.png\", \"path\": null, \"size\": 338.15, \"width\": 993, \"height\": 1000, \"sizeInBytes\": 338149}, \"small\": {\"ext\": \".png\", \"url\": \"/uploads/small_Emblem_of_Royal_Thai_Police_0_5ef556253a.png\", \"hash\": \"small_Emblem_of_Royal_Thai_Police_0_5ef556253a\", \"mime\": \"image/png\", \"name\": \"small_Emblem_of_Royal_Thai_Police_0.png\", \"path\": null, \"size\": 121.65, \"width\": 497, \"height\": 500, \"sizeInBytes\": 121650}, \"medium\": {\"ext\": \".png\", \"url\": \"/uploads/medium_Emblem_of_Royal_Thai_Police_0_5ef556253a.png\", \"hash\": \"medium_Emblem_of_Royal_Thai_Police_0_5ef556253a\", \"mime\": \"image/png\", \"name\": \"medium_Emblem_of_Royal_Thai_Police_0.png\", \"path\": null, \"size\": 225.03, \"width\": 745, \"height\": 750, \"sizeInBytes\": 225028}, \"thumbnail\": {\"ext\": \".png\", \"url\": \"/uploads/thumbnail_Emblem_of_Royal_Thai_Police_0_5ef556253a.png\", \"hash\": \"thumbnail_Emblem_of_Royal_Thai_Police_0_5ef556253a\", \"mime\": \"image/png\", \"name\": \"thumbnail_Emblem_of_Royal_Thai_Police_0.png\", \"path\": null, \"size\": 19.01, \"width\": 155, \"height\": 156, \"sizeInBytes\": 19010}}','Emblem_of_Royal_Thai_Police_0_5ef556253a','.png','image/png',61.13,'/uploads/Emblem_of_Royal_Thai_Police_0_5ef556253a.png',NULL,'local',NULL,'/1','2025-05-10 09:07:35.144000','2025-05-10 09:07:35.144000','2025-05-10 09:07:35.144000',NULL,NULL,NULL),(193,'nrjs80zy2k2kmdg2oqmj9qi9','image (5).pdf',NULL,NULL,NULL,NULL,NULL,'image_5_b02514db55','.pdf','application/pdf',284.70,'/uploads/image_5_b02514db55.pdf',NULL,'local',NULL,'/1','2025-05-10 09:07:45.469000','2025-05-10 09:07:45.469000','2025-05-10 09:07:45.469000',NULL,NULL,NULL),(194,'r42ccssx66w87e327y0ugkox','image (4).pdf',NULL,NULL,NULL,NULL,NULL,'image_4_b35fd56b32','.pdf','application/pdf',194.77,'/uploads/image_4_b35fd56b32.pdf',NULL,'local',NULL,'/1','2025-05-10 09:15:40.656000','2025-05-10 09:15:40.656000','2025-05-10 09:15:40.657000',NULL,NULL,NULL),(195,'jlg2x4f58i7vx1tryaih4sm1','image (5).pdf',NULL,NULL,NULL,NULL,NULL,'image_5_4c64ae317f','.pdf','application/pdf',284.70,'/uploads/image_5_4c64ae317f.pdf',NULL,'local',NULL,'/1','2025-05-10 09:15:43.608000','2025-05-10 09:15:43.608000','2025-05-10 09:15:43.609000',NULL,NULL,NULL),(196,'o6lqdghfhde9rx5e6txnxslp','1.png',NULL,NULL,1440,360,'{\"large\": {\"ext\": \".png\", \"url\": \"/uploads/large_1_395844cfd8.png\", \"hash\": \"large_1_395844cfd8\", \"mime\": \"image/png\", \"name\": \"large_1.png\", \"path\": null, \"size\": 232.13, \"width\": 1000, \"height\": 250, \"sizeInBytes\": 232129}, \"small\": {\"ext\": \".png\", \"url\": \"/uploads/small_1_395844cfd8.png\", \"hash\": \"small_1_395844cfd8\", \"mime\": \"image/png\", \"name\": \"small_1.png\", \"path\": null, \"size\": 66.22, \"width\": 500, \"height\": 125, \"sizeInBytes\": 66224}, \"medium\": {\"ext\": \".png\", \"url\": \"/uploads/medium_1_395844cfd8.png\", \"hash\": \"medium_1_395844cfd8\", \"mime\": \"image/png\", \"name\": \"medium_1.png\", \"path\": null, \"size\": 136.24, \"width\": 750, \"height\": 188, \"sizeInBytes\": 136240}, \"thumbnail\": {\"ext\": \".png\", \"url\": \"/uploads/thumbnail_1_395844cfd8.png\", \"hash\": \"thumbnail_1_395844cfd8\", \"mime\": \"image/png\", \"name\": \"thumbnail_1.png\", \"path\": null, \"size\": 20.33, \"width\": 245, \"height\": 61, \"sizeInBytes\": 20329}}','1_395844cfd8','.png','image/png',92.86,'/uploads/1_395844cfd8.png',NULL,'local',NULL,'/1','2025-05-10 09:15:51.824000','2025-05-10 09:15:51.824000','2025-05-10 09:15:51.824000',NULL,NULL,NULL),(197,'cot2b9in7g5gousyi3s795o8','W125-02-53498.pdf',NULL,NULL,NULL,NULL,NULL,'W125_02_53498_756e6f7e67','.pdf','application/pdf',117.85,'/uploads/W125_02_53498_756e6f7e67.pdf',NULL,'local',NULL,'/1','2025-05-10 09:15:57.818000','2025-05-10 09:15:57.818000','2025-05-10 09:15:57.819000',NULL,NULL,NULL),(198,'a0sto86km34gg471lgvwsjwz','image (5).pdf',NULL,NULL,NULL,NULL,NULL,'image_5_382571e088','.pdf','application/pdf',284.70,'/uploads/image_5_382571e088.pdf',NULL,'local',NULL,'/1','2025-05-10 09:16:35.692000','2025-05-10 09:16:35.692000','2025-05-10 09:16:35.692000',NULL,NULL,NULL),(199,'yfb7hnrb4frz38hzj0w6fvpy','image (4).pdf',NULL,NULL,NULL,NULL,NULL,'image_4_35f82930a2','.pdf','application/pdf',194.77,'/uploads/image_4_35f82930a2.pdf',NULL,'local',NULL,'/1','2025-05-10 09:16:38.681000','2025-05-10 09:16:38.681000','2025-05-10 09:16:38.681000',NULL,NULL,NULL),(200,'b02cygp167l7w4eaprpuk39k','W585-41-45751.pdf',NULL,NULL,NULL,NULL,NULL,'W585_41_45751_917d3148b0','.pdf','application/pdf',117.25,'/uploads/W585_41_45751_917d3148b0.pdf',NULL,'local',NULL,'/1','2025-05-10 09:16:55.126000','2025-05-10 09:16:55.126000','2025-05-10 09:16:55.126000',NULL,NULL,NULL),(201,'kathcin28nhpf14cv5s4phuh','W125-02-53498.pdf',NULL,NULL,NULL,NULL,NULL,'W125_02_53498_2b2976ba76','.pdf','application/pdf',117.85,'/uploads/W125_02_53498_2b2976ba76.pdf',NULL,'local',NULL,'/1','2025-05-10 09:17:43.551000','2025-05-10 09:17:43.551000','2025-05-10 09:17:43.551000',NULL,NULL,NULL),(202,'zy20ozvne6sjcsiktvhyjsv9','W585-41-45751.pdf',NULL,NULL,NULL,NULL,NULL,'W585_41_45751_66fca836e1','.pdf','application/pdf',117.25,'/uploads/W585_41_45751_66fca836e1.pdf',NULL,'local',NULL,'/1','2025-05-10 09:17:47.039000','2025-05-10 09:17:47.039000','2025-05-10 09:17:47.039000',NULL,NULL,NULL),(203,'pdu1aldb7p3esgqmohp06l7e','1.png',NULL,NULL,1440,360,'{\"large\": {\"ext\": \".png\", \"url\": \"/uploads/large_1_5989d748a0.png\", \"hash\": \"large_1_5989d748a0\", \"mime\": \"image/png\", \"name\": \"large_1.png\", \"path\": null, \"size\": 232.13, \"width\": 1000, \"height\": 250, \"sizeInBytes\": 232129}, \"small\": {\"ext\": \".png\", \"url\": \"/uploads/small_1_5989d748a0.png\", \"hash\": \"small_1_5989d748a0\", \"mime\": \"image/png\", \"name\": \"small_1.png\", \"path\": null, \"size\": 66.22, \"width\": 500, \"height\": 125, \"sizeInBytes\": 66224}, \"medium\": {\"ext\": \".png\", \"url\": \"/uploads/medium_1_5989d748a0.png\", \"hash\": \"medium_1_5989d748a0\", \"mime\": \"image/png\", \"name\": \"medium_1.png\", \"path\": null, \"size\": 136.24, \"width\": 750, \"height\": 188, \"sizeInBytes\": 136240}, \"thumbnail\": {\"ext\": \".png\", \"url\": \"/uploads/thumbnail_1_5989d748a0.png\", \"hash\": \"thumbnail_1_5989d748a0\", \"mime\": \"image/png\", \"name\": \"thumbnail_1.png\", \"path\": null, \"size\": 20.33, \"width\": 245, \"height\": 61, \"sizeInBytes\": 20329}}','1_5989d748a0','.png','image/png',92.86,'/uploads/1_5989d748a0.png',NULL,'local',NULL,'/1','2025-05-10 09:17:51.775000','2025-05-10 09:17:51.775000','2025-05-10 09:17:51.775000',NULL,NULL,NULL),(204,'bzgw7bzcreitmlr68y3lbr3c','image (4).pdf',NULL,NULL,NULL,NULL,NULL,'image_4_70f5255553','.pdf','application/pdf',194.77,'/uploads/image_4_70f5255553.pdf',NULL,'local',NULL,'/1','2025-05-10 09:17:56.553000','2025-05-10 09:17:56.553000','2025-05-10 09:17:56.553000',NULL,NULL,NULL),(205,'vzswiicq030u02olhe23qf9j','image (4).png',NULL,NULL,1280,720,'{\"large\": {\"ext\": \".png\", \"url\": \"/uploads/large_image_4_03ddee78a9.png\", \"hash\": \"large_image_4_03ddee78a9\", \"mime\": \"image/png\", \"name\": \"large_image (4).png\", \"path\": null, \"size\": 347.93, \"width\": 1000, \"height\": 563, \"sizeInBytes\": 347929}, \"small\": {\"ext\": \".png\", \"url\": \"/uploads/small_image_4_03ddee78a9.png\", \"hash\": \"small_image_4_03ddee78a9\", \"mime\": \"image/png\", \"name\": \"small_image (4).png\", \"path\": null, \"size\": 107.59, \"width\": 500, \"height\": 281, \"sizeInBytes\": 107586}, \"medium\": {\"ext\": \".png\", \"url\": \"/uploads/medium_image_4_03ddee78a9.png\", \"hash\": \"medium_image_4_03ddee78a9\", \"mime\": \"image/png\", \"name\": \"medium_image (4).png\", \"path\": null, \"size\": 214.97, \"width\": 750, \"height\": 422, \"sizeInBytes\": 214972}, \"thumbnail\": {\"ext\": \".png\", \"url\": \"/uploads/thumbnail_image_4_03ddee78a9.png\", \"hash\": \"thumbnail_image_4_03ddee78a9\", \"mime\": \"image/png\", \"name\": \"thumbnail_image (4).png\", \"path\": null, \"size\": 34, \"width\": 245, \"height\": 138, \"sizeInBytes\": 34001}}','image_4_03ddee78a9','.png','image/png',163.38,'/uploads/image_4_03ddee78a9.png',NULL,'local',NULL,'/1','2025-05-10 09:18:45.016000','2025-05-10 09:18:45.016000','2025-05-10 09:18:45.016000',NULL,NULL,NULL),(206,'deydirz53gse9gtvbnot1sgk','image (5).png',NULL,NULL,1852,867,'{\"large\": {\"ext\": \".png\", \"url\": \"/uploads/large_image_5_81f8763ebf.png\", \"hash\": \"large_image_5_81f8763ebf\", \"mime\": \"image/png\", \"name\": \"large_image (5).png\", \"path\": null, \"size\": 119.83, \"width\": 1000, \"height\": 468, \"sizeInBytes\": 119827}, \"small\": {\"ext\": \".png\", \"url\": \"/uploads/small_image_5_81f8763ebf.png\", \"hash\": \"small_image_5_81f8763ebf\", \"mime\": \"image/png\", \"name\": \"small_image (5).png\", \"path\": null, \"size\": 46.39, \"width\": 500, \"height\": 234, \"sizeInBytes\": 46393}, \"medium\": {\"ext\": \".png\", \"url\": \"/uploads/medium_image_5_81f8763ebf.png\", \"hash\": \"medium_image_5_81f8763ebf\", \"mime\": \"image/png\", \"name\": \"medium_image (5).png\", \"path\": null, \"size\": 82.2, \"width\": 750, \"height\": 351, \"sizeInBytes\": 82197}, \"thumbnail\": {\"ext\": \".png\", \"url\": \"/uploads/thumbnail_image_5_81f8763ebf.png\", \"hash\": \"thumbnail_image_5_81f8763ebf\", \"mime\": \"image/png\", \"name\": \"thumbnail_image (5).png\", \"path\": null, \"size\": 16.32, \"width\": 245, \"height\": 115, \"sizeInBytes\": 16323}}','image_5_81f8763ebf','.png','image/png',77.25,'/uploads/image_5_81f8763ebf.png',NULL,'local',NULL,'/1','2025-05-10 09:18:48.157000','2025-05-10 09:18:48.157000','2025-05-10 09:18:48.157000',NULL,NULL,NULL),(207,'qkhp1gx15qb0drymk78qvfr8','W125-02-53498.pdf',NULL,NULL,NULL,NULL,NULL,'W125_02_53498_eb986445c5','.pdf','application/pdf',117.85,'/uploads/W125_02_53498_eb986445c5.pdf',NULL,'local',NULL,'/1','2025-05-10 09:18:56.994000','2025-05-10 09:18:56.994000','2025-05-10 09:18:56.994000',NULL,NULL,NULL),(208,'ou7kg6r31gbuw6o8b61r8wcz','1.png',NULL,NULL,1440,360,'{\"large\": {\"ext\": \".png\", \"url\": \"/uploads/large_1_c67fa1a0cf.png\", \"hash\": \"large_1_c67fa1a0cf\", \"mime\": \"image/png\", \"name\": \"large_1.png\", \"path\": null, \"size\": 232.13, \"width\": 1000, \"height\": 250, \"sizeInBytes\": 232129}, \"small\": {\"ext\": \".png\", \"url\": \"/uploads/small_1_c67fa1a0cf.png\", \"hash\": \"small_1_c67fa1a0cf\", \"mime\": \"image/png\", \"name\": \"small_1.png\", \"path\": null, \"size\": 66.22, \"width\": 500, \"height\": 125, \"sizeInBytes\": 66224}, \"medium\": {\"ext\": \".png\", \"url\": \"/uploads/medium_1_c67fa1a0cf.png\", \"hash\": \"medium_1_c67fa1a0cf\", \"mime\": \"image/png\", \"name\": \"medium_1.png\", \"path\": null, \"size\": 136.24, \"width\": 750, \"height\": 188, \"sizeInBytes\": 136240}, \"thumbnail\": {\"ext\": \".png\", \"url\": \"/uploads/thumbnail_1_c67fa1a0cf.png\", \"hash\": \"thumbnail_1_c67fa1a0cf\", \"mime\": \"image/png\", \"name\": \"thumbnail_1.png\", \"path\": null, \"size\": 20.33, \"width\": 245, \"height\": 61, \"sizeInBytes\": 20329}}','1_c67fa1a0cf','.png','image/png',92.86,'/uploads/1_c67fa1a0cf.png',NULL,'local',NULL,'/1','2025-05-10 09:19:43.256000','2025-05-10 09:19:43.256000','2025-05-10 09:19:43.256000',NULL,NULL,NULL),(209,'xdx0lnouyahroxzxksif78bp','W125-02-53498.pdf',NULL,NULL,NULL,NULL,NULL,'W125_02_53498_9f4259c3c3','.pdf','application/pdf',117.85,'/uploads/W125_02_53498_9f4259c3c3.pdf',NULL,'local',NULL,'/1','2025-05-10 09:19:58.669000','2025-05-10 09:19:58.669000','2025-05-10 09:19:58.669000',NULL,NULL,NULL),(210,'dygyptkiu6pofd95r694t0aa','images.png',NULL,NULL,284,178,'{\"thumbnail\": {\"ext\": \".png\", \"url\": \"/uploads/thumbnail_images_454191050c.png\", \"hash\": \"thumbnail_images_454191050c\", \"mime\": \"image/png\", \"name\": \"thumbnail_images.png\", \"path\": null, \"size\": 6.13, \"width\": 245, \"height\": 154, \"sizeInBytes\": 6125}}','images_454191050c','.png','image/png',1.89,'/uploads/images_454191050c.png',NULL,'local',NULL,'/1','2025-05-10 13:20:00.371000','2025-05-10 13:20:00.371000','2025-05-10 13:20:00.371000',NULL,NULL,NULL),(211,'tbr4j1bz55xh7uvsuy7xr01k','images.png',NULL,NULL,284,178,'{\"thumbnail\": {\"ext\": \".png\", \"url\": \"/uploads/thumbnail_images_c5f7954c76.png\", \"hash\": \"thumbnail_images_c5f7954c76\", \"mime\": \"image/png\", \"name\": \"thumbnail_images.png\", \"path\": null, \"size\": 6.13, \"width\": 245, \"height\": 154, \"sizeInBytes\": 6125}}','images_c5f7954c76','.png','image/png',1.89,'/uploads/images_c5f7954c76.png',NULL,'local',NULL,'/1','2025-05-10 13:20:02.567000','2025-05-10 13:20:02.567000','2025-05-10 13:20:02.567000',NULL,NULL,NULL),(212,'auca4jrxoofueqlpwcaw9gi2','d95c1f148207527.62d1246c25004.jpg',NULL,NULL,1200,1200,'{\"large\": {\"ext\": \".jpg\", \"url\": \"/uploads/large_d95c1f148207527_62d1246c25004_4179dc79a1.jpg\", \"hash\": \"large_d95c1f148207527_62d1246c25004_4179dc79a1\", \"mime\": \"image/jpeg\", \"name\": \"large_d95c1f148207527.62d1246c25004.jpg\", \"path\": null, \"size\": 46.85, \"width\": 1000, \"height\": 1000, \"sizeInBytes\": 46852}, \"small\": {\"ext\": \".jpg\", \"url\": \"/uploads/small_d95c1f148207527_62d1246c25004_4179dc79a1.jpg\", \"hash\": \"small_d95c1f148207527_62d1246c25004_4179dc79a1\", \"mime\": \"image/jpeg\", \"name\": \"small_d95c1f148207527.62d1246c25004.jpg\", \"path\": null, \"size\": 18.34, \"width\": 500, \"height\": 500, \"sizeInBytes\": 18335}, \"medium\": {\"ext\": \".jpg\", \"url\": \"/uploads/medium_d95c1f148207527_62d1246c25004_4179dc79a1.jpg\", \"hash\": \"medium_d95c1f148207527_62d1246c25004_4179dc79a1\", \"mime\": \"image/jpeg\", \"name\": \"medium_d95c1f148207527.62d1246c25004.jpg\", \"path\": null, \"size\": 31.36, \"width\": 750, \"height\": 750, \"sizeInBytes\": 31361}, \"thumbnail\": {\"ext\": \".jpg\", \"url\": \"/uploads/thumbnail_d95c1f148207527_62d1246c25004_4179dc79a1.jpg\", \"hash\": \"thumbnail_d95c1f148207527_62d1246c25004_4179dc79a1\", \"mime\": \"image/jpeg\", \"name\": \"thumbnail_d95c1f148207527.62d1246c25004.jpg\", \"path\": null, \"size\": 3.77, \"width\": 156, \"height\": 156, \"sizeInBytes\": 3774}}','d95c1f148207527_62d1246c25004_4179dc79a1','.jpg','image/jpeg',59.91,'/uploads/d95c1f148207527_62d1246c25004_4179dc79a1.jpg',NULL,'local',NULL,'/1','2025-05-10 13:20:21.585000','2025-05-10 13:20:21.585000','2025-05-10 13:20:21.585000',NULL,NULL,NULL),(213,'a6d3qnwk0iuy8x8pgtrnoxym','d95c1f148207527.62d1246c25004.jpg',NULL,NULL,1200,1200,'{\"large\": {\"ext\": \".jpg\", \"url\": \"/uploads/large_d95c1f148207527_62d1246c25004_d15eec7b38.jpg\", \"hash\": \"large_d95c1f148207527_62d1246c25004_d15eec7b38\", \"mime\": \"image/jpeg\", \"name\": \"large_d95c1f148207527.62d1246c25004.jpg\", \"path\": null, \"size\": 46.85, \"width\": 1000, \"height\": 1000, \"sizeInBytes\": 46852}, \"small\": {\"ext\": \".jpg\", \"url\": \"/uploads/small_d95c1f148207527_62d1246c25004_d15eec7b38.jpg\", \"hash\": \"small_d95c1f148207527_62d1246c25004_d15eec7b38\", \"mime\": \"image/jpeg\", \"name\": \"small_d95c1f148207527.62d1246c25004.jpg\", \"path\": null, \"size\": 18.34, \"width\": 500, \"height\": 500, \"sizeInBytes\": 18335}, \"medium\": {\"ext\": \".jpg\", \"url\": \"/uploads/medium_d95c1f148207527_62d1246c25004_d15eec7b38.jpg\", \"hash\": \"medium_d95c1f148207527_62d1246c25004_d15eec7b38\", \"mime\": \"image/jpeg\", \"name\": \"medium_d95c1f148207527.62d1246c25004.jpg\", \"path\": null, \"size\": 31.36, \"width\": 750, \"height\": 750, \"sizeInBytes\": 31361}, \"thumbnail\": {\"ext\": \".jpg\", \"url\": \"/uploads/thumbnail_d95c1f148207527_62d1246c25004_d15eec7b38.jpg\", \"hash\": \"thumbnail_d95c1f148207527_62d1246c25004_d15eec7b38\", \"mime\": \"image/jpeg\", \"name\": \"thumbnail_d95c1f148207527.62d1246c25004.jpg\", \"path\": null, \"size\": 3.77, \"width\": 156, \"height\": 156, \"sizeInBytes\": 3774}}','d95c1f148207527_62d1246c25004_d15eec7b38','.jpg','image/jpeg',59.91,'/uploads/d95c1f148207527_62d1246c25004_d15eec7b38.jpg',NULL,'local',NULL,'/1','2025-05-10 13:20:23.296000','2025-05-10 13:20:23.296000','2025-05-10 13:20:23.297000',NULL,NULL,NULL),(214,'jm9sz4cu1xzncuo2jhigybnh','images.png',NULL,NULL,284,178,'{\"thumbnail\": {\"ext\": \".png\", \"url\": \"/uploads/thumbnail_images_1619337663.png\", \"hash\": \"thumbnail_images_1619337663\", \"mime\": \"image/png\", \"name\": \"thumbnail_images.png\", \"path\": null, \"size\": 6.13, \"width\": 245, \"height\": 154, \"sizeInBytes\": 6125}}','images_1619337663','.png','image/png',1.89,'/uploads/images_1619337663.png',NULL,'local',NULL,'/1','2025-05-10 13:20:25.271000','2025-05-10 13:20:25.271000','2025-05-10 13:20:25.272000',NULL,NULL,NULL),(215,'m3e61ko2edj07if2evv9pve5','images.png',NULL,NULL,284,178,'{\"thumbnail\": {\"ext\": \".png\", \"url\": \"/uploads/thumbnail_images_e8fbe3da25.png\", \"hash\": \"thumbnail_images_e8fbe3da25\", \"mime\": \"image/png\", \"name\": \"thumbnail_images.png\", \"path\": null, \"size\": 6.13, \"width\": 245, \"height\": 154, \"sizeInBytes\": 6125}}','images_e8fbe3da25','.png','image/png',1.89,'/uploads/images_e8fbe3da25.png',NULL,'local',NULL,'/1','2025-05-10 13:20:38.528000','2025-05-10 13:20:38.528000','2025-05-10 13:20:38.528000',NULL,NULL,NULL),(216,'nf29ozsq13l0bt32wkrq7azc','images.png',NULL,NULL,284,178,'{\"thumbnail\": {\"ext\": \".png\", \"url\": \"/uploads/thumbnail_images_bb2f7da4a5.png\", \"hash\": \"thumbnail_images_bb2f7da4a5\", \"mime\": \"image/png\", \"name\": \"thumbnail_images.png\", \"path\": null, \"size\": 6.13, \"width\": 245, \"height\": 154, \"sizeInBytes\": 6125}}','images_bb2f7da4a5','.png','image/png',1.89,'/uploads/images_bb2f7da4a5.png',NULL,'local',NULL,'/1','2025-05-10 13:20:40.751000','2025-05-10 13:20:40.751000','2025-05-10 13:20:40.751000',NULL,NULL,NULL),(217,'vsgptk3fx2cbahkc118keesn','images.png',NULL,NULL,284,178,'{\"thumbnail\": {\"ext\": \".png\", \"url\": \"/uploads/thumbnail_images_5c07ff6e3f.png\", \"hash\": \"thumbnail_images_5c07ff6e3f\", \"mime\": \"image/png\", \"name\": \"thumbnail_images.png\", \"path\": null, \"size\": 6.13, \"width\": 245, \"height\": 154, \"sizeInBytes\": 6125}}','images_5c07ff6e3f','.png','image/png',1.89,'/uploads/images_5c07ff6e3f.png',NULL,'local',NULL,'/1','2025-05-10 13:20:52.872000','2025-05-10 13:20:52.872000','2025-05-10 13:20:52.872000',NULL,NULL,NULL),(218,'jyzvqo6vaov197z5a9wkd9tu','images.png',NULL,NULL,284,178,'{\"thumbnail\": {\"ext\": \".png\", \"url\": \"/uploads/thumbnail_images_bd1b4ec261.png\", \"hash\": \"thumbnail_images_bd1b4ec261\", \"mime\": \"image/png\", \"name\": \"thumbnail_images.png\", \"path\": null, \"size\": 6.13, \"width\": 245, \"height\": 154, \"sizeInBytes\": 6125}}','images_bd1b4ec261','.png','image/png',1.89,'/uploads/images_bd1b4ec261.png',NULL,'local',NULL,'/1','2025-05-10 13:20:54.623000','2025-05-10 13:20:54.623000','2025-05-10 13:20:54.624000',NULL,NULL,NULL),(219,'kddtolakzm3an8bwvqzjk6ia','images.png',NULL,NULL,284,178,'{\"thumbnail\": {\"ext\": \".png\", \"url\": \"/uploads/thumbnail_images_2bbdee7bce.png\", \"hash\": \"thumbnail_images_2bbdee7bce\", \"mime\": \"image/png\", \"name\": \"thumbnail_images.png\", \"path\": null, \"size\": 6.13, \"width\": 245, \"height\": 154, \"sizeInBytes\": 6125}}','images_2bbdee7bce','.png','image/png',1.89,'/uploads/images_2bbdee7bce.png',NULL,'local',NULL,'/1','2025-05-10 13:21:05.336000','2025-05-10 13:21:05.336000','2025-05-10 13:21:05.336000',NULL,NULL,NULL),(220,'q7vwjuht8emtof9b0a1t4vc0','images.png',NULL,NULL,284,178,'{\"thumbnail\": {\"ext\": \".png\", \"url\": \"/uploads/thumbnail_images_e3d1f41a8e.png\", \"hash\": \"thumbnail_images_e3d1f41a8e\", \"mime\": \"image/png\", \"name\": \"thumbnail_images.png\", \"path\": null, \"size\": 6.13, \"width\": 245, \"height\": 154, \"sizeInBytes\": 6125}}','images_e3d1f41a8e','.png','image/png',1.89,'/uploads/images_e3d1f41a8e.png',NULL,'local',NULL,'/1','2025-05-10 13:21:07.041000','2025-05-10 13:21:07.041000','2025-05-10 13:21:07.041000',NULL,NULL,NULL),(221,'nz5yopq2qg85rpowq2grsxv0','1.png',NULL,NULL,300,300,'{\"thumbnail\": {\"ext\": \".png\", \"url\": \"/uploads/thumbnail_1_7200fad070.png\", \"hash\": \"thumbnail_1_7200fad070\", \"mime\": \"image/png\", \"name\": \"thumbnail_1.png\", \"path\": null, \"size\": 35.92, \"width\": 156, \"height\": 156, \"sizeInBytes\": 35920}}','1_7200fad070','.png','image/png',26.55,'/uploads/1_7200fad070.png',NULL,'local',NULL,'/1','2025-05-10 13:32:26.191000','2025-05-10 13:32:26.191000','2025-05-10 13:32:26.192000',NULL,NULL,NULL),(222,'rdmvgemcmkglmblnq22k84mi','2.png',NULL,NULL,300,300,'{\"thumbnail\": {\"ext\": \".png\", \"url\": \"/uploads/thumbnail_2_9a41ed8d56.png\", \"hash\": \"thumbnail_2_9a41ed8d56\", \"mime\": \"image/png\", \"name\": \"thumbnail_2.png\", \"path\": null, \"size\": 26.96, \"width\": 156, \"height\": 156, \"sizeInBytes\": 26957}}','2_9a41ed8d56','.png','image/png',19.19,'/uploads/2_9a41ed8d56.png',NULL,'local',NULL,'/1','2025-05-10 13:32:28.270000','2025-05-10 13:32:28.270000','2025-05-10 13:32:28.270000',NULL,NULL,NULL),(223,'fih5qr8c19oyvcknvhlguzzu','3.png',NULL,NULL,300,300,'{\"thumbnail\": {\"ext\": \".png\", \"url\": \"/uploads/thumbnail_3_7c66f28f6d.png\", \"hash\": \"thumbnail_3_7c66f28f6d\", \"mime\": \"image/png\", \"name\": \"thumbnail_3.png\", \"path\": null, \"size\": 16.97, \"width\": 156, \"height\": 156, \"sizeInBytes\": 16972}}','3_7c66f28f6d','.png','image/png',10.25,'/uploads/3_7c66f28f6d.png',NULL,'local',NULL,'/1','2025-05-10 13:32:41.960000','2025-05-10 13:32:41.960000','2025-05-10 13:32:41.960000',NULL,NULL,NULL),(224,'i1psp7spwbppb88q954clsl1','02-chapter2_2.pdf',NULL,NULL,NULL,NULL,NULL,'02_chapter2_2_e2b468c1ba','.pdf','application/pdf',331.49,'/uploads/02_chapter2_2_e2b468c1ba.pdf',NULL,'local',NULL,'/1','2025-05-10 13:32:46.066000','2025-05-10 13:32:46.066000','2025-05-10 13:32:46.067000',NULL,NULL,NULL),(225,'oubemo90wq2j4jnptn7a7fx2','1.png',NULL,NULL,300,300,'{\"thumbnail\": {\"ext\": \".png\", \"url\": \"/uploads/thumbnail_1_cd259e0f04.png\", \"hash\": \"thumbnail_1_cd259e0f04\", \"mime\": \"image/png\", \"name\": \"thumbnail_1.png\", \"path\": null, \"size\": 35.92, \"width\": 156, \"height\": 156, \"sizeInBytes\": 35920}}','1_cd259e0f04','.png','image/png',26.55,'/uploads/1_cd259e0f04.png',NULL,'local',NULL,'/1','2025-05-10 13:33:08.863000','2025-05-10 13:33:08.863000','2025-05-10 13:33:08.863000',NULL,NULL,NULL),(226,'ombwefuybx89c9hbcc6r94ua','2.png',NULL,NULL,300,300,'{\"thumbnail\": {\"ext\": \".png\", \"url\": \"/uploads/thumbnail_2_4cae363390.png\", \"hash\": \"thumbnail_2_4cae363390\", \"mime\": \"image/png\", \"name\": \"thumbnail_2.png\", \"path\": null, \"size\": 26.96, \"width\": 156, \"height\": 156, \"sizeInBytes\": 26957}}','2_4cae363390','.png','image/png',19.19,'/uploads/2_4cae363390.png',NULL,'local',NULL,'/1','2025-05-10 13:33:11.244000','2025-05-10 13:33:11.244000','2025-05-10 13:33:11.244000',NULL,NULL,NULL),(227,'u013e37lyg20l9qcvb3cm716','3.png',NULL,NULL,300,300,'{\"thumbnail\": {\"ext\": \".png\", \"url\": \"/uploads/thumbnail_3_2c276d4a87.png\", \"hash\": \"thumbnail_3_2c276d4a87\", \"mime\": \"image/png\", \"name\": \"thumbnail_3.png\", \"path\": null, \"size\": 16.97, \"width\": 156, \"height\": 156, \"sizeInBytes\": 16972}}','3_2c276d4a87','.png','image/png',10.25,'/uploads/3_2c276d4a87.png',NULL,'local',NULL,'/1','2025-05-10 13:33:15.809000','2025-05-10 13:33:15.809000','2025-05-10 13:33:15.809000',NULL,NULL,NULL),(228,'o9uytr1npnser1nxnc4j6goa','3.png',NULL,NULL,300,300,'{\"thumbnail\": {\"ext\": \".png\", \"url\": \"/uploads/thumbnail_3_5adf1d4af2.png\", \"hash\": \"thumbnail_3_5adf1d4af2\", \"mime\": \"image/png\", \"name\": \"thumbnail_3.png\", \"path\": null, \"size\": 16.97, \"width\": 156, \"height\": 156, \"sizeInBytes\": 16972}}','3_5adf1d4af2','.png','image/png',10.25,'/uploads/3_5adf1d4af2.png',NULL,'local',NULL,'/1','2025-05-10 13:33:37.079000','2025-05-10 13:33:37.079000','2025-05-10 13:33:37.079000',NULL,NULL,NULL),(229,'ypmzdssj1wwevhjh0jnpvyfp','2.png',NULL,NULL,300,300,'{\"thumbnail\": {\"ext\": \".png\", \"url\": \"/uploads/thumbnail_2_61b757b1fb.png\", \"hash\": \"thumbnail_2_61b757b1fb\", \"mime\": \"image/png\", \"name\": \"thumbnail_2.png\", \"path\": null, \"size\": 26.96, \"width\": 156, \"height\": 156, \"sizeInBytes\": 26957}}','2_61b757b1fb','.png','image/png',19.19,'/uploads/2_61b757b1fb.png',NULL,'local',NULL,'/1','2025-05-10 13:33:39.118000','2025-05-10 13:33:39.118000','2025-05-10 13:33:39.118000',NULL,NULL,NULL),(230,'rxg82dq3i4xea0dhkaeg6hxc','1.png',NULL,NULL,300,300,'{\"thumbnail\": {\"ext\": \".png\", \"url\": \"/uploads/thumbnail_1_5a5f4871b4.png\", \"hash\": \"thumbnail_1_5a5f4871b4\", \"mime\": \"image/png\", \"name\": \"thumbnail_1.png\", \"path\": null, \"size\": 35.92, \"width\": 156, \"height\": 156, \"sizeInBytes\": 35920}}','1_5a5f4871b4','.png','image/png',26.55,'/uploads/1_5a5f4871b4.png',NULL,'local',NULL,'/1','2025-05-10 13:33:42.135000','2025-05-10 13:33:42.135000','2025-05-10 13:33:42.135000',NULL,NULL,NULL),(231,'kyd9zfuaralyob4xi4gn8rld','02-chapter2_2.pdf',NULL,NULL,NULL,NULL,NULL,'02_chapter2_2_e4426ebc24','.pdf','application/pdf',331.49,'/uploads/02_chapter2_2_e4426ebc24.pdf',NULL,'local',NULL,'/1','2025-05-10 13:33:46.134000','2025-05-10 13:33:46.134000','2025-05-10 13:33:46.134000',NULL,NULL,NULL),(232,'h1csf80klo3ikggu2dgl1qci','1.png',NULL,NULL,300,300,'{\"thumbnail\": {\"ext\": \".png\", \"url\": \"/uploads/thumbnail_1_c8a25e6b31.png\", \"hash\": \"thumbnail_1_c8a25e6b31\", \"mime\": \"image/png\", \"name\": \"thumbnail_1.png\", \"path\": null, \"size\": 35.92, \"width\": 156, \"height\": 156, \"sizeInBytes\": 35920}}','1_c8a25e6b31','.png','image/png',26.55,'/uploads/1_c8a25e6b31.png',NULL,'local',NULL,'/1','2025-05-10 13:34:02.917000','2025-05-10 13:34:02.917000','2025-05-10 13:34:02.917000',NULL,NULL,NULL),(233,'zf3k75l4onccxb1rwtv0wj72','2.png',NULL,NULL,300,300,'{\"thumbnail\": {\"ext\": \".png\", \"url\": \"/uploads/thumbnail_2_bfd44aa9bc.png\", \"hash\": \"thumbnail_2_bfd44aa9bc\", \"mime\": \"image/png\", \"name\": \"thumbnail_2.png\", \"path\": null, \"size\": 26.96, \"width\": 156, \"height\": 156, \"sizeInBytes\": 26957}}','2_bfd44aa9bc','.png','image/png',19.19,'/uploads/2_bfd44aa9bc.png',NULL,'local',NULL,'/1','2025-05-10 13:34:05.094000','2025-05-10 13:34:05.094000','2025-05-10 13:34:05.095000',NULL,NULL,NULL),(234,'klha466bytjfv5ap8z1abhvi','1.png',NULL,NULL,300,300,'{\"thumbnail\": {\"ext\": \".png\", \"url\": \"/uploads/thumbnail_1_dc3ebef141.png\", \"hash\": \"thumbnail_1_dc3ebef141\", \"mime\": \"image/png\", \"name\": \"thumbnail_1.png\", \"path\": null, \"size\": 35.92, \"width\": 156, \"height\": 156, \"sizeInBytes\": 35920}}','1_dc3ebef141','.png','image/png',26.55,'/uploads/1_dc3ebef141.png',NULL,'local',NULL,'/1','2025-05-10 13:35:03.949000','2025-05-10 13:35:03.949000','2025-05-10 13:35:03.949000',NULL,NULL,NULL),(235,'rh9o4ybvi7zkn22y5az6f8g9','3.png',NULL,NULL,300,300,'{\"thumbnail\": {\"ext\": \".png\", \"url\": \"/uploads/thumbnail_3_1fb16671e9.png\", \"hash\": \"thumbnail_3_1fb16671e9\", \"mime\": \"image/png\", \"name\": \"thumbnail_3.png\", \"path\": null, \"size\": 16.97, \"width\": 156, \"height\": 156, \"sizeInBytes\": 16972}}','3_1fb16671e9','.png','image/png',10.25,'/uploads/3_1fb16671e9.png',NULL,'local',NULL,'/1','2025-05-10 13:35:06.159000','2025-05-10 13:35:06.159000','2025-05-10 13:35:06.160000',NULL,NULL,NULL),(236,'znaj9x10jakyd5fdketha7tk','1.png',NULL,NULL,1440,360,'{\"large\": {\"ext\": \".png\", \"url\": \"/uploads/large_1_b4769205ff.png\", \"hash\": \"large_1_b4769205ff\", \"mime\": \"image/png\", \"name\": \"large_1.png\", \"path\": null, \"size\": 232.13, \"width\": 1000, \"height\": 250, \"sizeInBytes\": 232129}, \"small\": {\"ext\": \".png\", \"url\": \"/uploads/small_1_b4769205ff.png\", \"hash\": \"small_1_b4769205ff\", \"mime\": \"image/png\", \"name\": \"small_1.png\", \"path\": null, \"size\": 66.22, \"width\": 500, \"height\": 125, \"sizeInBytes\": 66224}, \"medium\": {\"ext\": \".png\", \"url\": \"/uploads/medium_1_b4769205ff.png\", \"hash\": \"medium_1_b4769205ff\", \"mime\": \"image/png\", \"name\": \"medium_1.png\", \"path\": null, \"size\": 136.24, \"width\": 750, \"height\": 188, \"sizeInBytes\": 136240}, \"thumbnail\": {\"ext\": \".png\", \"url\": \"/uploads/thumbnail_1_b4769205ff.png\", \"hash\": \"thumbnail_1_b4769205ff\", \"mime\": \"image/png\", \"name\": \"thumbnail_1.png\", \"path\": null, \"size\": 20.33, \"width\": 245, \"height\": 61, \"sizeInBytes\": 20329}}','1_b4769205ff','.png','image/png',92.86,'/uploads/1_b4769205ff.png',NULL,'local',NULL,'/1','2025-05-10 13:38:05.660000','2025-05-10 13:38:05.660000','2025-05-10 13:38:05.660000',NULL,NULL,NULL),(237,'gy3mniwb9quon096f7ddjql1','W125-02-53498.pdf',NULL,NULL,NULL,NULL,NULL,'W125_02_53498_c0e36713cd','.pdf','application/pdf',117.85,'/uploads/W125_02_53498_c0e36713cd.pdf',NULL,'local',NULL,'/1','2025-05-10 13:38:42.647000','2025-05-10 13:38:42.647000','2025-05-10 13:38:42.647000',NULL,NULL,NULL),(238,'yl2q50885192at5ekplz2j9v','%E0%B8%9A%E0%B8%97%E0%B8%84%E0%B8%A7%E0%B8%B2%E0%B8%A1.pdf',NULL,NULL,NULL,NULL,NULL,'E0_B8_9_A_E0_B8_97_E0_B8_84_E0_B8_A7_E0_B8_B2_E0_B8_A1_a57fa235bd','.pdf','application/pdf',972.99,'/uploads/E0_B8_9_A_E0_B8_97_E0_B8_84_E0_B8_A7_E0_B8_B2_E0_B8_A1_a57fa235bd.pdf',NULL,'local',NULL,'/1','2025-05-10 13:38:48.437000','2025-05-10 13:38:48.437000','2025-05-10 13:38:48.437000',NULL,NULL,NULL),(239,'mdnv8ckgk26ods8k22gsitiv','image (5).png',NULL,NULL,1852,867,'{\"large\": {\"ext\": \".png\", \"url\": \"/uploads/large_image_5_0f07f6017e.png\", \"hash\": \"large_image_5_0f07f6017e\", \"mime\": \"image/png\", \"name\": \"large_image (5).png\", \"path\": null, \"size\": 119.83, \"width\": 1000, \"height\": 468, \"sizeInBytes\": 119827}, \"small\": {\"ext\": \".png\", \"url\": \"/uploads/small_image_5_0f07f6017e.png\", \"hash\": \"small_image_5_0f07f6017e\", \"mime\": \"image/png\", \"name\": \"small_image (5).png\", \"path\": null, \"size\": 46.39, \"width\": 500, \"height\": 234, \"sizeInBytes\": 46393}, \"medium\": {\"ext\": \".png\", \"url\": \"/uploads/medium_image_5_0f07f6017e.png\", \"hash\": \"medium_image_5_0f07f6017e\", \"mime\": \"image/png\", \"name\": \"medium_image (5).png\", \"path\": null, \"size\": 82.2, \"width\": 750, \"height\": 351, \"sizeInBytes\": 82197}, \"thumbnail\": {\"ext\": \".png\", \"url\": \"/uploads/thumbnail_image_5_0f07f6017e.png\", \"hash\": \"thumbnail_image_5_0f07f6017e\", \"mime\": \"image/png\", \"name\": \"thumbnail_image (5).png\", \"path\": null, \"size\": 16.32, \"width\": 245, \"height\": 115, \"sizeInBytes\": 16323}}','image_5_0f07f6017e','.png','image/png',77.25,'/uploads/image_5_0f07f6017e.png',NULL,'local',NULL,'/1','2025-05-10 13:39:26.742000','2025-05-10 13:39:26.742000','2025-05-10 13:39:26.742000',NULL,NULL,NULL),(240,'jqzj0gspa83zliad81li4hcx','image (4).png',NULL,NULL,1280,720,'{\"large\": {\"ext\": \".png\", \"url\": \"/uploads/large_image_4_c430737c59.png\", \"hash\": \"large_image_4_c430737c59\", \"mime\": \"image/png\", \"name\": \"large_image (4).png\", \"path\": null, \"size\": 347.93, \"width\": 1000, \"height\": 563, \"sizeInBytes\": 347929}, \"small\": {\"ext\": \".png\", \"url\": \"/uploads/small_image_4_c430737c59.png\", \"hash\": \"small_image_4_c430737c59\", \"mime\": \"image/png\", \"name\": \"small_image (4).png\", \"path\": null, \"size\": 107.59, \"width\": 500, \"height\": 281, \"sizeInBytes\": 107586}, \"medium\": {\"ext\": \".png\", \"url\": \"/uploads/medium_image_4_c430737c59.png\", \"hash\": \"medium_image_4_c430737c59\", \"mime\": \"image/png\", \"name\": \"medium_image (4).png\", \"path\": null, \"size\": 214.97, \"width\": 750, \"height\": 422, \"sizeInBytes\": 214972}, \"thumbnail\": {\"ext\": \".png\", \"url\": \"/uploads/thumbnail_image_4_c430737c59.png\", \"hash\": \"thumbnail_image_4_c430737c59\", \"mime\": \"image/png\", \"name\": \"thumbnail_image (4).png\", \"path\": null, \"size\": 34, \"width\": 245, \"height\": 138, \"sizeInBytes\": 34001}}','image_4_c430737c59','.png','image/png',163.38,'/uploads/image_4_c430737c59.png',NULL,'local',NULL,'/1','2025-05-10 13:39:30.755000','2025-05-10 13:39:30.755000','2025-05-10 13:39:30.755000',NULL,NULL,NULL),(241,'kr4xmq1pn2fsb88l8g0vmdzs','image (5).pdf',NULL,NULL,NULL,NULL,NULL,'image_5_596ee6c811','.pdf','application/pdf',284.70,'/uploads/image_5_596ee6c811.pdf',NULL,'local',NULL,'/1','2025-05-10 13:39:45.264000','2025-05-10 13:39:45.264000','2025-05-10 13:39:45.264000',NULL,NULL,NULL),(242,'hh6ndfcb734brr9egqpura9q','%E0%B8%9A%E0%B8%97%E0%B8%84%E0%B8%A7%E0%B8%B2%E0%B8%A1.pdf',NULL,NULL,NULL,NULL,NULL,'E0_B8_9_A_E0_B8_97_E0_B8_84_E0_B8_A7_E0_B8_B2_E0_B8_A1_232cd99bfe','.pdf','application/pdf',972.99,'/uploads/E0_B8_9_A_E0_B8_97_E0_B8_84_E0_B8_A7_E0_B8_B2_E0_B8_A1_232cd99bfe.pdf',NULL,'local',NULL,'/1','2025-05-10 13:41:03.678000','2025-05-10 13:41:03.678000','2025-05-10 13:41:03.678000',NULL,NULL,NULL),(243,'se4xtwodq313k8qesu7otxgl','image (5).pdf',NULL,NULL,NULL,NULL,NULL,'image_5_221fa91e1d','.pdf','application/pdf',284.70,'/uploads/image_5_221fa91e1d.pdf',NULL,'local',NULL,'/1','2025-05-10 13:41:24.837000','2025-05-10 13:41:24.837000','2025-05-10 13:41:24.838000',NULL,NULL,NULL),(244,'dnwakvmstlwk1ir6r3m4k93m','%E0%B8%9A%E0%B8%97%E0%B8%84%E0%B8%A7%E0%B8%B2%E0%B8%A1.pdf',NULL,NULL,NULL,NULL,NULL,'E0_B8_9_A_E0_B8_97_E0_B8_84_E0_B8_A7_E0_B8_B2_E0_B8_A1_c755273c20','.pdf','application/pdf',972.99,'/uploads/E0_B8_9_A_E0_B8_97_E0_B8_84_E0_B8_A7_E0_B8_B2_E0_B8_A1_c755273c20.pdf',NULL,'local',NULL,'/1','2025-05-10 13:41:36.396000','2025-05-10 13:41:36.396000','2025-05-10 13:41:36.396000',NULL,NULL,NULL),(245,'e2t878wi0c1y5hikjxc3xk96','image (5).pdf',NULL,NULL,NULL,NULL,NULL,'image_5_07672eac9b','.pdf','application/pdf',284.70,'/uploads/image_5_07672eac9b.pdf',NULL,'local',NULL,'/1','2025-05-10 13:42:02.372000','2025-05-10 13:42:02.372000','2025-05-10 13:42:02.373000',NULL,NULL,NULL),(246,'n4tmc6650cetp1cft7a2bpn1','image (4).pdf',NULL,NULL,NULL,NULL,NULL,'image_4_b91687e65e','.pdf','application/pdf',194.77,'/uploads/image_4_b91687e65e.pdf',NULL,'local',NULL,'/1','2025-05-10 13:42:08.168000','2025-05-10 13:42:08.168000','2025-05-10 13:42:08.168000',NULL,NULL,NULL),(247,'q86ho4l62jmm5sfo7h0vrpea','W585-41-45751.pdf',NULL,NULL,NULL,NULL,NULL,'W585_41_45751_60e094351c','.pdf','application/pdf',117.25,'/uploads/W585_41_45751_60e094351c.pdf',NULL,'local',NULL,'/1','2025-05-10 13:42:17.637000','2025-05-10 13:42:17.637000','2025-05-10 13:42:17.637000',NULL,NULL,NULL),(248,'bclzm3nu90r2wqo9rzg8ksaj','W585-41-45751.pdf',NULL,NULL,NULL,NULL,NULL,'W585_41_45751_dc3112df5c','.pdf','application/pdf',117.25,'/uploads/W585_41_45751_dc3112df5c.pdf',NULL,'local',NULL,'/1','2025-05-10 13:42:29.730000','2025-05-10 13:42:29.730000','2025-05-10 13:42:29.730000',NULL,NULL,NULL),(249,'q5nldc07hvf00ksi1ems09a9','%E0%B8%9A%E0%B8%97%E0%B8%84%E0%B8%A7%E0%B8%B2%E0%B8%A1.pdf',NULL,NULL,NULL,NULL,NULL,'E0_B8_9_A_E0_B8_97_E0_B8_84_E0_B8_A7_E0_B8_B2_E0_B8_A1_b6052370cd','.pdf','application/pdf',972.99,'/uploads/E0_B8_9_A_E0_B8_97_E0_B8_84_E0_B8_A7_E0_B8_B2_E0_B8_A1_b6052370cd.pdf',NULL,'local',NULL,'/1','2025-05-10 13:43:00.221000','2025-05-10 13:43:00.221000','2025-05-10 13:43:00.221000',NULL,NULL,NULL),(250,'yaths476psjvsnvnza2u5ya3','image (5).png',NULL,NULL,1852,867,'{\"large\": {\"ext\": \".png\", \"url\": \"/uploads/large_image_5_fadeb58dd4.png\", \"hash\": \"large_image_5_fadeb58dd4\", \"mime\": \"image/png\", \"name\": \"large_image (5).png\", \"path\": null, \"size\": 119.83, \"width\": 1000, \"height\": 468, \"sizeInBytes\": 119827}, \"small\": {\"ext\": \".png\", \"url\": \"/uploads/small_image_5_fadeb58dd4.png\", \"hash\": \"small_image_5_fadeb58dd4\", \"mime\": \"image/png\", \"name\": \"small_image (5).png\", \"path\": null, \"size\": 46.39, \"width\": 500, \"height\": 234, \"sizeInBytes\": 46393}, \"medium\": {\"ext\": \".png\", \"url\": \"/uploads/medium_image_5_fadeb58dd4.png\", \"hash\": \"medium_image_5_fadeb58dd4\", \"mime\": \"image/png\", \"name\": \"medium_image (5).png\", \"path\": null, \"size\": 82.2, \"width\": 750, \"height\": 351, \"sizeInBytes\": 82197}, \"thumbnail\": {\"ext\": \".png\", \"url\": \"/uploads/thumbnail_image_5_fadeb58dd4.png\", \"hash\": \"thumbnail_image_5_fadeb58dd4\", \"mime\": \"image/png\", \"name\": \"thumbnail_image (5).png\", \"path\": null, \"size\": 16.32, \"width\": 245, \"height\": 115, \"sizeInBytes\": 16323}}','image_5_fadeb58dd4','.png','image/png',77.25,'/uploads/image_5_fadeb58dd4.png',NULL,'local',NULL,'/1','2025-05-10 13:43:19.224000','2025-05-10 13:43:19.224000','2025-05-10 13:43:19.224000',NULL,NULL,NULL),(251,'ov48atcct96xkxwlakcarxdo','image (4).png',NULL,NULL,1280,720,'{\"large\": {\"ext\": \".png\", \"url\": \"/uploads/large_image_4_c6c75fbe1a.png\", \"hash\": \"large_image_4_c6c75fbe1a\", \"mime\": \"image/png\", \"name\": \"large_image (4).png\", \"path\": null, \"size\": 347.93, \"width\": 1000, \"height\": 563, \"sizeInBytes\": 347929}, \"small\": {\"ext\": \".png\", \"url\": \"/uploads/small_image_4_c6c75fbe1a.png\", \"hash\": \"small_image_4_c6c75fbe1a\", \"mime\": \"image/png\", \"name\": \"small_image (4).png\", \"path\": null, \"size\": 107.59, \"width\": 500, \"height\": 281, \"sizeInBytes\": 107586}, \"medium\": {\"ext\": \".png\", \"url\": \"/uploads/medium_image_4_c6c75fbe1a.png\", \"hash\": \"medium_image_4_c6c75fbe1a\", \"mime\": \"image/png\", \"name\": \"medium_image (4).png\", \"path\": null, \"size\": 214.97, \"width\": 750, \"height\": 422, \"sizeInBytes\": 214972}, \"thumbnail\": {\"ext\": \".png\", \"url\": \"/uploads/thumbnail_image_4_c6c75fbe1a.png\", \"hash\": \"thumbnail_image_4_c6c75fbe1a\", \"mime\": \"image/png\", \"name\": \"thumbnail_image (4).png\", \"path\": null, \"size\": 34, \"width\": 245, \"height\": 138, \"sizeInBytes\": 34001}}','image_4_c6c75fbe1a','.png','image/png',163.38,'/uploads/image_4_c6c75fbe1a.png',NULL,'local',NULL,'/1','2025-05-10 13:43:27.929000','2025-05-10 13:43:27.929000','2025-05-10 13:43:27.929000',NULL,NULL,NULL),(252,'f7gb4gg8kx9feodrc68lsqp4','W125-02-53498.pdf',NULL,NULL,NULL,NULL,NULL,'W125_02_53498_7ee7bb783f','.pdf','application/pdf',117.85,'/uploads/W125_02_53498_7ee7bb783f.pdf',NULL,'local',NULL,'/1','2025-05-10 13:43:40.412000','2025-05-10 13:43:40.412000','2025-05-10 13:43:40.412000',NULL,NULL,NULL),(253,'iujtkfpjgbr8l7slrn4lprin','W585-41-45751.pdf',NULL,NULL,NULL,NULL,NULL,'W585_41_45751_556c622861','.pdf','application/pdf',117.25,'/uploads/W585_41_45751_556c622861.pdf',NULL,'local',NULL,'/1','2025-05-10 13:43:46.069000','2025-05-10 13:43:46.069000','2025-05-10 13:43:46.069000',NULL,NULL,NULL),(254,'s9g5wuuk2njq4ftingb1hawh','W585-41-45751.pdf',NULL,NULL,NULL,NULL,NULL,'W585_41_45751_3f85d9c132','.pdf','application/pdf',117.25,'/uploads/W585_41_45751_3f85d9c132.pdf',NULL,'local',NULL,'/1','2025-05-10 13:44:22.519000','2025-05-10 13:44:22.519000','2025-05-10 13:44:22.519000',NULL,NULL,NULL),(255,'gcwqq393ndcc5mek4xk7hfdn','W125-02-53498.pdf',NULL,NULL,NULL,NULL,NULL,'W125_02_53498_ab3cf51aa7','.pdf','application/pdf',117.85,'/uploads/W125_02_53498_ab3cf51aa7.pdf',NULL,'local',NULL,'/1','2025-05-10 13:44:26.835000','2025-05-10 13:44:26.835000','2025-05-10 13:44:26.835000',NULL,NULL,NULL),(256,'m4i4qx55dkafpozbuu4e0g7h','490172893_1091793592993161_2459259497569407678_n (1).jpg',NULL,NULL,1638,2048,'{\"large\": {\"ext\": \".jpg\", \"url\": \"/uploads/large_490172893_1091793592993161_2459259497569407678_n_1_4d743a6a31.jpg\", \"hash\": \"large_490172893_1091793592993161_2459259497569407678_n_1_4d743a6a31\", \"mime\": \"image/jpeg\", \"name\": \"large_490172893_1091793592993161_2459259497569407678_n (1).jpg\", \"path\": null, \"size\": 110.89, \"width\": 800, \"height\": 1000, \"sizeInBytes\": 110891}, \"small\": {\"ext\": \".jpg\", \"url\": \"/uploads/small_490172893_1091793592993161_2459259497569407678_n_1_4d743a6a31.jpg\", \"hash\": \"small_490172893_1091793592993161_2459259497569407678_n_1_4d743a6a31\", \"mime\": \"image/jpeg\", \"name\": \"small_490172893_1091793592993161_2459259497569407678_n (1).jpg\", \"path\": null, \"size\": 36.81, \"width\": 400, \"height\": 500, \"sizeInBytes\": 36811}, \"medium\": {\"ext\": \".jpg\", \"url\": \"/uploads/medium_490172893_1091793592993161_2459259497569407678_n_1_4d743a6a31.jpg\", \"hash\": \"medium_490172893_1091793592993161_2459259497569407678_n_1_4d743a6a31\", \"mime\": \"image/jpeg\", \"name\": \"medium_490172893_1091793592993161_2459259497569407678_n (1).jpg\", \"path\": null, \"size\": 70.78, \"width\": 600, \"height\": 750, \"sizeInBytes\": 70781}, \"thumbnail\": {\"ext\": \".jpg\", \"url\": \"/uploads/thumbnail_490172893_1091793592993161_2459259497569407678_n_1_4d743a6a31.jpg\", \"hash\": \"thumbnail_490172893_1091793592993161_2459259497569407678_n_1_4d743a6a31\", \"mime\": \"image/jpeg\", \"name\": \"thumbnail_490172893_1091793592993161_2459259497569407678_n (1).jpg\", \"path\": null, \"size\": 5.26, \"width\": 124, \"height\": 156, \"sizeInBytes\": 5260}}','490172893_1091793592993161_2459259497569407678_n_1_4d743a6a31','.jpg','image/jpeg',340.43,'/uploads/490172893_1091793592993161_2459259497569407678_n_1_4d743a6a31.jpg',NULL,'local',NULL,'/1','2025-05-10 13:44:35.836000','2025-05-10 13:44:35.836000','2025-05-10 13:44:35.836000',NULL,NULL,NULL),(257,'ctazba0vglrgszha0jhealor','image (5).pdf',NULL,NULL,NULL,NULL,NULL,'image_5_ccce065662','.pdf','application/pdf',284.70,'/uploads/image_5_ccce065662.pdf',NULL,'local',NULL,'/1','2025-05-10 13:44:47.033000','2025-05-10 13:44:47.033000','2025-05-10 13:44:47.033000',NULL,NULL,NULL),(258,'xbfk0yb0yg4z2h4l6j0tkq80','1.png',NULL,NULL,300,300,'{\"thumbnail\": {\"ext\": \".png\", \"url\": \"/uploads/thumbnail_1_d02d1b24dc.png\", \"hash\": \"thumbnail_1_d02d1b24dc\", \"mime\": \"image/png\", \"name\": \"thumbnail_1.png\", \"path\": null, \"size\": 35.92, \"width\": 156, \"height\": 156, \"sizeInBytes\": 35920}}','1_d02d1b24dc','.png','image/png',26.55,'/uploads/1_d02d1b24dc.png',NULL,'local',NULL,'/1','2025-05-10 13:46:46.232000','2025-05-10 13:46:46.232000','2025-05-10 13:46:46.232000',NULL,NULL,NULL),(259,'tw9cbxw70ymaxdmsw2f7d3sz','2.png',NULL,NULL,300,300,'{\"thumbnail\": {\"ext\": \".png\", \"url\": \"/uploads/thumbnail_2_960b5571b4.png\", \"hash\": \"thumbnail_2_960b5571b4\", \"mime\": \"image/png\", \"name\": \"thumbnail_2.png\", \"path\": null, \"size\": 26.96, \"width\": 156, \"height\": 156, \"sizeInBytes\": 26957}}','2_960b5571b4','.png','image/png',19.19,'/uploads/2_960b5571b4.png',NULL,'local',NULL,'/1','2025-05-10 13:46:48.468000','2025-05-10 13:46:48.468000','2025-05-10 13:46:48.468000',NULL,NULL,NULL),(260,'dceqo5tm8yku5frilhsn7jpe','%E0%B8%9A%E0%B8%97%E0%B8%84%E0%B8%A7%E0%B8%B2%E0%B8%A1.pdf',NULL,NULL,NULL,NULL,NULL,'E0_B8_9_A_E0_B8_97_E0_B8_84_E0_B8_A7_E0_B8_B2_E0_B8_A1_e82b78a630','.pdf','application/pdf',972.99,'/uploads/E0_B8_9_A_E0_B8_97_E0_B8_84_E0_B8_A7_E0_B8_B2_E0_B8_A1_e82b78a630.pdf',NULL,'local',NULL,'/1','2025-05-10 13:46:52.922000','2025-05-10 13:46:52.922000','2025-05-10 13:46:52.923000',NULL,NULL,NULL),(261,'vhn9ualwafb3zktloyeoppt7','%E0%B8%9A%E0%B8%97%E0%B8%84%E0%B8%A7%E0%B8%B2%E0%B8%A1.pdf',NULL,NULL,NULL,NULL,NULL,'E0_B8_9_A_E0_B8_97_E0_B8_84_E0_B8_A7_E0_B8_B2_E0_B8_A1_a28d2125c7','.pdf','application/pdf',972.99,'/uploads/E0_B8_9_A_E0_B8_97_E0_B8_84_E0_B8_A7_E0_B8_B2_E0_B8_A1_a28d2125c7.pdf',NULL,'local',NULL,'/1','2025-05-10 13:46:59.352000','2025-05-10 13:46:59.352000','2025-05-10 13:46:59.352000',NULL,NULL,NULL),(262,'w5yqa4jpaqyzuuatw0qx7lmq','image (5).pdf',NULL,NULL,NULL,NULL,NULL,'image_5_1e8d26d4f4','.pdf','application/pdf',284.70,'/uploads/image_5_1e8d26d4f4.pdf',NULL,'local',NULL,'/1','2025-05-10 13:47:15.613000','2025-05-10 13:47:15.613000','2025-05-10 13:47:15.613000',NULL,NULL,NULL),(263,'pepsjs1b2oq0x65a9mt0j5hx','image (4).pdf',NULL,NULL,NULL,NULL,NULL,'image_4_66ecf115c3','.pdf','application/pdf',194.77,'/uploads/image_4_66ecf115c3.pdf',NULL,'local',NULL,'/1','2025-05-10 13:47:21.130000','2025-05-10 13:47:21.130000','2025-05-10 13:47:21.130000',NULL,NULL,NULL),(264,'rc1k90z6urhinah61kw5xpnh','image (4).png',NULL,NULL,1280,720,'{\"large\": {\"ext\": \".png\", \"url\": \"/uploads/large_image_4_e0562d571c.png\", \"hash\": \"large_image_4_e0562d571c\", \"mime\": \"image/png\", \"name\": \"large_image (4).png\", \"path\": null, \"size\": 347.93, \"width\": 1000, \"height\": 563, \"sizeInBytes\": 347929}, \"small\": {\"ext\": \".png\", \"url\": \"/uploads/small_image_4_e0562d571c.png\", \"hash\": \"small_image_4_e0562d571c\", \"mime\": \"image/png\", \"name\": \"small_image (4).png\", \"path\": null, \"size\": 107.59, \"width\": 500, \"height\": 281, \"sizeInBytes\": 107586}, \"medium\": {\"ext\": \".png\", \"url\": \"/uploads/medium_image_4_e0562d571c.png\", \"hash\": \"medium_image_4_e0562d571c\", \"mime\": \"image/png\", \"name\": \"medium_image (4).png\", \"path\": null, \"size\": 214.97, \"width\": 750, \"height\": 422, \"sizeInBytes\": 214972}, \"thumbnail\": {\"ext\": \".png\", \"url\": \"/uploads/thumbnail_image_4_e0562d571c.png\", \"hash\": \"thumbnail_image_4_e0562d571c\", \"mime\": \"image/png\", \"name\": \"thumbnail_image (4).png\", \"path\": null, \"size\": 34, \"width\": 245, \"height\": 138, \"sizeInBytes\": 34001}}','image_4_e0562d571c','.png','image/png',163.38,'/uploads/image_4_e0562d571c.png',NULL,'local',NULL,'/1','2025-05-10 13:47:28.218000','2025-05-10 13:47:28.218000','2025-05-10 13:47:28.218000',NULL,NULL,NULL),(265,'iinpaq4al2jfyk7yv3g6pxyx','%E0%B8%9A%E0%B8%97%E0%B8%84%E0%B8%A7%E0%B8%B2%E0%B8%A1.pdf',NULL,NULL,NULL,NULL,NULL,'E0_B8_9_A_E0_B8_97_E0_B8_84_E0_B8_A7_E0_B8_B2_E0_B8_A1_2098975370','.pdf','application/pdf',972.99,'/uploads/E0_B8_9_A_E0_B8_97_E0_B8_84_E0_B8_A7_E0_B8_B2_E0_B8_A1_2098975370.pdf',NULL,'local',NULL,'/1','2025-05-10 13:47:44.673000','2025-05-10 13:47:44.673000','2025-05-10 13:47:44.674000',NULL,NULL,NULL),(266,'ghg0cisyouoxav6x89tnwrjf','image (5).png',NULL,NULL,1852,867,'{\"large\": {\"ext\": \".png\", \"url\": \"/uploads/large_image_5_15ce0e2460.png\", \"hash\": \"large_image_5_15ce0e2460\", \"mime\": \"image/png\", \"name\": \"large_image (5).png\", \"path\": null, \"size\": 119.83, \"width\": 1000, \"height\": 468, \"sizeInBytes\": 119827}, \"small\": {\"ext\": \".png\", \"url\": \"/uploads/small_image_5_15ce0e2460.png\", \"hash\": \"small_image_5_15ce0e2460\", \"mime\": \"image/png\", \"name\": \"small_image (5).png\", \"path\": null, \"size\": 46.39, \"width\": 500, \"height\": 234, \"sizeInBytes\": 46393}, \"medium\": {\"ext\": \".png\", \"url\": \"/uploads/medium_image_5_15ce0e2460.png\", \"hash\": \"medium_image_5_15ce0e2460\", \"mime\": \"image/png\", \"name\": \"medium_image (5).png\", \"path\": null, \"size\": 82.2, \"width\": 750, \"height\": 351, \"sizeInBytes\": 82197}, \"thumbnail\": {\"ext\": \".png\", \"url\": \"/uploads/thumbnail_image_5_15ce0e2460.png\", \"hash\": \"thumbnail_image_5_15ce0e2460\", \"mime\": \"image/png\", \"name\": \"thumbnail_image (5).png\", \"path\": null, \"size\": 16.32, \"width\": 245, \"height\": 115, \"sizeInBytes\": 16323}}','image_5_15ce0e2460','.png','image/png',77.25,'/uploads/image_5_15ce0e2460.png',NULL,'local',NULL,'/1','2025-05-10 13:47:45.871000','2025-05-10 13:47:45.871000','2025-05-10 13:47:45.871000',NULL,NULL,NULL),(267,'fa271la8e1bu3368njxpg197','1.png',NULL,NULL,300,300,'{\"thumbnail\": {\"ext\": \".png\", \"url\": \"/uploads/thumbnail_1_7ad07f573b.png\", \"hash\": \"thumbnail_1_7ad07f573b\", \"mime\": \"image/png\", \"name\": \"thumbnail_1.png\", \"path\": null, \"size\": 35.92, \"width\": 156, \"height\": 156, \"sizeInBytes\": 35920}}','1_7ad07f573b','.png','image/png',26.55,'/uploads/1_7ad07f573b.png',NULL,'local',NULL,'/1','2025-05-10 13:47:50.651000','2025-05-10 13:47:50.651000','2025-05-10 13:47:50.657000',NULL,NULL,NULL),(268,'qln6326s54zu1f935mfytq5b','1.png',NULL,NULL,300,300,'{\"thumbnail\": {\"ext\": \".png\", \"url\": \"/uploads/thumbnail_1_2ce5123223.png\", \"hash\": \"thumbnail_1_2ce5123223\", \"mime\": \"image/png\", \"name\": \"thumbnail_1.png\", \"path\": null, \"size\": 35.92, \"width\": 156, \"height\": 156, \"sizeInBytes\": 35920}}','1_2ce5123223','.png','image/png',26.55,'/uploads/1_2ce5123223.png',NULL,'local',NULL,'/1','2025-05-10 13:49:49.552000','2025-05-10 13:49:49.552000','2025-05-10 13:49:49.552000',NULL,NULL,NULL),(269,'c3i1c1euj3kitgrr55fytvi8','2.png',NULL,NULL,300,300,'{\"thumbnail\": {\"ext\": \".png\", \"url\": \"/uploads/thumbnail_2_c5244550b6.png\", \"hash\": \"thumbnail_2_c5244550b6\", \"mime\": \"image/png\", \"name\": \"thumbnail_2.png\", \"path\": null, \"size\": 26.96, \"width\": 156, \"height\": 156, \"sizeInBytes\": 26957}}','2_c5244550b6','.png','image/png',19.19,'/uploads/2_c5244550b6.png',NULL,'local',NULL,'/1','2025-05-10 13:49:52.230000','2025-05-10 13:49:52.230000','2025-05-10 13:49:52.230000',NULL,NULL,NULL),(270,'nr4u66a8s10e3m5r4cbxe8nt','1.png',NULL,NULL,300,300,'{\"thumbnail\": {\"ext\": \".png\", \"url\": \"/uploads/thumbnail_1_f188dcc6f6.png\", \"hash\": \"thumbnail_1_f188dcc6f6\", \"mime\": \"image/png\", \"name\": \"thumbnail_1.png\", \"path\": null, \"size\": 35.92, \"width\": 156, \"height\": 156, \"sizeInBytes\": 35920}}','1_f188dcc6f6','.png','image/png',26.55,'/uploads/1_f188dcc6f6.png',NULL,'local',NULL,'/1','2025-05-10 13:50:04.039000','2025-05-10 13:50:04.039000','2025-05-10 13:50:04.039000',NULL,NULL,NULL),(271,'pj8jzwazjd02biw73kvrmdhg','2.png',NULL,NULL,300,300,'{\"thumbnail\": {\"ext\": \".png\", \"url\": \"/uploads/thumbnail_2_708fb2c3f7.png\", \"hash\": \"thumbnail_2_708fb2c3f7\", \"mime\": \"image/png\", \"name\": \"thumbnail_2.png\", \"path\": null, \"size\": 26.96, \"width\": 156, \"height\": 156, \"sizeInBytes\": 26957}}','2_708fb2c3f7','.png','image/png',19.19,'/uploads/2_708fb2c3f7.png',NULL,'local',NULL,'/1','2025-05-10 13:50:06.345000','2025-05-10 13:50:06.345000','2025-05-10 13:50:06.347000',NULL,NULL,NULL),(272,'rho55z2269msgz243p3x94cw','1.png',NULL,NULL,300,300,'{\"thumbnail\": {\"ext\": \".png\", \"url\": \"/uploads/thumbnail_1_f5776a6351.png\", \"hash\": \"thumbnail_1_f5776a6351\", \"mime\": \"image/png\", \"name\": \"thumbnail_1.png\", \"path\": null, \"size\": 35.92, \"width\": 156, \"height\": 156, \"sizeInBytes\": 35920}}','1_f5776a6351','.png','image/png',26.55,'/uploads/1_f5776a6351.png',NULL,'local',NULL,'/1','2025-05-10 13:50:49.835000','2025-05-10 13:50:49.835000','2025-05-10 13:50:49.835000',NULL,NULL,NULL),(273,'mf5nef565423lhevr1wowp4y','1.png',NULL,NULL,300,300,'{\"thumbnail\": {\"ext\": \".png\", \"url\": \"/uploads/thumbnail_1_b8b78bd84f.png\", \"hash\": \"thumbnail_1_b8b78bd84f\", \"mime\": \"image/png\", \"name\": \"thumbnail_1.png\", \"path\": null, \"size\": 35.92, \"width\": 156, \"height\": 156, \"sizeInBytes\": 35920}}','1_b8b78bd84f','.png','image/png',26.55,'/uploads/1_b8b78bd84f.png',NULL,'local',NULL,'/1','2025-05-10 13:50:51.986000','2025-05-10 13:50:51.986000','2025-05-10 13:50:51.987000',NULL,NULL,NULL),(274,'bb155cv10es22i14l63y0kha','%E0%B8%9A%E0%B8%97%E0%B8%84%E0%B8%A7%E0%B8%B2%E0%B8%A1.pdf',NULL,NULL,NULL,NULL,NULL,'E0_B8_9_A_E0_B8_97_E0_B8_84_E0_B8_A7_E0_B8_B2_E0_B8_A1_1d35d97fde','.pdf','application/pdf',972.99,'/uploads/E0_B8_9_A_E0_B8_97_E0_B8_84_E0_B8_A7_E0_B8_B2_E0_B8_A1_1d35d97fde.pdf',NULL,'local',NULL,'/1','2025-05-10 13:50:56.169000','2025-05-10 13:50:56.169000','2025-05-10 13:50:56.170000',NULL,NULL,NULL),(275,'p0mguv5yruup6h4ky9qafyb2','%E0%B8%9A%E0%B8%97%E0%B8%84%E0%B8%A7%E0%B8%B2%E0%B8%A1.pdf',NULL,NULL,NULL,NULL,NULL,'E0_B8_9_A_E0_B8_97_E0_B8_84_E0_B8_A7_E0_B8_B2_E0_B8_A1_945ce45854','.pdf','application/pdf',972.99,'/uploads/E0_B8_9_A_E0_B8_97_E0_B8_84_E0_B8_A7_E0_B8_B2_E0_B8_A1_945ce45854.pdf',NULL,'local',NULL,'/1','2025-05-10 13:51:02.526000','2025-05-10 13:51:02.526000','2025-05-10 13:51:02.526000',NULL,NULL,NULL),(276,'gznq9ug9307t0oa0ihezf11i','1.png',NULL,NULL,300,300,'{\"thumbnail\": {\"ext\": \".png\", \"url\": \"/uploads/thumbnail_1_061aab84e7.png\", \"hash\": \"thumbnail_1_061aab84e7\", \"mime\": \"image/png\", \"name\": \"thumbnail_1.png\", \"path\": null, \"size\": 35.92, \"width\": 156, \"height\": 156, \"sizeInBytes\": 35920}}','1_061aab84e7','.png','image/png',26.55,'/uploads/1_061aab84e7.png',NULL,'local',NULL,'/1','2025-05-10 13:51:17.172000','2025-05-10 13:51:17.172000','2025-05-10 13:51:17.172000',NULL,NULL,NULL),(277,'pub1bbhque61uqykl6icb6u1','%E0%B8%9A%E0%B8%97%E0%B8%84%E0%B8%A7%E0%B8%B2%E0%B8%A1.pdf',NULL,NULL,NULL,NULL,NULL,'E0_B8_9_A_E0_B8_97_E0_B8_84_E0_B8_A7_E0_B8_B2_E0_B8_A1_1eafbb3fce','.pdf','application/pdf',972.99,'/uploads/E0_B8_9_A_E0_B8_97_E0_B8_84_E0_B8_A7_E0_B8_B2_E0_B8_A1_1eafbb3fce.pdf',NULL,'local',NULL,'/1','2025-05-10 13:52:04.381000','2025-05-10 13:52:04.381000','2025-05-10 13:52:04.381000',NULL,NULL,NULL),(278,'rczqxdxurrco9ih5ywaqmxrk','image4.pdf',NULL,NULL,NULL,NULL,NULL,'image4_7cbe937e58','.pdf','application/pdf',194.77,'/uploads/image4_7cbe937e58.pdf',NULL,'local',NULL,'/1','2025-05-10 13:54:13.573000','2025-05-10 13:54:13.573000','2025-05-10 13:54:13.573000',NULL,NULL,NULL),(279,'ziqf9g9fnw3prr2zfctj2cx4','image5.pdf',NULL,NULL,NULL,NULL,NULL,'image5_bf67d150a6','.pdf','application/pdf',284.70,'/uploads/image5_bf67d150a6.pdf',NULL,'local',NULL,'/1','2025-05-10 13:54:18.469000','2025-05-10 13:54:18.469000','2025-05-10 13:54:18.469000',NULL,NULL,NULL),(280,'yvekvahe9gnfo3h8ilhohvwj','1.png',NULL,NULL,1440,360,'{\"large\": {\"ext\": \".png\", \"url\": \"/uploads/large_1_2c3a25fb2d.png\", \"hash\": \"large_1_2c3a25fb2d\", \"mime\": \"image/png\", \"name\": \"large_1.png\", \"path\": null, \"size\": 232.13, \"width\": 1000, \"height\": 250, \"sizeInBytes\": 232129}, \"small\": {\"ext\": \".png\", \"url\": \"/uploads/small_1_2c3a25fb2d.png\", \"hash\": \"small_1_2c3a25fb2d\", \"mime\": \"image/png\", \"name\": \"small_1.png\", \"path\": null, \"size\": 66.22, \"width\": 500, \"height\": 125, \"sizeInBytes\": 66224}, \"medium\": {\"ext\": \".png\", \"url\": \"/uploads/medium_1_2c3a25fb2d.png\", \"hash\": \"medium_1_2c3a25fb2d\", \"mime\": \"image/png\", \"name\": \"medium_1.png\", \"path\": null, \"size\": 136.24, \"width\": 750, \"height\": 188, \"sizeInBytes\": 136240}, \"thumbnail\": {\"ext\": \".png\", \"url\": \"/uploads/thumbnail_1_2c3a25fb2d.png\", \"hash\": \"thumbnail_1_2c3a25fb2d\", \"mime\": \"image/png\", \"name\": \"thumbnail_1.png\", \"path\": null, \"size\": 20.33, \"width\": 245, \"height\": 61, \"sizeInBytes\": 20329}}','1_2c3a25fb2d','.png','image/png',92.86,'/uploads/1_2c3a25fb2d.png',NULL,'local',NULL,'/1','2025-05-10 13:54:24.626000','2025-05-10 13:54:24.626000','2025-05-10 13:54:24.627000',NULL,NULL,NULL),(281,'rq741uqnvn0sa4wliigb2919','W125-02-53498.pdf',NULL,NULL,NULL,NULL,NULL,'W125_02_53498_dd77dfc1ef','.pdf','application/pdf',117.85,'/uploads/W125_02_53498_dd77dfc1ef.pdf',NULL,'local',NULL,'/1','2025-05-10 13:54:31.038000','2025-05-10 13:54:31.038000','2025-05-10 13:54:31.038000',NULL,NULL,NULL),(282,'ilzo6m97miqga0s4ep7p9bzo','image5.png',NULL,NULL,1852,867,'{\"large\": {\"ext\": \".png\", \"url\": \"/uploads/large_image5_cd937dc2eb.png\", \"hash\": \"large_image5_cd937dc2eb\", \"mime\": \"image/png\", \"name\": \"large_image5.png\", \"path\": null, \"size\": 119.83, \"width\": 1000, \"height\": 468, \"sizeInBytes\": 119827}, \"small\": {\"ext\": \".png\", \"url\": \"/uploads/small_image5_cd937dc2eb.png\", \"hash\": \"small_image5_cd937dc2eb\", \"mime\": \"image/png\", \"name\": \"small_image5.png\", \"path\": null, \"size\": 46.39, \"width\": 500, \"height\": 234, \"sizeInBytes\": 46393}, \"medium\": {\"ext\": \".png\", \"url\": \"/uploads/medium_image5_cd937dc2eb.png\", \"hash\": \"medium_image5_cd937dc2eb\", \"mime\": \"image/png\", \"name\": \"medium_image5.png\", \"path\": null, \"size\": 82.2, \"width\": 750, \"height\": 351, \"sizeInBytes\": 82197}, \"thumbnail\": {\"ext\": \".png\", \"url\": \"/uploads/thumbnail_image5_cd937dc2eb.png\", \"hash\": \"thumbnail_image5_cd937dc2eb\", \"mime\": \"image/png\", \"name\": \"thumbnail_image5.png\", \"path\": null, \"size\": 16.32, \"width\": 245, \"height\": 115, \"sizeInBytes\": 16323}}','image5_cd937dc2eb','.png','image/png',77.25,'/uploads/image5_cd937dc2eb.png',NULL,'local',NULL,'/1','2025-05-10 13:55:17.131000','2025-05-10 13:55:17.131000','2025-05-10 13:55:17.132000',NULL,NULL,NULL),(283,'m2p0eigtoj4m5byxsazxkwzd','image4.png',NULL,NULL,1280,720,'{\"large\": {\"ext\": \".png\", \"url\": \"/uploads/large_image4_9d0b4327f5.png\", \"hash\": \"large_image4_9d0b4327f5\", \"mime\": \"image/png\", \"name\": \"large_image4.png\", \"path\": null, \"size\": 347.93, \"width\": 1000, \"height\": 563, \"sizeInBytes\": 347929}, \"small\": {\"ext\": \".png\", \"url\": \"/uploads/small_image4_9d0b4327f5.png\", \"hash\": \"small_image4_9d0b4327f5\", \"mime\": \"image/png\", \"name\": \"small_image4.png\", \"path\": null, \"size\": 107.59, \"width\": 500, \"height\": 281, \"sizeInBytes\": 107586}, \"medium\": {\"ext\": \".png\", \"url\": \"/uploads/medium_image4_9d0b4327f5.png\", \"hash\": \"medium_image4_9d0b4327f5\", \"mime\": \"image/png\", \"name\": \"medium_image4.png\", \"path\": null, \"size\": 214.97, \"width\": 750, \"height\": 422, \"sizeInBytes\": 214972}, \"thumbnail\": {\"ext\": \".png\", \"url\": \"/uploads/thumbnail_image4_9d0b4327f5.png\", \"hash\": \"thumbnail_image4_9d0b4327f5\", \"mime\": \"image/png\", \"name\": \"thumbnail_image4.png\", \"path\": null, \"size\": 34, \"width\": 245, \"height\": 138, \"sizeInBytes\": 34001}}','image4_9d0b4327f5','.png','image/png',163.38,'/uploads/image4_9d0b4327f5.png',NULL,'local',NULL,'/1','2025-05-10 13:55:21.031000','2025-05-10 13:55:21.031000','2025-05-10 13:55:21.031000',NULL,NULL,NULL),(284,'d8gmfv8ifr0txsstx3kq1rzl','W125-02-53498.pdf',NULL,NULL,NULL,NULL,NULL,'W125_02_53498_e06e278d4f','.pdf','application/pdf',117.85,'/uploads/W125_02_53498_e06e278d4f.pdf',NULL,'local',NULL,'/1','2025-05-10 13:55:25.396000','2025-05-10 13:55:25.396000','2025-05-10 13:55:25.396000',NULL,NULL,NULL),(285,'wxk1lufm53a8yxjalgaiadod','W585-41-45751.pdf',NULL,NULL,NULL,NULL,NULL,'W585_41_45751_c9eb7e5b48','.pdf','application/pdf',117.25,'/uploads/W585_41_45751_c9eb7e5b48.pdf',NULL,'local',NULL,'/1','2025-05-10 13:55:30.061000','2025-05-10 13:55:30.061000','2025-05-10 13:55:30.061000',NULL,NULL,NULL),(286,'zsofdtdsj0vfb3t95ghks6o9','image5.pdf',NULL,NULL,NULL,NULL,NULL,'image5_3005cbb2fc','.pdf','application/pdf',284.70,'/uploads/image5_3005cbb2fc.pdf',NULL,'local',NULL,'/1','2025-05-10 13:56:34.949000','2025-05-10 13:56:34.949000','2025-05-10 13:56:34.949000',NULL,NULL,NULL),(287,'j5yb80x4rfnvmuzvpotvw3v9','image4.pdf',NULL,NULL,NULL,NULL,NULL,'image4_9628ed8a7c','.pdf','application/pdf',194.77,'/uploads/image4_9628ed8a7c.pdf',NULL,'local',NULL,'/1','2025-05-10 13:56:39.142000','2025-05-10 13:56:39.142000','2025-05-10 13:56:39.143000',NULL,NULL,NULL),(288,'xk7osxfwyu3cvpsz5oguby4w','1.png',NULL,NULL,1440,360,'{\"large\": {\"ext\": \".png\", \"url\": \"/uploads/large_1_9da24d331e.png\", \"hash\": \"large_1_9da24d331e\", \"mime\": \"image/png\", \"name\": \"large_1.png\", \"path\": null, \"size\": 232.13, \"width\": 1000, \"height\": 250, \"sizeInBytes\": 232129}, \"small\": {\"ext\": \".png\", \"url\": \"/uploads/small_1_9da24d331e.png\", \"hash\": \"small_1_9da24d331e\", \"mime\": \"image/png\", \"name\": \"small_1.png\", \"path\": null, \"size\": 66.22, \"width\": 500, \"height\": 125, \"sizeInBytes\": 66224}, \"medium\": {\"ext\": \".png\", \"url\": \"/uploads/medium_1_9da24d331e.png\", \"hash\": \"medium_1_9da24d331e\", \"mime\": \"image/png\", \"name\": \"medium_1.png\", \"path\": null, \"size\": 136.24, \"width\": 750, \"height\": 188, \"sizeInBytes\": 136240}, \"thumbnail\": {\"ext\": \".png\", \"url\": \"/uploads/thumbnail_1_9da24d331e.png\", \"hash\": \"thumbnail_1_9da24d331e\", \"mime\": \"image/png\", \"name\": \"thumbnail_1.png\", \"path\": null, \"size\": 20.33, \"width\": 245, \"height\": 61, \"sizeInBytes\": 20329}}','1_9da24d331e','.png','image/png',92.86,'/uploads/1_9da24d331e.png',NULL,'local',NULL,'/1','2025-05-10 13:56:43.863000','2025-05-10 13:56:43.863000','2025-05-10 13:56:43.863000',NULL,NULL,NULL),(289,'bnd928n43ksdt7ghcg9khb42','image5.pdf',NULL,NULL,NULL,NULL,NULL,'image5_d7d65b06c6','.pdf','application/pdf',284.70,'/uploads/image5_d7d65b06c6.pdf',NULL,'local',NULL,'/1','2025-05-10 13:56:48.725000','2025-05-10 13:56:48.725000','2025-05-10 13:56:48.725000',NULL,NULL,NULL),(290,'qvfxuuwljtzxuwj2g641i7s5','image4.png',NULL,NULL,1280,720,'{\"large\": {\"ext\": \".png\", \"url\": \"/uploads/large_image4_61adb628fb.png\", \"hash\": \"large_image4_61adb628fb\", \"mime\": \"image/png\", \"name\": \"large_image4.png\", \"path\": null, \"size\": 347.93, \"width\": 1000, \"height\": 563, \"sizeInBytes\": 347929}, \"small\": {\"ext\": \".png\", \"url\": \"/uploads/small_image4_61adb628fb.png\", \"hash\": \"small_image4_61adb628fb\", \"mime\": \"image/png\", \"name\": \"small_image4.png\", \"path\": null, \"size\": 107.59, \"width\": 500, \"height\": 281, \"sizeInBytes\": 107586}, \"medium\": {\"ext\": \".png\", \"url\": \"/uploads/medium_image4_61adb628fb.png\", \"hash\": \"medium_image4_61adb628fb\", \"mime\": \"image/png\", \"name\": \"medium_image4.png\", \"path\": null, \"size\": 214.97, \"width\": 750, \"height\": 422, \"sizeInBytes\": 214972}, \"thumbnail\": {\"ext\": \".png\", \"url\": \"/uploads/thumbnail_image4_61adb628fb.png\", \"hash\": \"thumbnail_image4_61adb628fb\", \"mime\": \"image/png\", \"name\": \"thumbnail_image4.png\", \"path\": null, \"size\": 34, \"width\": 245, \"height\": 138, \"sizeInBytes\": 34001}}','image4_61adb628fb','.png','image/png',163.38,'/uploads/image4_61adb628fb.png',NULL,'local',NULL,'/1','2025-05-10 13:57:52.845000','2025-05-10 13:57:52.845000','2025-05-10 13:57:52.845000',NULL,NULL,NULL),(291,'si3r57q9r0jtaea5q34si80n','image4.pdf',NULL,NULL,NULL,NULL,NULL,'image4_152864765c','.pdf','application/pdf',194.77,'/uploads/image4_152864765c.pdf',NULL,'local',NULL,'/1','2025-05-10 13:57:55.291000','2025-05-10 13:57:55.291000','2025-05-10 13:57:55.291000',NULL,NULL,NULL),(292,'zwd1yh2q5bpwaxxe3a5mrsu9','image5.png',NULL,NULL,1852,867,'{\"large\": {\"ext\": \".png\", \"url\": \"/uploads/large_image5_5bbef38f16.png\", \"hash\": \"large_image5_5bbef38f16\", \"mime\": \"image/png\", \"name\": \"large_image5.png\", \"path\": null, \"size\": 119.83, \"width\": 1000, \"height\": 468, \"sizeInBytes\": 119827}, \"small\": {\"ext\": \".png\", \"url\": \"/uploads/small_image5_5bbef38f16.png\", \"hash\": \"small_image5_5bbef38f16\", \"mime\": \"image/png\", \"name\": \"small_image5.png\", \"path\": null, \"size\": 46.39, \"width\": 500, \"height\": 234, \"sizeInBytes\": 46393}, \"medium\": {\"ext\": \".png\", \"url\": \"/uploads/medium_image5_5bbef38f16.png\", \"hash\": \"medium_image5_5bbef38f16\", \"mime\": \"image/png\", \"name\": \"medium_image5.png\", \"path\": null, \"size\": 82.2, \"width\": 750, \"height\": 351, \"sizeInBytes\": 82197}, \"thumbnail\": {\"ext\": \".png\", \"url\": \"/uploads/thumbnail_image5_5bbef38f16.png\", \"hash\": \"thumbnail_image5_5bbef38f16\", \"mime\": \"image/png\", \"name\": \"thumbnail_image5.png\", \"path\": null, \"size\": 16.32, \"width\": 245, \"height\": 115, \"sizeInBytes\": 16323}}','image5_5bbef38f16','.png','image/png',77.25,'/uploads/image5_5bbef38f16.png',NULL,'local',NULL,'/1','2025-05-10 13:58:31.166000','2025-05-10 13:58:31.166000','2025-05-10 13:58:31.166000',NULL,NULL,NULL),(293,'r4nthr8mpljcww0xtrxde7f1','image4.pdf',NULL,NULL,NULL,NULL,NULL,'image4_f9362e7816','.pdf','application/pdf',194.77,'/uploads/image4_f9362e7816.pdf',NULL,'local',NULL,'/1','2025-05-10 13:58:38.090000','2025-05-10 13:58:38.090000','2025-05-10 13:58:38.090000',NULL,NULL,NULL),(294,'g82u7fmkyu8lommuzfmbdw93','1.png',NULL,NULL,300,300,'{\"thumbnail\": {\"ext\": \".png\", \"url\": \"/uploads/thumbnail_1_ef95e66086.png\", \"hash\": \"thumbnail_1_ef95e66086\", \"mime\": \"image/png\", \"name\": \"thumbnail_1.png\", \"path\": null, \"size\": 35.92, \"width\": 156, \"height\": 156, \"sizeInBytes\": 35920}}','1_ef95e66086','.png','image/png',26.55,'/uploads/1_ef95e66086.png',NULL,'local',NULL,'/1','2025-05-10 13:58:39.250000','2025-05-10 13:58:39.250000','2025-05-10 13:58:39.250000',NULL,NULL,NULL),(295,'vtelv8mvb5u8zbi717b0rd9g','%E0%B8%9A%E0%B8%97%E0%B8%84%E0%B8%A7%E0%B8%B2%E0%B8%A1.pdf',NULL,NULL,NULL,NULL,NULL,'E0_B8_9_A_E0_B8_97_E0_B8_84_E0_B8_A7_E0_B8_B2_E0_B8_A1_fa7e30bcfc','.pdf','application/pdf',972.99,'/uploads/E0_B8_9_A_E0_B8_97_E0_B8_84_E0_B8_A7_E0_B8_B2_E0_B8_A1_fa7e30bcfc.pdf',NULL,'local',NULL,'/1','2025-05-10 13:58:44.680000','2025-05-10 13:58:44.680000','2025-05-10 13:58:44.680000',NULL,NULL,NULL),(296,'vrawma9chu8akw3xiaw9ouv4','image5.png',NULL,NULL,1852,867,'{\"large\": {\"ext\": \".png\", \"url\": \"/uploads/large_image5_dc08bb53df.png\", \"hash\": \"large_image5_dc08bb53df\", \"mime\": \"image/png\", \"name\": \"large_image5.png\", \"path\": null, \"size\": 119.83, \"width\": 1000, \"height\": 468, \"sizeInBytes\": 119827}, \"small\": {\"ext\": \".png\", \"url\": \"/uploads/small_image5_dc08bb53df.png\", \"hash\": \"small_image5_dc08bb53df\", \"mime\": \"image/png\", \"name\": \"small_image5.png\", \"path\": null, \"size\": 46.39, \"width\": 500, \"height\": 234, \"sizeInBytes\": 46393}, \"medium\": {\"ext\": \".png\", \"url\": \"/uploads/medium_image5_dc08bb53df.png\", \"hash\": \"medium_image5_dc08bb53df\", \"mime\": \"image/png\", \"name\": \"medium_image5.png\", \"path\": null, \"size\": 82.2, \"width\": 750, \"height\": 351, \"sizeInBytes\": 82197}, \"thumbnail\": {\"ext\": \".png\", \"url\": \"/uploads/thumbnail_image5_dc08bb53df.png\", \"hash\": \"thumbnail_image5_dc08bb53df\", \"mime\": \"image/png\", \"name\": \"thumbnail_image5.png\", \"path\": null, \"size\": 16.32, \"width\": 245, \"height\": 115, \"sizeInBytes\": 16323}}','image5_dc08bb53df','.png','image/png',77.25,'/uploads/image5_dc08bb53df.png',NULL,'local',NULL,'/1','2025-05-10 13:59:15.165000','2025-05-10 13:59:15.165000','2025-05-10 13:59:15.165000',NULL,NULL,NULL),(297,'g604kt0ff6d7bg0x6m2flrg8','image5.pdf',NULL,NULL,NULL,NULL,NULL,'image5_84fe537d12','.pdf','application/pdf',284.70,'/uploads/image5_84fe537d12.pdf',NULL,'local',NULL,'/1','2025-05-10 13:59:18.094000','2025-05-10 13:59:18.094000','2025-05-10 13:59:18.094000',NULL,NULL,NULL),(298,'o1hie43fd2ydd52r5dm2nv90','image5.png',NULL,NULL,1852,867,'{\"large\": {\"ext\": \".png\", \"url\": \"/uploads/large_image5_6708a479c9.png\", \"hash\": \"large_image5_6708a479c9\", \"mime\": \"image/png\", \"name\": \"large_image5.png\", \"path\": null, \"size\": 119.83, \"width\": 1000, \"height\": 468, \"sizeInBytes\": 119827}, \"small\": {\"ext\": \".png\", \"url\": \"/uploads/small_image5_6708a479c9.png\", \"hash\": \"small_image5_6708a479c9\", \"mime\": \"image/png\", \"name\": \"small_image5.png\", \"path\": null, \"size\": 46.39, \"width\": 500, \"height\": 234, \"sizeInBytes\": 46393}, \"medium\": {\"ext\": \".png\", \"url\": \"/uploads/medium_image5_6708a479c9.png\", \"hash\": \"medium_image5_6708a479c9\", \"mime\": \"image/png\", \"name\": \"medium_image5.png\", \"path\": null, \"size\": 82.2, \"width\": 750, \"height\": 351, \"sizeInBytes\": 82197}, \"thumbnail\": {\"ext\": \".png\", \"url\": \"/uploads/thumbnail_image5_6708a479c9.png\", \"hash\": \"thumbnail_image5_6708a479c9\", \"mime\": \"image/png\", \"name\": \"thumbnail_image5.png\", \"path\": null, \"size\": 16.32, \"width\": 245, \"height\": 115, \"sizeInBytes\": 16323}}','image5_6708a479c9','.png','image/png',77.25,'/uploads/image5_6708a479c9.png',NULL,'local',NULL,'/1','2025-05-10 13:59:23.844000','2025-05-10 13:59:23.844000','2025-05-10 13:59:23.845000',NULL,NULL,NULL),(299,'mywkbc9lahuiynixbqn0rypw','W585-41-45751.pdf',NULL,NULL,NULL,NULL,NULL,'W585_41_45751_9e52e6a14d','.pdf','application/pdf',117.25,'/uploads/W585_41_45751_9e52e6a14d.pdf',NULL,'local',NULL,'/1','2025-05-10 13:59:29.439000','2025-05-10 13:59:29.439000','2025-05-10 13:59:29.439000',NULL,NULL,NULL),(300,'w9hf327v39xwa0s5eyv3ic7t','image4.png',NULL,NULL,1280,720,'{\"large\": {\"ext\": \".png\", \"url\": \"/uploads/large_image4_06e02c35dd.png\", \"hash\": \"large_image4_06e02c35dd\", \"mime\": \"image/png\", \"name\": \"large_image4.png\", \"path\": null, \"size\": 347.93, \"width\": 1000, \"height\": 563, \"sizeInBytes\": 347929}, \"small\": {\"ext\": \".png\", \"url\": \"/uploads/small_image4_06e02c35dd.png\", \"hash\": \"small_image4_06e02c35dd\", \"mime\": \"image/png\", \"name\": \"small_image4.png\", \"path\": null, \"size\": 107.59, \"width\": 500, \"height\": 281, \"sizeInBytes\": 107586}, \"medium\": {\"ext\": \".png\", \"url\": \"/uploads/medium_image4_06e02c35dd.png\", \"hash\": \"medium_image4_06e02c35dd\", \"mime\": \"image/png\", \"name\": \"medium_image4.png\", \"path\": null, \"size\": 214.97, \"width\": 750, \"height\": 422, \"sizeInBytes\": 214972}, \"thumbnail\": {\"ext\": \".png\", \"url\": \"/uploads/thumbnail_image4_06e02c35dd.png\", \"hash\": \"thumbnail_image4_06e02c35dd\", \"mime\": \"image/png\", \"name\": \"thumbnail_image4.png\", \"path\": null, \"size\": 34, \"width\": 245, \"height\": 138, \"sizeInBytes\": 34001}}','image4_06e02c35dd','.png','image/png',163.38,'/uploads/image4_06e02c35dd.png',NULL,'local',NULL,'/1','2025-05-10 13:59:33.155000','2025-05-10 13:59:33.155000','2025-05-10 13:59:33.155000',NULL,NULL,NULL),(301,'myhiit8zcjlh3lbyjyqi7b9p','3.png',NULL,NULL,300,300,'{\"thumbnail\": {\"ext\": \".png\", \"url\": \"/uploads/thumbnail_3_2718a1ce07.png\", \"hash\": \"thumbnail_3_2718a1ce07\", \"mime\": \"image/png\", \"name\": \"thumbnail_3.png\", \"path\": null, \"size\": 16.97, \"width\": 156, \"height\": 156, \"sizeInBytes\": 16972}}','3_2718a1ce07','.png','image/png',10.25,'/uploads/3_2718a1ce07.png',NULL,'local',NULL,'/1','2025-05-10 13:59:52.755000','2025-05-10 13:59:52.755000','2025-05-10 13:59:52.755000',NULL,NULL,NULL),(302,'y0fhivh8qirjhmaf0a65m440','74379284_518021582116045_252087930003128320_n.jpg',NULL,NULL,1638,2048,'{\"large\": {\"ext\": \".jpg\", \"url\": \"/uploads/large_74379284_518021582116045_252087930003128320_n_a412e90826.jpg\", \"hash\": \"large_74379284_518021582116045_252087930003128320_n_a412e90826\", \"mime\": \"image/jpeg\", \"name\": \"large_74379284_518021582116045_252087930003128320_n.jpg\", \"path\": null, \"size\": 106, \"width\": 800, \"height\": 1000, \"sizeInBytes\": 106004}, \"small\": {\"ext\": \".jpg\", \"url\": \"/uploads/small_74379284_518021582116045_252087930003128320_n_a412e90826.jpg\", \"hash\": \"small_74379284_518021582116045_252087930003128320_n_a412e90826\", \"mime\": \"image/jpeg\", \"name\": \"small_74379284_518021582116045_252087930003128320_n.jpg\", \"path\": null, \"size\": 40.35, \"width\": 400, \"height\": 500, \"sizeInBytes\": 40348}, \"medium\": {\"ext\": \".jpg\", \"url\": \"/uploads/medium_74379284_518021582116045_252087930003128320_n_a412e90826.jpg\", \"hash\": \"medium_74379284_518021582116045_252087930003128320_n_a412e90826\", \"mime\": \"image/jpeg\", \"name\": \"medium_74379284_518021582116045_252087930003128320_n.jpg\", \"path\": null, \"size\": 71.71, \"width\": 600, \"height\": 750, \"sizeInBytes\": 71707}, \"thumbnail\": {\"ext\": \".jpg\", \"url\": \"/uploads/thumbnail_74379284_518021582116045_252087930003128320_n_a412e90826.jpg\", \"hash\": \"thumbnail_74379284_518021582116045_252087930003128320_n_a412e90826\", \"mime\": \"image/jpeg\", \"name\": \"thumbnail_74379284_518021582116045_252087930003128320_n.jpg\", \"path\": null, \"size\": 6.38, \"width\": 124, \"height\": 156, \"sizeInBytes\": 6379}}','74379284_518021582116045_252087930003128320_n_a412e90826','.jpg','image/jpeg',246.44,'/uploads/74379284_518021582116045_252087930003128320_n_a412e90826.jpg',NULL,'local',NULL,'/1','2025-05-10 14:05:32.746000','2025-05-10 14:05:32.746000','2025-05-10 14:05:32.746000',NULL,NULL,NULL),(303,'oimklir0o7kam2m6yf7q5be3','1.png',NULL,NULL,300,300,'{\"thumbnail\": {\"ext\": \".png\", \"url\": \"/uploads/thumbnail_1_1f33ab2b1a.png\", \"hash\": \"thumbnail_1_1f33ab2b1a\", \"mime\": \"image/png\", \"name\": \"thumbnail_1.png\", \"path\": null, \"size\": 35.92, \"width\": 156, \"height\": 156, \"sizeInBytes\": 35920}}','1_1f33ab2b1a','.png','image/png',26.55,'/uploads/1_1f33ab2b1a.png',NULL,'local',NULL,'/1','2025-05-10 14:23:18.156000','2025-05-10 14:23:18.156000','2025-05-10 14:23:18.157000',NULL,NULL,NULL),(304,'ew53gz76b3kuumkuhupmk5tt','1.png',NULL,NULL,300,300,'{\"thumbnail\": {\"ext\": \".png\", \"url\": \"/uploads/thumbnail_1_47c53efe32.png\", \"hash\": \"thumbnail_1_47c53efe32\", \"mime\": \"image/png\", \"name\": \"thumbnail_1.png\", \"path\": null, \"size\": 35.92, \"width\": 156, \"height\": 156, \"sizeInBytes\": 35920}}','1_47c53efe32','.png','image/png',26.55,'/uploads/1_47c53efe32.png',NULL,'local',NULL,'/1','2025-05-10 14:28:53.571000','2025-05-10 14:28:53.571000','2025-05-10 14:28:53.572000',NULL,NULL,NULL),(305,'a3tgh3cp39ipj8l23ls816rz','1-4mb.png',NULL,NULL,1320,990,'{\"large\": {\"ext\": \".png\", \"url\": \"/uploads/large_1_4mb_f1c6026b78.png\", \"hash\": \"large_1_4mb_f1c6026b78\", \"mime\": \"image/png\", \"name\": \"large_1-4mb.png\", \"path\": null, \"size\": 1401.49, \"width\": 1000, \"height\": 750, \"sizeInBytes\": 1401489}, \"small\": {\"ext\": \".png\", \"url\": \"/uploads/small_1_4mb_f1c6026b78.png\", \"hash\": \"small_1_4mb_f1c6026b78\", \"mime\": \"image/png\", \"name\": \"small_1-4mb.png\", \"path\": null, \"size\": 392.76, \"width\": 500, \"height\": 375, \"sizeInBytes\": 392764}, \"medium\": {\"ext\": \".png\", \"url\": \"/uploads/medium_1_4mb_f1c6026b78.png\", \"hash\": \"medium_1_4mb_f1c6026b78\", \"mime\": \"image/png\", \"name\": \"medium_1-4mb.png\", \"path\": null, \"size\": 828.49, \"width\": 750, \"height\": 563, \"sizeInBytes\": 828490}, \"thumbnail\": {\"ext\": \".png\", \"url\": \"/uploads/thumbnail_1_4mb_f1c6026b78.png\", \"hash\": \"thumbnail_1_4mb_f1c6026b78\", \"mime\": \"image/png\", \"name\": \"thumbnail_1-4mb.png\", \"path\": null, \"size\": 80.11, \"width\": 208, \"height\": 156, \"sizeInBytes\": 80110}}','1_4mb_f1c6026b78','.png','image/png',488.16,'/uploads/1_4mb_f1c6026b78.png',NULL,'local',NULL,'/1','2025-05-10 14:37:05.808000','2025-05-10 14:37:05.808000','2025-05-10 14:37:05.809000',NULL,NULL,NULL),(306,'qmds6aqqr906aji624e8kiim','1-4mb.png',NULL,NULL,1320,990,'{\"large\": {\"ext\": \".png\", \"url\": \"/uploads/large_1_4mb_3e010210ef.png\", \"hash\": \"large_1_4mb_3e010210ef\", \"mime\": \"image/png\", \"name\": \"large_1-4mb.png\", \"path\": null, \"size\": 1401.49, \"width\": 1000, \"height\": 750, \"sizeInBytes\": 1401489}, \"small\": {\"ext\": \".png\", \"url\": \"/uploads/small_1_4mb_3e010210ef.png\", \"hash\": \"small_1_4mb_3e010210ef\", \"mime\": \"image/png\", \"name\": \"small_1-4mb.png\", \"path\": null, \"size\": 392.76, \"width\": 500, \"height\": 375, \"sizeInBytes\": 392764}, \"medium\": {\"ext\": \".png\", \"url\": \"/uploads/medium_1_4mb_3e010210ef.png\", \"hash\": \"medium_1_4mb_3e010210ef\", \"mime\": \"image/png\", \"name\": \"medium_1-4mb.png\", \"path\": null, \"size\": 828.49, \"width\": 750, \"height\": 563, \"sizeInBytes\": 828490}, \"thumbnail\": {\"ext\": \".png\", \"url\": \"/uploads/thumbnail_1_4mb_3e010210ef.png\", \"hash\": \"thumbnail_1_4mb_3e010210ef\", \"mime\": \"image/png\", \"name\": \"thumbnail_1-4mb.png\", \"path\": null, \"size\": 80.11, \"width\": 208, \"height\": 156, \"sizeInBytes\": 80110}}','1_4mb_3e010210ef','.png','image/png',488.16,'/uploads/1_4mb_3e010210ef.png',NULL,'local',NULL,'/1','2025-05-10 14:37:25.551000','2025-05-10 14:37:25.551000','2025-05-10 14:37:25.552000',NULL,NULL,NULL),(307,'fca9ojz5pzgqupagyqa8phwk','2.png',NULL,NULL,1440,360,'{\"large\": {\"ext\": \".png\", \"url\": \"/uploads/large_2_c24b44f0ba.png\", \"hash\": \"large_2_c24b44f0ba\", \"mime\": \"image/png\", \"name\": \"large_2.png\", \"path\": null, \"size\": 625.21, \"width\": 1000, \"height\": 250, \"sizeInBytes\": 625206}, \"small\": {\"ext\": \".png\", \"url\": \"/uploads/small_2_c24b44f0ba.png\", \"hash\": \"small_2_c24b44f0ba\", \"mime\": \"image/png\", \"name\": \"small_2.png\", \"path\": null, \"size\": 161.71, \"width\": 500, \"height\": 125, \"sizeInBytes\": 161714}, \"medium\": {\"ext\": \".png\", \"url\": \"/uploads/medium_2_c24b44f0ba.png\", \"hash\": \"medium_2_c24b44f0ba\", \"mime\": \"image/png\", \"name\": \"medium_2.png\", \"path\": null, \"size\": 357.16, \"width\": 750, \"height\": 188, \"sizeInBytes\": 357160}, \"thumbnail\": {\"ext\": \".png\", \"url\": \"/uploads/thumbnail_2_c24b44f0ba.png\", \"hash\": \"thumbnail_2_c24b44f0ba\", \"mime\": \"image/png\", \"name\": \"thumbnail_2.png\", \"path\": null, \"size\": 40.38, \"width\": 245, \"height\": 61, \"sizeInBytes\": 40375}}','2_c24b44f0ba','.png','image/png',420.88,'/uploads/2_c24b44f0ba.png',NULL,'local',NULL,'/1','2025-05-10 14:39:06.560000','2025-05-10 14:39:06.560000','2025-05-10 14:39:06.560000',NULL,NULL,NULL),(308,'jzdtijcma8q5lb3ihvfhnsyb','1.png',NULL,NULL,1440,360,'{\"large\": {\"ext\": \".png\", \"url\": \"/uploads/large_1_87f9f5a7c6.png\", \"hash\": \"large_1_87f9f5a7c6\", \"mime\": \"image/png\", \"name\": \"large_1.png\", \"path\": null, \"size\": 232.13, \"width\": 1000, \"height\": 250, \"sizeInBytes\": 232129}, \"small\": {\"ext\": \".png\", \"url\": \"/uploads/small_1_87f9f5a7c6.png\", \"hash\": \"small_1_87f9f5a7c6\", \"mime\": \"image/png\", \"name\": \"small_1.png\", \"path\": null, \"size\": 66.22, \"width\": 500, \"height\": 125, \"sizeInBytes\": 66224}, \"medium\": {\"ext\": \".png\", \"url\": \"/uploads/medium_1_87f9f5a7c6.png\", \"hash\": \"medium_1_87f9f5a7c6\", \"mime\": \"image/png\", \"name\": \"medium_1.png\", \"path\": null, \"size\": 136.24, \"width\": 750, \"height\": 188, \"sizeInBytes\": 136240}, \"thumbnail\": {\"ext\": \".png\", \"url\": \"/uploads/thumbnail_1_87f9f5a7c6.png\", \"hash\": \"thumbnail_1_87f9f5a7c6\", \"mime\": \"image/png\", \"name\": \"thumbnail_1.png\", \"path\": null, \"size\": 20.33, \"width\": 245, \"height\": 61, \"sizeInBytes\": 20329}}','1_87f9f5a7c6','.png','image/png',92.86,'/uploads/1_87f9f5a7c6.png',NULL,'local',NULL,'/1','2025-05-10 14:39:22.860000','2025-05-10 14:39:22.860000','2025-05-10 14:39:22.861000',NULL,NULL,NULL),(309,'ohzfg39cpzl30n9l9utfzeud','CC36 TV.png',NULL,NULL,1920,1080,'{\"large\": {\"ext\": \".png\", \"url\": \"/uploads/large_CC_36_TV_73c0558de6.png\", \"hash\": \"large_CC_36_TV_73c0558de6\", \"mime\": \"image/png\", \"name\": \"large_CC36 TV.png\", \"path\": null, \"size\": 331.48, \"width\": 1000, \"height\": 563, \"sizeInBytes\": 331480}, \"small\": {\"ext\": \".png\", \"url\": \"/uploads/small_CC_36_TV_73c0558de6.png\", \"hash\": \"small_CC_36_TV_73c0558de6\", \"mime\": \"image/png\", \"name\": \"small_CC36 TV.png\", \"path\": null, \"size\": 122.57, \"width\": 500, \"height\": 281, \"sizeInBytes\": 122572}, \"medium\": {\"ext\": \".png\", \"url\": \"/uploads/medium_CC_36_TV_73c0558de6.png\", \"hash\": \"medium_CC_36_TV_73c0558de6\", \"mime\": \"image/png\", \"name\": \"medium_CC36 TV.png\", \"path\": null, \"size\": 220.78, \"width\": 750, \"height\": 422, \"sizeInBytes\": 220782}, \"thumbnail\": {\"ext\": \".png\", \"url\": \"/uploads/thumbnail_CC_36_TV_73c0558de6.png\", \"hash\": \"thumbnail_CC_36_TV_73c0558de6\", \"mime\": \"image/png\", \"name\": \"thumbnail_CC36 TV.png\", \"path\": null, \"size\": 42.29, \"width\": 245, \"height\": 138, \"sizeInBytes\": 42294}}','CC_36_TV_73c0558de6','.png','image/png',192.62,'/uploads/CC_36_TV_73c0558de6.png',NULL,'local',NULL,'/1','2025-05-10 14:39:32.590000','2025-05-10 14:39:32.590000','2025-05-10 14:39:32.591000',NULL,NULL,NULL),(310,'bigofyaoqwxdsqg3vcohvir4','1-4mb.png',NULL,NULL,1320,990,'{\"large\": {\"ext\": \".png\", \"url\": \"/uploads/large_1_4mb_dc028ce226.png\", \"hash\": \"large_1_4mb_dc028ce226\", \"mime\": \"image/png\", \"name\": \"large_1-4mb.png\", \"path\": null, \"size\": 1401.49, \"width\": 1000, \"height\": 750, \"sizeInBytes\": 1401489}, \"small\": {\"ext\": \".png\", \"url\": \"/uploads/small_1_4mb_dc028ce226.png\", \"hash\": \"small_1_4mb_dc028ce226\", \"mime\": \"image/png\", \"name\": \"small_1-4mb.png\", \"path\": null, \"size\": 392.76, \"width\": 500, \"height\": 375, \"sizeInBytes\": 392764}, \"medium\": {\"ext\": \".png\", \"url\": \"/uploads/medium_1_4mb_dc028ce226.png\", \"hash\": \"medium_1_4mb_dc028ce226\", \"mime\": \"image/png\", \"name\": \"medium_1-4mb.png\", \"path\": null, \"size\": 828.49, \"width\": 750, \"height\": 563, \"sizeInBytes\": 828490}, \"thumbnail\": {\"ext\": \".png\", \"url\": \"/uploads/thumbnail_1_4mb_dc028ce226.png\", \"hash\": \"thumbnail_1_4mb_dc028ce226\", \"mime\": \"image/png\", \"name\": \"thumbnail_1-4mb.png\", \"path\": null, \"size\": 80.11, \"width\": 208, \"height\": 156, \"sizeInBytes\": 80110}}','1_4mb_dc028ce226','.png','image/png',488.16,'/uploads/1_4mb_dc028ce226.png',NULL,'local',NULL,'/1','2025-05-10 14:41:32.500000','2025-05-10 14:41:32.500000','2025-05-10 14:41:32.500000',NULL,NULL,NULL),(311,'s0ksz16qaexs3b1515ifyu0c','W125-02-53498.pdf',NULL,NULL,NULL,NULL,NULL,'W125_02_53498_a47815b817','.pdf','application/pdf',117.85,'/uploads/W125_02_53498_a47815b817.pdf',NULL,'local',NULL,'/1','2025-05-10 15:09:40.297000','2025-05-10 15:09:40.297000','2025-05-10 15:09:40.297000',NULL,NULL,NULL),(312,'mgpldvqhx1znmk5y944bzruc','image5.png',NULL,NULL,1852,867,'{\"large\": {\"ext\": \".png\", \"url\": \"/uploads/large_image5_ab44c984af.png\", \"hash\": \"large_image5_ab44c984af\", \"mime\": \"image/png\", \"name\": \"large_image5.png\", \"path\": null, \"size\": 119.83, \"width\": 1000, \"height\": 468, \"sizeInBytes\": 119827}, \"small\": {\"ext\": \".png\", \"url\": \"/uploads/small_image5_ab44c984af.png\", \"hash\": \"small_image5_ab44c984af\", \"mime\": \"image/png\", \"name\": \"small_image5.png\", \"path\": null, \"size\": 46.39, \"width\": 500, \"height\": 234, \"sizeInBytes\": 46393}, \"medium\": {\"ext\": \".png\", \"url\": \"/uploads/medium_image5_ab44c984af.png\", \"hash\": \"medium_image5_ab44c984af\", \"mime\": \"image/png\", \"name\": \"medium_image5.png\", \"path\": null, \"size\": 82.2, \"width\": 750, \"height\": 351, \"sizeInBytes\": 82197}, \"thumbnail\": {\"ext\": \".png\", \"url\": \"/uploads/thumbnail_image5_ab44c984af.png\", \"hash\": \"thumbnail_image5_ab44c984af\", \"mime\": \"image/png\", \"name\": \"thumbnail_image5.png\", \"path\": null, \"size\": 16.32, \"width\": 245, \"height\": 115, \"sizeInBytes\": 16323}}','image5_ab44c984af','.png','image/png',77.25,'/uploads/image5_ab44c984af.png',NULL,'local',NULL,'/1','2025-05-10 15:10:11.389000','2025-05-10 15:10:11.389000','2025-05-10 15:10:11.389000',NULL,NULL,NULL),(313,'h3ak1pr3dxsd188w6edzdqti','image5.pdf',NULL,NULL,NULL,NULL,NULL,'image5_daa53523df','.pdf','application/pdf',284.70,'/uploads/image5_daa53523df.pdf',NULL,'local',NULL,'/1','2025-05-10 15:10:14.437000','2025-05-10 15:10:14.437000','2025-05-10 15:10:14.437000',NULL,NULL,NULL),(314,'zdshfeczs6hu1dlt2nbz70f6','image4.png',NULL,NULL,1280,720,'{\"large\": {\"ext\": \".png\", \"url\": \"/uploads/large_image4_6e8c85a8d6.png\", \"hash\": \"large_image4_6e8c85a8d6\", \"mime\": \"image/png\", \"name\": \"large_image4.png\", \"path\": null, \"size\": 347.93, \"width\": 1000, \"height\": 563, \"sizeInBytes\": 347929}, \"small\": {\"ext\": \".png\", \"url\": \"/uploads/small_image4_6e8c85a8d6.png\", \"hash\": \"small_image4_6e8c85a8d6\", \"mime\": \"image/png\", \"name\": \"small_image4.png\", \"path\": null, \"size\": 107.59, \"width\": 500, \"height\": 281, \"sizeInBytes\": 107586}, \"medium\": {\"ext\": \".png\", \"url\": \"/uploads/medium_image4_6e8c85a8d6.png\", \"hash\": \"medium_image4_6e8c85a8d6\", \"mime\": \"image/png\", \"name\": \"medium_image4.png\", \"path\": null, \"size\": 214.97, \"width\": 750, \"height\": 422, \"sizeInBytes\": 214972}, \"thumbnail\": {\"ext\": \".png\", \"url\": \"/uploads/thumbnail_image4_6e8c85a8d6.png\", \"hash\": \"thumbnail_image4_6e8c85a8d6\", \"mime\": \"image/png\", \"name\": \"thumbnail_image4.png\", \"path\": null, \"size\": 34, \"width\": 245, \"height\": 138, \"sizeInBytes\": 34001}}','image4_6e8c85a8d6','.png','image/png',163.38,'/uploads/image4_6e8c85a8d6.png',NULL,'local',NULL,'/1','2025-05-10 15:10:20.435000','2025-05-10 15:10:20.435000','2025-05-10 15:10:20.435000',NULL,NULL,NULL),(315,'pm27ceyliu6jk7eherxbz6tk','image4.pdf',NULL,NULL,NULL,NULL,NULL,'image4_b1c8c52100','.pdf','application/pdf',194.77,'/uploads/image4_b1c8c52100.pdf',NULL,'local',NULL,'/1','2025-05-10 15:10:23.295000','2025-05-10 15:10:23.295000','2025-05-10 15:10:23.295000',NULL,NULL,NULL),(316,'hn7v11u6regs02fze464v0zk','W585-41-45751.pdf',NULL,NULL,NULL,NULL,NULL,'W585_41_45751_583f43005e','.pdf','application/pdf',117.25,'/uploads/W585_41_45751_583f43005e.pdf',NULL,'local',NULL,'/1','2025-05-10 15:11:10.516000','2025-05-10 15:11:10.516000','2025-05-10 15:11:10.517000',NULL,NULL,NULL),(317,'phjm8l1owdelskxkz55ge4fm','W585-41-45751.pdf',NULL,NULL,NULL,NULL,NULL,'W585_41_45751_b5c92ebd85','.pdf','application/pdf',117.25,'/uploads/W585_41_45751_b5c92ebd85.pdf',NULL,'local',NULL,'/1','2025-05-10 15:11:13.742000','2025-05-10 15:11:13.742000','2025-05-10 15:11:13.742000',NULL,NULL,NULL),(318,'ohmrfhoxqohkfebw9ott3h3p','W585-41-45751.pdf',NULL,NULL,NULL,NULL,NULL,'W585_41_45751_ae81e0c845','.pdf','application/pdf',117.25,'/uploads/W585_41_45751_ae81e0c845.pdf',NULL,'local',NULL,'/1','2025-05-10 15:11:16.390000','2025-05-10 15:11:16.390000','2025-05-10 15:11:16.390000',NULL,NULL,NULL),(319,'ybpn0tju5zeazhwfyo3x167a','W585-41-45751.pdf',NULL,NULL,NULL,NULL,NULL,'W585_41_45751_26aa4f33db','.pdf','application/pdf',117.25,'/uploads/W585_41_45751_26aa4f33db.pdf',NULL,'local',NULL,'/1','2025-05-10 15:11:19.234000','2025-05-10 15:11:19.234000','2025-05-10 15:11:19.234000',NULL,NULL,NULL),(320,'jsls18jl2r8fzzv3hgm8fpko','171070_0.png',NULL,NULL,642,960,'{\"small\": {\"ext\": \".png\", \"url\": \"/uploads/small_171070_0_d59cfbca97.png\", \"hash\": \"small_171070_0_d59cfbca97\", \"mime\": \"image/png\", \"name\": \"small_171070_0.png\", \"path\": null, \"size\": 229.65, \"width\": 334, \"height\": 500, \"sizeInBytes\": 229651}, \"medium\": {\"ext\": \".png\", \"url\": \"/uploads/medium_171070_0_d59cfbca97.png\", \"hash\": \"medium_171070_0_d59cfbca97\", \"mime\": \"image/png\", \"name\": \"medium_171070_0.png\", \"path\": null, \"size\": 484.29, \"width\": 502, \"height\": 750, \"sizeInBytes\": 484285}, \"thumbnail\": {\"ext\": \".png\", \"url\": \"/uploads/thumbnail_171070_0_d59cfbca97.png\", \"hash\": \"thumbnail_171070_0_d59cfbca97\", \"mime\": \"image/png\", \"name\": \"thumbnail_171070_0.png\", \"path\": null, \"size\": 32.98, \"width\": 104, \"height\": 156, \"sizeInBytes\": 32981}}','171070_0_d59cfbca97','.png','image/png',182.72,'/uploads/171070_0_d59cfbca97.png',NULL,'local',NULL,'/1','2025-05-10 15:12:18.552000','2025-05-10 15:12:18.552000','2025-05-10 15:12:18.552000',NULL,NULL,NULL),(321,'qhcwm17n1lg09qqgiuhe6pz1','171071_0.jpg',NULL,NULL,1863,2250,'{\"large\": {\"ext\": \".jpg\", \"url\": \"/uploads/large_171071_0_d970bb9482.jpg\", \"hash\": \"large_171071_0_d970bb9482\", \"mime\": \"image/jpeg\", \"name\": \"large_171071_0.jpg\", \"path\": null, \"size\": 87.65, \"width\": 828, \"height\": 1000, \"sizeInBytes\": 87651}, \"small\": {\"ext\": \".jpg\", \"url\": \"/uploads/small_171071_0_d970bb9482.jpg\", \"hash\": \"small_171071_0_d970bb9482\", \"mime\": \"image/jpeg\", \"name\": \"small_171071_0.jpg\", \"path\": null, \"size\": 31.34, \"width\": 414, \"height\": 500, \"sizeInBytes\": 31340}, \"medium\": {\"ext\": \".jpg\", \"url\": \"/uploads/medium_171071_0_d970bb9482.jpg\", \"hash\": \"medium_171071_0_d970bb9482\", \"mime\": \"image/jpeg\", \"name\": \"medium_171071_0.jpg\", \"path\": null, \"size\": 56.14, \"width\": 621, \"height\": 750, \"sizeInBytes\": 56144}, \"thumbnail\": {\"ext\": \".jpg\", \"url\": \"/uploads/thumbnail_171071_0_d970bb9482.jpg\", \"hash\": \"thumbnail_171071_0_d970bb9482\", \"mime\": \"image/jpeg\", \"name\": \"thumbnail_171071_0.jpg\", \"path\": null, \"size\": 5.1, \"width\": 129, \"height\": 156, \"sizeInBytes\": 5100}}','171071_0_d970bb9482','.jpg','image/jpeg',278.52,'/uploads/171071_0_d970bb9482.jpg',NULL,'local',NULL,'/1','2025-05-10 15:12:22.364000','2025-05-10 15:12:22.364000','2025-05-10 15:12:22.364000',NULL,NULL,NULL),(322,'pfecsbxudledgcn3cd04wrh4','7C1FEB92-ADFD-4CE6-9257-AC6FA5F5F098.png',NULL,NULL,1076,1522,'{\"large\": {\"ext\": \".png\", \"url\": \"/uploads/large_7_C1_FEB_92_ADFD_4_CE_6_9257_AC_6_FA_5_F5_F098_77a285d201.png\", \"hash\": \"large_7_C1_FEB_92_ADFD_4_CE_6_9257_AC_6_FA_5_F5_F098_77a285d201\", \"mime\": \"image/png\", \"name\": \"large_7C1FEB92-ADFD-4CE6-9257-AC6FA5F5F098.png\", \"path\": null, \"size\": 1124.98, \"width\": 707, \"height\": 1000, \"sizeInBytes\": 1124979}, \"small\": {\"ext\": \".png\", \"url\": \"/uploads/small_7_C1_FEB_92_ADFD_4_CE_6_9257_AC_6_FA_5_F5_F098_77a285d201.png\", \"hash\": \"small_7_C1_FEB_92_ADFD_4_CE_6_9257_AC_6_FA_5_F5_F098_77a285d201\", \"mime\": \"image/png\", \"name\": \"small_7C1FEB92-ADFD-4CE6-9257-AC6FA5F5F098.png\", \"path\": null, \"size\": 312.52, \"width\": 353, \"height\": 500, \"sizeInBytes\": 312521}, \"medium\": {\"ext\": \".png\", \"url\": \"/uploads/medium_7_C1_FEB_92_ADFD_4_CE_6_9257_AC_6_FA_5_F5_F098_77a285d201.png\", \"hash\": \"medium_7_C1_FEB_92_ADFD_4_CE_6_9257_AC_6_FA_5_F5_F098_77a285d201\", \"mime\": \"image/png\", \"name\": \"medium_7C1FEB92-ADFD-4CE6-9257-AC6FA5F5F098.png\", \"path\": null, \"size\": 651.96, \"width\": 530, \"height\": 750, \"sizeInBytes\": 651955}, \"thumbnail\": {\"ext\": \".png\", \"url\": \"/uploads/thumbnail_7_C1_FEB_92_ADFD_4_CE_6_9257_AC_6_FA_5_F5_F098_77a285d201.png\", \"hash\": \"thumbnail_7_C1_FEB_92_ADFD_4_CE_6_9257_AC_6_FA_5_F5_F098_77a285d201\", \"mime\": \"image/png\", \"name\": \"thumbnail_7C1FEB92-ADFD-4CE6-9257-AC6FA5F5F098.png\", \"path\": null, \"size\": 40.3, \"width\": 110, \"height\": 156, \"sizeInBytes\": 40296}}','7_C1_FEB_92_ADFD_4_CE_6_9257_AC_6_FA_5_F5_F098_77a285d201','.png','image/png',580.46,'/uploads/7_C1_FEB_92_ADFD_4_CE_6_9257_AC_6_FA_5_F5_F098_77a285d201.png',NULL,'local',NULL,'/1','2025-05-10 15:12:28.182000','2025-05-10 15:12:28.182000','2025-05-10 15:12:28.182000',NULL,NULL,NULL),(323,'ia37dch90du4cry0pa8daw8o','GEN352 - 2_2024.pdf',NULL,NULL,NULL,NULL,NULL,'GEN_352_2_2024_fda3aa95d8','.pdf','application/pdf',301.21,'/uploads/GEN_352_2_2024_fda3aa95d8.pdf',NULL,'local',NULL,'/1','2025-05-10 15:12:41.177000','2025-05-10 15:12:41.177000','2025-05-10 15:12:41.178000',NULL,NULL,NULL),(324,'eeo5c8hsmkqjpk6eccfudkvz','74379284_518021582116045_252087930003128320_n.jpg',NULL,NULL,1638,2048,'{\"large\": {\"ext\": \".jpg\", \"url\": \"/uploads/large_74379284_518021582116045_252087930003128320_n_ab12e5c893.jpg\", \"hash\": \"large_74379284_518021582116045_252087930003128320_n_ab12e5c893\", \"mime\": \"image/jpeg\", \"name\": \"large_74379284_518021582116045_252087930003128320_n.jpg\", \"path\": null, \"size\": 106, \"width\": 800, \"height\": 1000, \"sizeInBytes\": 106004}, \"small\": {\"ext\": \".jpg\", \"url\": \"/uploads/small_74379284_518021582116045_252087930003128320_n_ab12e5c893.jpg\", \"hash\": \"small_74379284_518021582116045_252087930003128320_n_ab12e5c893\", \"mime\": \"image/jpeg\", \"name\": \"small_74379284_518021582116045_252087930003128320_n.jpg\", \"path\": null, \"size\": 40.35, \"width\": 400, \"height\": 500, \"sizeInBytes\": 40348}, \"medium\": {\"ext\": \".jpg\", \"url\": \"/uploads/medium_74379284_518021582116045_252087930003128320_n_ab12e5c893.jpg\", \"hash\": \"medium_74379284_518021582116045_252087930003128320_n_ab12e5c893\", \"mime\": \"image/jpeg\", \"name\": \"medium_74379284_518021582116045_252087930003128320_n.jpg\", \"path\": null, \"size\": 71.71, \"width\": 600, \"height\": 750, \"sizeInBytes\": 71707}, \"thumbnail\": {\"ext\": \".jpg\", \"url\": \"/uploads/thumbnail_74379284_518021582116045_252087930003128320_n_ab12e5c893.jpg\", \"hash\": \"thumbnail_74379284_518021582116045_252087930003128320_n_ab12e5c893\", \"mime\": \"image/jpeg\", \"name\": \"thumbnail_74379284_518021582116045_252087930003128320_n.jpg\", \"path\": null, \"size\": 6.38, \"width\": 124, \"height\": 156, \"sizeInBytes\": 6379}}','74379284_518021582116045_252087930003128320_n_ab12e5c893','.jpg','image/jpeg',246.44,'/uploads/74379284_518021582116045_252087930003128320_n_ab12e5c893.jpg',NULL,'local',NULL,'/1','2025-05-10 15:13:27.802000','2025-05-10 15:13:27.802000','2025-05-10 15:13:27.802000',NULL,NULL,NULL),(325,'aihuzcbknurb0lmsoye51ysz','CC36 TV.png',NULL,NULL,1920,1080,'{\"large\": {\"ext\": \".png\", \"url\": \"/uploads/large_CC_36_TV_83b02d4d77.png\", \"hash\": \"large_CC_36_TV_83b02d4d77\", \"mime\": \"image/png\", \"name\": \"large_CC36 TV.png\", \"path\": null, \"size\": 331.48, \"width\": 1000, \"height\": 563, \"sizeInBytes\": 331480}, \"small\": {\"ext\": \".png\", \"url\": \"/uploads/small_CC_36_TV_83b02d4d77.png\", \"hash\": \"small_CC_36_TV_83b02d4d77\", \"mime\": \"image/png\", \"name\": \"small_CC36 TV.png\", \"path\": null, \"size\": 122.57, \"width\": 500, \"height\": 281, \"sizeInBytes\": 122572}, \"medium\": {\"ext\": \".png\", \"url\": \"/uploads/medium_CC_36_TV_83b02d4d77.png\", \"hash\": \"medium_CC_36_TV_83b02d4d77\", \"mime\": \"image/png\", \"name\": \"medium_CC36 TV.png\", \"path\": null, \"size\": 220.78, \"width\": 750, \"height\": 422, \"sizeInBytes\": 220782}, \"thumbnail\": {\"ext\": \".png\", \"url\": \"/uploads/thumbnail_CC_36_TV_83b02d4d77.png\", \"hash\": \"thumbnail_CC_36_TV_83b02d4d77\", \"mime\": \"image/png\", \"name\": \"thumbnail_CC36 TV.png\", \"path\": null, \"size\": 42.29, \"width\": 245, \"height\": 138, \"sizeInBytes\": 42294}}','CC_36_TV_83b02d4d77','.png','image/png',192.62,'/uploads/CC_36_TV_83b02d4d77.png',NULL,'local',NULL,'/1','2025-05-10 15:13:35.372000','2025-05-10 15:13:35.372000','2025-05-10 15:13:35.373000',NULL,NULL,NULL),(326,'fisshrtnkeksfhu1vt5d1lnb','2.png',NULL,NULL,1440,360,'{\"large\": {\"ext\": \".png\", \"url\": \"/uploads/large_2_8394d8fe1d.png\", \"hash\": \"large_2_8394d8fe1d\", \"mime\": \"image/png\", \"name\": \"large_2.png\", \"path\": null, \"size\": 625.21, \"width\": 1000, \"height\": 250, \"sizeInBytes\": 625206}, \"small\": {\"ext\": \".png\", \"url\": \"/uploads/small_2_8394d8fe1d.png\", \"hash\": \"small_2_8394d8fe1d\", \"mime\": \"image/png\", \"name\": \"small_2.png\", \"path\": null, \"size\": 161.71, \"width\": 500, \"height\": 125, \"sizeInBytes\": 161714}, \"medium\": {\"ext\": \".png\", \"url\": \"/uploads/medium_2_8394d8fe1d.png\", \"hash\": \"medium_2_8394d8fe1d\", \"mime\": \"image/png\", \"name\": \"medium_2.png\", \"path\": null, \"size\": 357.16, \"width\": 750, \"height\": 188, \"sizeInBytes\": 357160}, \"thumbnail\": {\"ext\": \".png\", \"url\": \"/uploads/thumbnail_2_8394d8fe1d.png\", \"hash\": \"thumbnail_2_8394d8fe1d\", \"mime\": \"image/png\", \"name\": \"thumbnail_2.png\", \"path\": null, \"size\": 40.38, \"width\": 245, \"height\": 61, \"sizeInBytes\": 40375}}','2_8394d8fe1d','.png','image/png',420.88,'/uploads/2_8394d8fe1d.png',NULL,'local',NULL,'/1','2025-05-10 15:13:41.635000','2025-05-10 15:13:41.635000','2025-05-10 15:13:41.635000',NULL,NULL,NULL),(327,'t5sxugsqkum1trepq371p2ho','W125-02-53498.pdf',NULL,NULL,NULL,NULL,NULL,'W125_02_53498_f975c1a6b9','.pdf','application/pdf',117.85,'/uploads/W125_02_53498_f975c1a6b9.pdf',NULL,'local',NULL,'/1','2025-05-10 15:13:43.658000','2025-05-10 15:13:43.658000','2025-05-10 15:13:43.658000',NULL,NULL,NULL),(328,'jiy9kd592ebnub7g26hbw82s','1-4mb.png',NULL,NULL,1320,990,'{\"large\": {\"ext\": \".png\", \"url\": \"/uploads/large_1_4mb_2baeed2f29.png\", \"hash\": \"large_1_4mb_2baeed2f29\", \"mime\": \"image/png\", \"name\": \"large_1-4mb.png\", \"path\": null, \"size\": 1401.49, \"width\": 1000, \"height\": 750, \"sizeInBytes\": 1401489}, \"small\": {\"ext\": \".png\", \"url\": \"/uploads/small_1_4mb_2baeed2f29.png\", \"hash\": \"small_1_4mb_2baeed2f29\", \"mime\": \"image/png\", \"name\": \"small_1-4mb.png\", \"path\": null, \"size\": 392.76, \"width\": 500, \"height\": 375, \"sizeInBytes\": 392764}, \"medium\": {\"ext\": \".png\", \"url\": \"/uploads/medium_1_4mb_2baeed2f29.png\", \"hash\": \"medium_1_4mb_2baeed2f29\", \"mime\": \"image/png\", \"name\": \"medium_1-4mb.png\", \"path\": null, \"size\": 828.49, \"width\": 750, \"height\": 563, \"sizeInBytes\": 828490}, \"thumbnail\": {\"ext\": \".png\", \"url\": \"/uploads/thumbnail_1_4mb_2baeed2f29.png\", \"hash\": \"thumbnail_1_4mb_2baeed2f29\", \"mime\": \"image/png\", \"name\": \"thumbnail_1-4mb.png\", \"path\": null, \"size\": 80.11, \"width\": 208, \"height\": 156, \"sizeInBytes\": 80110}}','1_4mb_2baeed2f29','.png','image/png',488.16,'/uploads/1_4mb_2baeed2f29.png',NULL,'local',NULL,'/1','2025-05-11 02:39:04.509000','2025-05-11 02:39:04.509000','2025-05-11 02:39:04.509000',NULL,NULL,NULL),(329,'s0rbufoubpp131hxd39w2p54','2.png',NULL,NULL,300,300,'{\"thumbnail\": {\"ext\": \".png\", \"url\": \"/uploads/thumbnail_2_3fe27f75d1.png\", \"hash\": \"thumbnail_2_3fe27f75d1\", \"mime\": \"image/png\", \"name\": \"thumbnail_2.png\", \"path\": null, \"size\": 26.96, \"width\": 156, \"height\": 156, \"sizeInBytes\": 26957}}','2_3fe27f75d1','.png','image/png',19.19,'/uploads/2_3fe27f75d1.png',NULL,'local',NULL,'/1','2025-05-11 02:39:04.998000','2025-05-11 02:39:04.998000','2025-05-11 02:39:04.998000',NULL,NULL,NULL),(330,'zrnm4thtrdyv8ef3x7j45l7o','1.png',NULL,NULL,300,300,'{\"thumbnail\": {\"ext\": \".png\", \"url\": \"/uploads/thumbnail_1_90450afa04.png\", \"hash\": \"thumbnail_1_90450afa04\", \"mime\": \"image/png\", \"name\": \"thumbnail_1.png\", \"path\": null, \"size\": 35.92, \"width\": 156, \"height\": 156, \"sizeInBytes\": 35920}}','1_90450afa04','.png','image/png',26.55,'/uploads/1_90450afa04.png',NULL,'local',NULL,'/1','2025-05-11 02:47:57.420000','2025-05-11 02:47:57.420000','2025-05-11 02:47:57.420000',NULL,NULL,NULL),(331,'qta79k267g2lq6cope831v1e','1-4mb.png',NULL,NULL,1320,990,'{\"large\": {\"ext\": \".png\", \"url\": \"/uploads/large_1_4mb_59a31d9aaa.png\", \"hash\": \"large_1_4mb_59a31d9aaa\", \"mime\": \"image/png\", \"name\": \"large_1-4mb.png\", \"path\": null, \"size\": 1401.49, \"width\": 1000, \"height\": 750, \"sizeInBytes\": 1401489}, \"small\": {\"ext\": \".png\", \"url\": \"/uploads/small_1_4mb_59a31d9aaa.png\", \"hash\": \"small_1_4mb_59a31d9aaa\", \"mime\": \"image/png\", \"name\": \"small_1-4mb.png\", \"path\": null, \"size\": 392.76, \"width\": 500, \"height\": 375, \"sizeInBytes\": 392764}, \"medium\": {\"ext\": \".png\", \"url\": \"/uploads/medium_1_4mb_59a31d9aaa.png\", \"hash\": \"medium_1_4mb_59a31d9aaa\", \"mime\": \"image/png\", \"name\": \"medium_1-4mb.png\", \"path\": null, \"size\": 828.49, \"width\": 750, \"height\": 563, \"sizeInBytes\": 828490}, \"thumbnail\": {\"ext\": \".png\", \"url\": \"/uploads/thumbnail_1_4mb_59a31d9aaa.png\", \"hash\": \"thumbnail_1_4mb_59a31d9aaa\", \"mime\": \"image/png\", \"name\": \"thumbnail_1-4mb.png\", \"path\": null, \"size\": 80.11, \"width\": 208, \"height\": 156, \"sizeInBytes\": 80110}}','1_4mb_59a31d9aaa','.png','image/png',488.16,'/uploads/1_4mb_59a31d9aaa.png',NULL,'local',NULL,'/1','2025-05-11 02:48:01.549000','2025-05-11 02:48:01.549000','2025-05-11 02:48:01.549000',NULL,NULL,NULL),(332,'wan3pdtxtipzepksfb9li0tx','1.png',NULL,NULL,300,300,'{\"thumbnail\": {\"ext\": \".png\", \"url\": \"/uploads/thumbnail_1_c7dd268801.png\", \"hash\": \"thumbnail_1_c7dd268801\", \"mime\": \"image/png\", \"name\": \"thumbnail_1.png\", \"path\": null, \"size\": 35.92, \"width\": 156, \"height\": 156, \"sizeInBytes\": 35920}}','1_c7dd268801','.png','image/png',26.55,'/uploads/1_c7dd268801.png',NULL,'local',NULL,'/1','2025-05-11 02:49:13.358000','2025-05-11 02:49:13.358000','2025-05-11 02:49:13.359000',NULL,NULL,NULL),(333,'werz3axzxspu3crohvrxqjfg','1-4mb.png',NULL,NULL,1320,990,'{\"large\": {\"ext\": \".png\", \"url\": \"/uploads/large_1_4mb_43514d474a.png\", \"hash\": \"large_1_4mb_43514d474a\", \"mime\": \"image/png\", \"name\": \"large_1-4mb.png\", \"path\": null, \"size\": 1401.49, \"width\": 1000, \"height\": 750, \"sizeInBytes\": 1401489}, \"small\": {\"ext\": \".png\", \"url\": \"/uploads/small_1_4mb_43514d474a.png\", \"hash\": \"small_1_4mb_43514d474a\", \"mime\": \"image/png\", \"name\": \"small_1-4mb.png\", \"path\": null, \"size\": 392.76, \"width\": 500, \"height\": 375, \"sizeInBytes\": 392764}, \"medium\": {\"ext\": \".png\", \"url\": \"/uploads/medium_1_4mb_43514d474a.png\", \"hash\": \"medium_1_4mb_43514d474a\", \"mime\": \"image/png\", \"name\": \"medium_1-4mb.png\", \"path\": null, \"size\": 828.49, \"width\": 750, \"height\": 563, \"sizeInBytes\": 828490}, \"thumbnail\": {\"ext\": \".png\", \"url\": \"/uploads/thumbnail_1_4mb_43514d474a.png\", \"hash\": \"thumbnail_1_4mb_43514d474a\", \"mime\": \"image/png\", \"name\": \"thumbnail_1-4mb.png\", \"path\": null, \"size\": 80.11, \"width\": 208, \"height\": 156, \"sizeInBytes\": 80110}}','1_4mb_43514d474a','.png','image/png',488.16,'/uploads/1_4mb_43514d474a.png',NULL,'local',NULL,'/1','2025-05-11 02:49:17.158000','2025-05-11 02:49:17.158000','2025-05-11 02:49:17.159000',NULL,NULL,NULL),(334,'vyj7bpahkph69gvh8z0wnwu7','1.png',NULL,NULL,300,300,'{\"thumbnail\": {\"ext\": \".png\", \"url\": \"/uploads/thumbnail_1_7d075f636b.png\", \"hash\": \"thumbnail_1_7d075f636b\", \"mime\": \"image/png\", \"name\": \"thumbnail_1.png\", \"path\": null, \"size\": 35.92, \"width\": 156, \"height\": 156, \"sizeInBytes\": 35920}}','1_7d075f636b','.png','image/png',26.55,'/uploads/1_7d075f636b.png',NULL,'local',NULL,'/1','2025-05-11 02:53:19.943000','2025-05-11 02:53:19.943000','2025-05-11 02:53:19.943000',NULL,NULL,NULL),(335,'oexqunodrzje8uhd8g5j0gku','1-4mb.png',NULL,NULL,1320,990,'{\"large\": {\"ext\": \".png\", \"url\": \"/uploads/large_1_4mb_e618c6478d.png\", \"hash\": \"large_1_4mb_e618c6478d\", \"mime\": \"image/png\", \"name\": \"large_1-4mb.png\", \"path\": null, \"size\": 1401.49, \"width\": 1000, \"height\": 750, \"sizeInBytes\": 1401489}, \"small\": {\"ext\": \".png\", \"url\": \"/uploads/small_1_4mb_e618c6478d.png\", \"hash\": \"small_1_4mb_e618c6478d\", \"mime\": \"image/png\", \"name\": \"small_1-4mb.png\", \"path\": null, \"size\": 392.76, \"width\": 500, \"height\": 375, \"sizeInBytes\": 392764}, \"medium\": {\"ext\": \".png\", \"url\": \"/uploads/medium_1_4mb_e618c6478d.png\", \"hash\": \"medium_1_4mb_e618c6478d\", \"mime\": \"image/png\", \"name\": \"medium_1-4mb.png\", \"path\": null, \"size\": 828.49, \"width\": 750, \"height\": 563, \"sizeInBytes\": 828490}, \"thumbnail\": {\"ext\": \".png\", \"url\": \"/uploads/thumbnail_1_4mb_e618c6478d.png\", \"hash\": \"thumbnail_1_4mb_e618c6478d\", \"mime\": \"image/png\", \"name\": \"thumbnail_1-4mb.png\", \"path\": null, \"size\": 80.11, \"width\": 208, \"height\": 156, \"sizeInBytes\": 80110}}','1_4mb_e618c6478d','.png','image/png',488.16,'/uploads/1_4mb_e618c6478d.png',NULL,'local',NULL,'/1','2025-05-11 02:53:23.949000','2025-05-11 02:53:23.949000','2025-05-11 02:53:23.949000',NULL,NULL,NULL),(336,'rrzkd52pluzqiwweeuc5ha4m','1.png',NULL,NULL,300,300,'{\"thumbnail\": {\"ext\": \".png\", \"url\": \"/uploads/thumbnail_1_0bf394f251.png\", \"hash\": \"thumbnail_1_0bf394f251\", \"mime\": \"image/png\", \"name\": \"thumbnail_1.png\", \"path\": null, \"size\": 35.92, \"width\": 156, \"height\": 156, \"sizeInBytes\": 35920}}','1_0bf394f251','.png','image/png',26.55,'/uploads/1_0bf394f251.png',NULL,'local',NULL,'/1','2025-05-11 02:57:13.945000','2025-05-11 02:57:13.945000','2025-05-11 02:57:13.945000',NULL,NULL,NULL),(337,'gj9qe9vkvuslrtucmbs8yd2l','1.png',NULL,NULL,300,300,'{\"thumbnail\": {\"ext\": \".png\", \"url\": \"/uploads/thumbnail_1_866ac24320.png\", \"hash\": \"thumbnail_1_866ac24320\", \"mime\": \"image/png\", \"name\": \"thumbnail_1.png\", \"path\": null, \"size\": 35.92, \"width\": 156, \"height\": 156, \"sizeInBytes\": 35920}}','1_866ac24320','.png','image/png',26.55,'/uploads/1_866ac24320.png',NULL,'local',NULL,'/1','2025-05-11 02:57:16.527000','2025-05-11 02:57:16.527000','2025-05-11 02:57:16.527000',NULL,NULL,NULL),(338,'jrj46iw5e5g8po53p0rbpzya','1.png',NULL,NULL,300,300,'{\"thumbnail\": {\"ext\": \".png\", \"url\": \"/uploads/thumbnail_1_a61a4186a5.png\", \"hash\": \"thumbnail_1_a61a4186a5\", \"mime\": \"image/png\", \"name\": \"thumbnail_1.png\", \"path\": null, \"size\": 35.92, \"width\": 156, \"height\": 156, \"sizeInBytes\": 35920}}','1_a61a4186a5','.png','image/png',26.55,'/uploads/1_a61a4186a5.png',NULL,'local',NULL,'/1','2025-05-11 03:23:59.887000','2025-05-11 03:23:59.887000','2025-05-11 03:23:59.887000',NULL,NULL,NULL),(339,'w5k83xsti6z0hg5w09pt4ft1','1-4mb.png',NULL,NULL,1320,990,'{\"large\": {\"ext\": \".png\", \"url\": \"/uploads/large_1_4mb_88d4aa1bac.png\", \"hash\": \"large_1_4mb_88d4aa1bac\", \"mime\": \"image/png\", \"name\": \"large_1-4mb.png\", \"path\": null, \"size\": 1401.49, \"width\": 1000, \"height\": 750, \"sizeInBytes\": 1401489}, \"small\": {\"ext\": \".png\", \"url\": \"/uploads/small_1_4mb_88d4aa1bac.png\", \"hash\": \"small_1_4mb_88d4aa1bac\", \"mime\": \"image/png\", \"name\": \"small_1-4mb.png\", \"path\": null, \"size\": 392.76, \"width\": 500, \"height\": 375, \"sizeInBytes\": 392764}, \"medium\": {\"ext\": \".png\", \"url\": \"/uploads/medium_1_4mb_88d4aa1bac.png\", \"hash\": \"medium_1_4mb_88d4aa1bac\", \"mime\": \"image/png\", \"name\": \"medium_1-4mb.png\", \"path\": null, \"size\": 828.49, \"width\": 750, \"height\": 563, \"sizeInBytes\": 828490}, \"thumbnail\": {\"ext\": \".png\", \"url\": \"/uploads/thumbnail_1_4mb_88d4aa1bac.png\", \"hash\": \"thumbnail_1_4mb_88d4aa1bac\", \"mime\": \"image/png\", \"name\": \"thumbnail_1-4mb.png\", \"path\": null, \"size\": 80.11, \"width\": 208, \"height\": 156, \"sizeInBytes\": 80110}}','1_4mb_88d4aa1bac','.png','image/png',488.16,'/uploads/1_4mb_88d4aa1bac.png',NULL,'local',NULL,'/1','2025-05-11 03:24:04.532000','2025-05-11 03:24:04.532000','2025-05-11 03:24:04.532000',NULL,NULL,NULL),(340,'vrdnsv94vvaujm0ve9rdkhcn','1.png',NULL,NULL,300,300,'{\"thumbnail\": {\"ext\": \".png\", \"url\": \"/uploads/thumbnail_1_5d6404f1e0.png\", \"hash\": \"thumbnail_1_5d6404f1e0\", \"mime\": \"image/png\", \"name\": \"thumbnail_1.png\", \"path\": null, \"size\": 35.92, \"width\": 156, \"height\": 156, \"sizeInBytes\": 35920}}','1_5d6404f1e0','.png','image/png',26.55,'/uploads/1_5d6404f1e0.png',NULL,'local',NULL,'/1','2025-05-11 03:39:00.336000','2025-05-11 03:39:00.336000','2025-05-11 03:39:00.336000',NULL,NULL,NULL),(341,'w14h7zsva8hsy4r864bi441p','2.png',NULL,NULL,300,300,'{\"thumbnail\": {\"ext\": \".png\", \"url\": \"/uploads/thumbnail_2_2cbe075e81.png\", \"hash\": \"thumbnail_2_2cbe075e81\", \"mime\": \"image/png\", \"name\": \"thumbnail_2.png\", \"path\": null, \"size\": 26.96, \"width\": 156, \"height\": 156, \"sizeInBytes\": 26957}}','2_2cbe075e81','.png','image/png',19.19,'/uploads/2_2cbe075e81.png',NULL,'local',NULL,'/1','2025-05-11 03:39:02.746000','2025-05-11 03:39:02.746000','2025-05-11 03:39:02.746000',NULL,NULL,NULL),(342,'wblbfuw87oh1n5t4q2vagclk','1.png',NULL,NULL,300,300,'{\"thumbnail\": {\"ext\": \".png\", \"url\": \"/uploads/thumbnail_1_b84a93ec74.png\", \"hash\": \"thumbnail_1_b84a93ec74\", \"mime\": \"image/png\", \"name\": \"thumbnail_1.png\", \"path\": null, \"size\": 35.92, \"width\": 156, \"height\": 156, \"sizeInBytes\": 35920}}','1_b84a93ec74','.png','image/png',26.55,'/uploads/1_b84a93ec74.png',NULL,'local',NULL,'/1','2025-05-11 03:41:39.802000','2025-05-11 03:41:39.802000','2025-05-11 03:41:39.802000',NULL,NULL,NULL),(343,'qh2zna4ujr3ht8jf9ev5x1xp','2.png',NULL,NULL,300,300,'{\"thumbnail\": {\"ext\": \".png\", \"url\": \"/uploads/thumbnail_2_c0ebb645b1.png\", \"hash\": \"thumbnail_2_c0ebb645b1\", \"mime\": \"image/png\", \"name\": \"thumbnail_2.png\", \"path\": null, \"size\": 26.96, \"width\": 156, \"height\": 156, \"sizeInBytes\": 26957}}','2_c0ebb645b1','.png','image/png',19.19,'/uploads/2_c0ebb645b1.png',NULL,'local',NULL,'/1','2025-05-11 03:41:42.117000','2025-05-11 03:41:42.117000','2025-05-11 03:41:42.118000',NULL,NULL,NULL),(344,'nq35ofc6gtj4lhkrpntogdx8','1-4mb.png',NULL,NULL,1320,990,'{\"large\": {\"ext\": \".png\", \"url\": \"/uploads/large_1_4mb_8cc375e46f.png\", \"hash\": \"large_1_4mb_8cc375e46f\", \"mime\": \"image/png\", \"name\": \"large_1-4mb.png\", \"path\": null, \"size\": 1401.49, \"width\": 1000, \"height\": 750, \"sizeInBytes\": 1401489}, \"small\": {\"ext\": \".png\", \"url\": \"/uploads/small_1_4mb_8cc375e46f.png\", \"hash\": \"small_1_4mb_8cc375e46f\", \"mime\": \"image/png\", \"name\": \"small_1-4mb.png\", \"path\": null, \"size\": 392.76, \"width\": 500, \"height\": 375, \"sizeInBytes\": 392764}, \"medium\": {\"ext\": \".png\", \"url\": \"/uploads/medium_1_4mb_8cc375e46f.png\", \"hash\": \"medium_1_4mb_8cc375e46f\", \"mime\": \"image/png\", \"name\": \"medium_1-4mb.png\", \"path\": null, \"size\": 828.49, \"width\": 750, \"height\": 563, \"sizeInBytes\": 828490}, \"thumbnail\": {\"ext\": \".png\", \"url\": \"/uploads/thumbnail_1_4mb_8cc375e46f.png\", \"hash\": \"thumbnail_1_4mb_8cc375e46f\", \"mime\": \"image/png\", \"name\": \"thumbnail_1-4mb.png\", \"path\": null, \"size\": 80.11, \"width\": 208, \"height\": 156, \"sizeInBytes\": 80110}}','1_4mb_8cc375e46f','.png','image/png',488.16,'/uploads/1_4mb_8cc375e46f.png',NULL,'local',NULL,'/1','2025-05-11 04:41:50.197000','2025-05-11 04:41:50.197000','2025-05-11 04:41:50.197000',NULL,NULL,NULL),(345,'cjqti26ix1fiqgbi4j34lg65','2.png',NULL,NULL,300,300,'{\"thumbnail\": {\"ext\": \".png\", \"url\": \"/uploads/thumbnail_2_edf1a76966.png\", \"hash\": \"thumbnail_2_edf1a76966\", \"mime\": \"image/png\", \"name\": \"thumbnail_2.png\", \"path\": null, \"size\": 26.96, \"width\": 156, \"height\": 156, \"sizeInBytes\": 26957}}','2_edf1a76966','.png','image/png',19.19,'/uploads/2_edf1a76966.png',NULL,'local',NULL,'/1','2025-05-11 04:41:50.919000','2025-05-11 04:41:50.919000','2025-05-11 04:41:50.919000',NULL,NULL,NULL),(346,'fv8ilgn1wr28qf4c1oxdaug7','1.png',NULL,NULL,300,300,'{\"thumbnail\": {\"ext\": \".png\", \"url\": \"/uploads/thumbnail_1_7f47099d59.png\", \"hash\": \"thumbnail_1_7f47099d59\", \"mime\": \"image/png\", \"name\": \"thumbnail_1.png\", \"path\": null, \"size\": 35.92, \"width\": 156, \"height\": 156, \"sizeInBytes\": 35920}}','1_7f47099d59','.png','image/png',26.55,'/uploads/1_7f47099d59.png',NULL,'local',NULL,'/1','2025-05-11 04:42:04.114000','2025-05-11 04:42:04.114000','2025-05-11 04:42:04.114000',NULL,NULL,NULL),(347,'diq7wj9l9qzxaorcpugd2zhu','1-4mb.png',NULL,NULL,1320,990,'{\"large\": {\"ext\": \".png\", \"url\": \"/uploads/large_1_4mb_7c3d1e318d.png\", \"hash\": \"large_1_4mb_7c3d1e318d\", \"mime\": \"image/png\", \"name\": \"large_1-4mb.png\", \"path\": null, \"size\": 1401.49, \"width\": 1000, \"height\": 750, \"sizeInBytes\": 1401489}, \"small\": {\"ext\": \".png\", \"url\": \"/uploads/small_1_4mb_7c3d1e318d.png\", \"hash\": \"small_1_4mb_7c3d1e318d\", \"mime\": \"image/png\", \"name\": \"small_1-4mb.png\", \"path\": null, \"size\": 392.76, \"width\": 500, \"height\": 375, \"sizeInBytes\": 392764}, \"medium\": {\"ext\": \".png\", \"url\": \"/uploads/medium_1_4mb_7c3d1e318d.png\", \"hash\": \"medium_1_4mb_7c3d1e318d\", \"mime\": \"image/png\", \"name\": \"medium_1-4mb.png\", \"path\": null, \"size\": 828.49, \"width\": 750, \"height\": 563, \"sizeInBytes\": 828490}, \"thumbnail\": {\"ext\": \".png\", \"url\": \"/uploads/thumbnail_1_4mb_7c3d1e318d.png\", \"hash\": \"thumbnail_1_4mb_7c3d1e318d\", \"mime\": \"image/png\", \"name\": \"thumbnail_1-4mb.png\", \"path\": null, \"size\": 80.11, \"width\": 208, \"height\": 156, \"sizeInBytes\": 80110}}','1_4mb_7c3d1e318d','.png','image/png',488.16,'/uploads/1_4mb_7c3d1e318d.png',NULL,'local',NULL,'/1','2025-05-11 04:42:08.468000','2025-05-11 04:42:08.468000','2025-05-11 04:42:08.469000',NULL,NULL,NULL),(348,'upprdhbo1opn49rhkk09ebrx','1-4mb.png',NULL,NULL,1320,990,'{\"large\": {\"ext\": \".png\", \"url\": \"/uploads/large_1_4mb_36ad473e7c.png\", \"hash\": \"large_1_4mb_36ad473e7c\", \"mime\": \"image/png\", \"name\": \"large_1-4mb.png\", \"path\": null, \"size\": 1401.49, \"width\": 1000, \"height\": 750, \"sizeInBytes\": 1401489}, \"small\": {\"ext\": \".png\", \"url\": \"/uploads/small_1_4mb_36ad473e7c.png\", \"hash\": \"small_1_4mb_36ad473e7c\", \"mime\": \"image/png\", \"name\": \"small_1-4mb.png\", \"path\": null, \"size\": 392.76, \"width\": 500, \"height\": 375, \"sizeInBytes\": 392764}, \"medium\": {\"ext\": \".png\", \"url\": \"/uploads/medium_1_4mb_36ad473e7c.png\", \"hash\": \"medium_1_4mb_36ad473e7c\", \"mime\": \"image/png\", \"name\": \"medium_1-4mb.png\", \"path\": null, \"size\": 828.49, \"width\": 750, \"height\": 563, \"sizeInBytes\": 828490}, \"thumbnail\": {\"ext\": \".png\", \"url\": \"/uploads/thumbnail_1_4mb_36ad473e7c.png\", \"hash\": \"thumbnail_1_4mb_36ad473e7c\", \"mime\": \"image/png\", \"name\": \"thumbnail_1-4mb.png\", \"path\": null, \"size\": 80.11, \"width\": 208, \"height\": 156, \"sizeInBytes\": 80110}}','1_4mb_36ad473e7c','.png','image/png',488.16,'/uploads/1_4mb_36ad473e7c.png',NULL,'local',NULL,'/1','2025-05-11 04:42:26.347000','2025-05-11 04:42:26.347000','2025-05-11 04:42:26.348000',NULL,NULL,NULL),(349,'acjo8j3c143uhenseysqqn82','3.png',NULL,NULL,300,300,'{\"thumbnail\": {\"ext\": \".png\", \"url\": \"/uploads/thumbnail_3_31b29397bd.png\", \"hash\": \"thumbnail_3_31b29397bd\", \"mime\": \"image/png\", \"name\": \"thumbnail_3.png\", \"path\": null, \"size\": 16.97, \"width\": 156, \"height\": 156, \"sizeInBytes\": 16972}}','3_31b29397bd','.png','image/png',10.25,'/uploads/3_31b29397bd.png',NULL,'local',NULL,'/1','2025-05-11 04:42:28.787000','2025-05-11 04:42:28.787000','2025-05-11 04:42:28.787000',NULL,NULL,NULL),(350,'otrdqlj4bb93ng3fpatdbym7','1-4mb.png',NULL,NULL,1320,990,'{\"large\": {\"ext\": \".png\", \"url\": \"/uploads/large_1_4mb_5df0651006.png\", \"hash\": \"large_1_4mb_5df0651006\", \"mime\": \"image/png\", \"name\": \"large_1-4mb.png\", \"path\": null, \"size\": 1401.49, \"width\": 1000, \"height\": 750, \"sizeInBytes\": 1401489}, \"small\": {\"ext\": \".png\", \"url\": \"/uploads/small_1_4mb_5df0651006.png\", \"hash\": \"small_1_4mb_5df0651006\", \"mime\": \"image/png\", \"name\": \"small_1-4mb.png\", \"path\": null, \"size\": 392.76, \"width\": 500, \"height\": 375, \"sizeInBytes\": 392764}, \"medium\": {\"ext\": \".png\", \"url\": \"/uploads/medium_1_4mb_5df0651006.png\", \"hash\": \"medium_1_4mb_5df0651006\", \"mime\": \"image/png\", \"name\": \"medium_1-4mb.png\", \"path\": null, \"size\": 828.49, \"width\": 750, \"height\": 563, \"sizeInBytes\": 828490}, \"thumbnail\": {\"ext\": \".png\", \"url\": \"/uploads/thumbnail_1_4mb_5df0651006.png\", \"hash\": \"thumbnail_1_4mb_5df0651006\", \"mime\": \"image/png\", \"name\": \"thumbnail_1-4mb.png\", \"path\": null, \"size\": 80.11, \"width\": 208, \"height\": 156, \"sizeInBytes\": 80110}}','1_4mb_5df0651006','.png','image/png',488.16,'/uploads/1_4mb_5df0651006.png',NULL,'local',NULL,'/1','2025-05-11 04:52:24.667000','2025-05-11 04:52:24.667000','2025-05-11 04:52:24.668000',NULL,NULL,NULL),(351,'ytlbqxdhbwbvnalh5xobocbg','1-4mb.png',NULL,NULL,1320,990,'{\"large\": {\"ext\": \".png\", \"url\": \"/uploads/large_1_4mb_65a23fb11a.png\", \"hash\": \"large_1_4mb_65a23fb11a\", \"mime\": \"image/png\", \"name\": \"large_1-4mb.png\", \"path\": null, \"size\": 1401.49, \"width\": 1000, \"height\": 750, \"sizeInBytes\": 1401489}, \"small\": {\"ext\": \".png\", \"url\": \"/uploads/small_1_4mb_65a23fb11a.png\", \"hash\": \"small_1_4mb_65a23fb11a\", \"mime\": \"image/png\", \"name\": \"small_1-4mb.png\", \"path\": null, \"size\": 392.76, \"width\": 500, \"height\": 375, \"sizeInBytes\": 392764}, \"medium\": {\"ext\": \".png\", \"url\": \"/uploads/medium_1_4mb_65a23fb11a.png\", \"hash\": \"medium_1_4mb_65a23fb11a\", \"mime\": \"image/png\", \"name\": \"medium_1-4mb.png\", \"path\": null, \"size\": 828.49, \"width\": 750, \"height\": 563, \"sizeInBytes\": 828490}, \"thumbnail\": {\"ext\": \".png\", \"url\": \"/uploads/thumbnail_1_4mb_65a23fb11a.png\", \"hash\": \"thumbnail_1_4mb_65a23fb11a\", \"mime\": \"image/png\", \"name\": \"thumbnail_1-4mb.png\", \"path\": null, \"size\": 80.11, \"width\": 208, \"height\": 156, \"sizeInBytes\": 80110}}','1_4mb_65a23fb11a','.png','image/png',488.16,'/uploads/1_4mb_65a23fb11a.png',NULL,'local',NULL,'/1','2025-05-11 04:52:27.463000','2025-05-11 04:52:27.463000','2025-05-11 04:52:27.463000',NULL,NULL,NULL),(352,'jjvtuqp3vjbojzd1m56hzwwe','1.png',NULL,NULL,300,300,'{\"thumbnail\": {\"ext\": \".png\", \"url\": \"/uploads/thumbnail_1_f9b6d4b19d.png\", \"hash\": \"thumbnail_1_f9b6d4b19d\", \"mime\": \"image/png\", \"name\": \"thumbnail_1.png\", \"path\": null, \"size\": 35.92, \"width\": 156, \"height\": 156, \"sizeInBytes\": 35920}}','1_f9b6d4b19d','.png','image/png',26.55,'/uploads/1_f9b6d4b19d.png',NULL,'local',NULL,'/1','2025-05-11 04:52:41.332000','2025-05-11 04:52:41.332000','2025-05-11 04:52:41.332000',NULL,NULL,NULL),(353,'q09oj76o9xispygi57akveko','1-4mb.png',NULL,NULL,1320,990,'{\"large\": {\"ext\": \".png\", \"url\": \"/uploads/large_1_4mb_2086abcb80.png\", \"hash\": \"large_1_4mb_2086abcb80\", \"mime\": \"image/png\", \"name\": \"large_1-4mb.png\", \"path\": null, \"size\": 1401.49, \"width\": 1000, \"height\": 750, \"sizeInBytes\": 1401489}, \"small\": {\"ext\": \".png\", \"url\": \"/uploads/small_1_4mb_2086abcb80.png\", \"hash\": \"small_1_4mb_2086abcb80\", \"mime\": \"image/png\", \"name\": \"small_1-4mb.png\", \"path\": null, \"size\": 392.76, \"width\": 500, \"height\": 375, \"sizeInBytes\": 392764}, \"medium\": {\"ext\": \".png\", \"url\": \"/uploads/medium_1_4mb_2086abcb80.png\", \"hash\": \"medium_1_4mb_2086abcb80\", \"mime\": \"image/png\", \"name\": \"medium_1-4mb.png\", \"path\": null, \"size\": 828.49, \"width\": 750, \"height\": 563, \"sizeInBytes\": 828490}, \"thumbnail\": {\"ext\": \".png\", \"url\": \"/uploads/thumbnail_1_4mb_2086abcb80.png\", \"hash\": \"thumbnail_1_4mb_2086abcb80\", \"mime\": \"image/png\", \"name\": \"thumbnail_1-4mb.png\", \"path\": null, \"size\": 80.11, \"width\": 208, \"height\": 156, \"sizeInBytes\": 80110}}','1_4mb_2086abcb80','.png','image/png',488.16,'/uploads/1_4mb_2086abcb80.png',NULL,'local',NULL,'/1','2025-05-11 04:52:46.845000','2025-05-11 04:52:46.845000','2025-05-11 04:52:46.845000',NULL,NULL,NULL),(354,'zf18fjwavkyetyenfnlz6vvg','1-4mb.png',NULL,NULL,1320,990,'{\"large\": {\"ext\": \".png\", \"url\": \"/uploads/large_1_4mb_ed8b6ebc11.png\", \"hash\": \"large_1_4mb_ed8b6ebc11\", \"mime\": \"image/png\", \"name\": \"large_1-4mb.png\", \"path\": null, \"size\": 1401.49, \"width\": 1000, \"height\": 750, \"sizeInBytes\": 1401489}, \"small\": {\"ext\": \".png\", \"url\": \"/uploads/small_1_4mb_ed8b6ebc11.png\", \"hash\": \"small_1_4mb_ed8b6ebc11\", \"mime\": \"image/png\", \"name\": \"small_1-4mb.png\", \"path\": null, \"size\": 392.76, \"width\": 500, \"height\": 375, \"sizeInBytes\": 392764}, \"medium\": {\"ext\": \".png\", \"url\": \"/uploads/medium_1_4mb_ed8b6ebc11.png\", \"hash\": \"medium_1_4mb_ed8b6ebc11\", \"mime\": \"image/png\", \"name\": \"medium_1-4mb.png\", \"path\": null, \"size\": 828.49, \"width\": 750, \"height\": 563, \"sizeInBytes\": 828490}, \"thumbnail\": {\"ext\": \".png\", \"url\": \"/uploads/thumbnail_1_4mb_ed8b6ebc11.png\", \"hash\": \"thumbnail_1_4mb_ed8b6ebc11\", \"mime\": \"image/png\", \"name\": \"thumbnail_1-4mb.png\", \"path\": null, \"size\": 80.11, \"width\": 208, \"height\": 156, \"sizeInBytes\": 80110}}','1_4mb_ed8b6ebc11','.png','image/png',488.16,'/uploads/1_4mb_ed8b6ebc11.png',NULL,'local',NULL,'/1','2025-05-11 04:56:09.294000','2025-05-11 04:56:09.294000','2025-05-11 04:56:09.295000',NULL,NULL,NULL),(355,'b7iqupax0cz1aqn6rthhsmod','2.png',NULL,NULL,300,300,'{\"thumbnail\": {\"ext\": \".png\", \"url\": \"/uploads/thumbnail_2_18cd92274d.png\", \"hash\": \"thumbnail_2_18cd92274d\", \"mime\": \"image/png\", \"name\": \"thumbnail_2.png\", \"path\": null, \"size\": 26.96, \"width\": 156, \"height\": 156, \"sizeInBytes\": 26957}}','2_18cd92274d','.png','image/png',19.19,'/uploads/2_18cd92274d.png',NULL,'local',NULL,'/1','2025-05-11 04:56:09.832000','2025-05-11 04:56:09.832000','2025-05-11 04:56:09.832000',NULL,NULL,NULL),(356,'feo0v7yyytbhu4xywi6jfu5a','1-4mb.png',NULL,NULL,1320,990,'{\"large\": {\"ext\": \".png\", \"url\": \"/uploads/large_1_4mb_24b284c715.png\", \"hash\": \"large_1_4mb_24b284c715\", \"mime\": \"image/png\", \"name\": \"large_1-4mb.png\", \"path\": null, \"size\": 1401.49, \"width\": 1000, \"height\": 750, \"sizeInBytes\": 1401489}, \"small\": {\"ext\": \".png\", \"url\": \"/uploads/small_1_4mb_24b284c715.png\", \"hash\": \"small_1_4mb_24b284c715\", \"mime\": \"image/png\", \"name\": \"small_1-4mb.png\", \"path\": null, \"size\": 392.76, \"width\": 500, \"height\": 375, \"sizeInBytes\": 392764}, \"medium\": {\"ext\": \".png\", \"url\": \"/uploads/medium_1_4mb_24b284c715.png\", \"hash\": \"medium_1_4mb_24b284c715\", \"mime\": \"image/png\", \"name\": \"medium_1-4mb.png\", \"path\": null, \"size\": 828.49, \"width\": 750, \"height\": 563, \"sizeInBytes\": 828490}, \"thumbnail\": {\"ext\": \".png\", \"url\": \"/uploads/thumbnail_1_4mb_24b284c715.png\", \"hash\": \"thumbnail_1_4mb_24b284c715\", \"mime\": \"image/png\", \"name\": \"thumbnail_1-4mb.png\", \"path\": null, \"size\": 80.11, \"width\": 208, \"height\": 156, \"sizeInBytes\": 80110}}','1_4mb_24b284c715','.png','image/png',488.16,'/uploads/1_4mb_24b284c715.png',NULL,'local',NULL,'/1','2025-05-11 04:56:32.197000','2025-05-11 04:56:32.197000','2025-05-11 04:56:32.198000',NULL,NULL,NULL),(357,'jum92jlfraldbf3wayxwwil2','1-4mb.png',NULL,NULL,1320,990,'{\"large\": {\"ext\": \".png\", \"url\": \"/uploads/large_1_4mb_e7adad55c7.png\", \"hash\": \"large_1_4mb_e7adad55c7\", \"mime\": \"image/png\", \"name\": \"large_1-4mb.png\", \"path\": null, \"size\": 1401.49, \"width\": 1000, \"height\": 750, \"sizeInBytes\": 1401489}, \"small\": {\"ext\": \".png\", \"url\": \"/uploads/small_1_4mb_e7adad55c7.png\", \"hash\": \"small_1_4mb_e7adad55c7\", \"mime\": \"image/png\", \"name\": \"small_1-4mb.png\", \"path\": null, \"size\": 392.76, \"width\": 500, \"height\": 375, \"sizeInBytes\": 392764}, \"medium\": {\"ext\": \".png\", \"url\": \"/uploads/medium_1_4mb_e7adad55c7.png\", \"hash\": \"medium_1_4mb_e7adad55c7\", \"mime\": \"image/png\", \"name\": \"medium_1-4mb.png\", \"path\": null, \"size\": 828.49, \"width\": 750, \"height\": 563, \"sizeInBytes\": 828490}, \"thumbnail\": {\"ext\": \".png\", \"url\": \"/uploads/thumbnail_1_4mb_e7adad55c7.png\", \"hash\": \"thumbnail_1_4mb_e7adad55c7\", \"mime\": \"image/png\", \"name\": \"thumbnail_1-4mb.png\", \"path\": null, \"size\": 80.11, \"width\": 208, \"height\": 156, \"sizeInBytes\": 80110}}','1_4mb_e7adad55c7','.png','image/png',488.16,'/uploads/1_4mb_e7adad55c7.png',NULL,'local',NULL,'/1','2025-05-11 04:56:35.112000','2025-05-11 04:56:35.112000','2025-05-11 04:56:35.112000',NULL,NULL,NULL),(358,'wjkkpxkchnio4nvlyfvuviek','1-4mb.png',NULL,NULL,1320,990,'{\"large\": {\"ext\": \".png\", \"url\": \"/uploads/large_1_4mb_560774501d.png\", \"hash\": \"large_1_4mb_560774501d\", \"mime\": \"image/png\", \"name\": \"large_1-4mb.png\", \"path\": null, \"size\": 1401.49, \"width\": 1000, \"height\": 750, \"sizeInBytes\": 1401489}, \"small\": {\"ext\": \".png\", \"url\": \"/uploads/small_1_4mb_560774501d.png\", \"hash\": \"small_1_4mb_560774501d\", \"mime\": \"image/png\", \"name\": \"small_1-4mb.png\", \"path\": null, \"size\": 392.76, \"width\": 500, \"height\": 375, \"sizeInBytes\": 392764}, \"medium\": {\"ext\": \".png\", \"url\": \"/uploads/medium_1_4mb_560774501d.png\", \"hash\": \"medium_1_4mb_560774501d\", \"mime\": \"image/png\", \"name\": \"medium_1-4mb.png\", \"path\": null, \"size\": 828.49, \"width\": 750, \"height\": 563, \"sizeInBytes\": 828490}, \"thumbnail\": {\"ext\": \".png\", \"url\": \"/uploads/thumbnail_1_4mb_560774501d.png\", \"hash\": \"thumbnail_1_4mb_560774501d\", \"mime\": \"image/png\", \"name\": \"thumbnail_1-4mb.png\", \"path\": null, \"size\": 80.11, \"width\": 208, \"height\": 156, \"sizeInBytes\": 80110}}','1_4mb_560774501d','.png','image/png',488.16,'/uploads/1_4mb_560774501d.png',NULL,'local',NULL,'/1','2025-05-11 05:15:53.646000','2025-05-11 05:15:53.646000','2025-05-11 05:15:53.646000',NULL,NULL,NULL),(359,'wwvvqg77iyrm67uur8lt1t50','1-4mb.png',NULL,NULL,1320,990,'{\"large\": {\"ext\": \".png\", \"url\": \"/uploads/large_1_4mb_e719642bd8.png\", \"hash\": \"large_1_4mb_e719642bd8\", \"mime\": \"image/png\", \"name\": \"large_1-4mb.png\", \"path\": null, \"size\": 1401.49, \"width\": 1000, \"height\": 750, \"sizeInBytes\": 1401489}, \"small\": {\"ext\": \".png\", \"url\": \"/uploads/small_1_4mb_e719642bd8.png\", \"hash\": \"small_1_4mb_e719642bd8\", \"mime\": \"image/png\", \"name\": \"small_1-4mb.png\", \"path\": null, \"size\": 392.76, \"width\": 500, \"height\": 375, \"sizeInBytes\": 392764}, \"medium\": {\"ext\": \".png\", \"url\": \"/uploads/medium_1_4mb_e719642bd8.png\", \"hash\": \"medium_1_4mb_e719642bd8\", \"mime\": \"image/png\", \"name\": \"medium_1-4mb.png\", \"path\": null, \"size\": 828.49, \"width\": 750, \"height\": 563, \"sizeInBytes\": 828490}, \"thumbnail\": {\"ext\": \".png\", \"url\": \"/uploads/thumbnail_1_4mb_e719642bd8.png\", \"hash\": \"thumbnail_1_4mb_e719642bd8\", \"mime\": \"image/png\", \"name\": \"thumbnail_1-4mb.png\", \"path\": null, \"size\": 80.11, \"width\": 208, \"height\": 156, \"sizeInBytes\": 80110}}','1_4mb_e719642bd8','.png','image/png',488.16,'/uploads/1_4mb_e719642bd8.png',NULL,'local',NULL,'/1','2025-05-11 05:20:22.987000','2025-05-11 05:20:22.987000','2025-05-11 05:20:22.987000',NULL,NULL,NULL),(360,'phphe7gbqgn2quuf5linzp7g','%E0%B8%9A%E0%B8%97%E0%B8%84%E0%B8%A7%E0%B8%B2%E0%B8%A1.pdf',NULL,NULL,NULL,NULL,NULL,'E0_B8_9_A_E0_B8_97_E0_B8_84_E0_B8_A7_E0_B8_B2_E0_B8_A1_8661c29209','.pdf','application/pdf',972.99,'/uploads/E0_B8_9_A_E0_B8_97_E0_B8_84_E0_B8_A7_E0_B8_B2_E0_B8_A1_8661c29209.pdf',NULL,'local',NULL,'/1','2025-05-11 05:20:25.561000','2025-05-11 05:20:25.561000','2025-05-11 05:20:25.561000',NULL,NULL,NULL),(361,'sc2j3951ktwhv4zc21anlkqe','%E0%B8%9A%E0%B8%97%E0%B8%84%E0%B8%A7%E0%B8%B2%E0%B8%A1.pdf',NULL,NULL,NULL,NULL,NULL,'E0_B8_9_A_E0_B8_97_E0_B8_84_E0_B8_A7_E0_B8_B2_E0_B8_A1_4e6c442cbd','.pdf','application/pdf',972.99,'/uploads/E0_B8_9_A_E0_B8_97_E0_B8_84_E0_B8_A7_E0_B8_B2_E0_B8_A1_4e6c442cbd.pdf',NULL,'local',NULL,'/1','2025-05-11 05:26:00.989000','2025-05-11 05:26:00.989000','2025-05-11 05:26:00.990000',NULL,NULL,NULL),(362,'e9e6p9zwsm6i611a7k45mibi','1-4mb.png',NULL,NULL,1320,990,'{\"large\": {\"ext\": \".png\", \"url\": \"/uploads/large_1_4mb_fe02a56a30.png\", \"hash\": \"large_1_4mb_fe02a56a30\", \"mime\": \"image/png\", \"name\": \"large_1-4mb.png\", \"path\": null, \"size\": 1401.49, \"width\": 1000, \"height\": 750, \"sizeInBytes\": 1401489}, \"small\": {\"ext\": \".png\", \"url\": \"/uploads/small_1_4mb_fe02a56a30.png\", \"hash\": \"small_1_4mb_fe02a56a30\", \"mime\": \"image/png\", \"name\": \"small_1-4mb.png\", \"path\": null, \"size\": 392.76, \"width\": 500, \"height\": 375, \"sizeInBytes\": 392764}, \"medium\": {\"ext\": \".png\", \"url\": \"/uploads/medium_1_4mb_fe02a56a30.png\", \"hash\": \"medium_1_4mb_fe02a56a30\", \"mime\": \"image/png\", \"name\": \"medium_1-4mb.png\", \"path\": null, \"size\": 828.49, \"width\": 750, \"height\": 563, \"sizeInBytes\": 828490}, \"thumbnail\": {\"ext\": \".png\", \"url\": \"/uploads/thumbnail_1_4mb_fe02a56a30.png\", \"hash\": \"thumbnail_1_4mb_fe02a56a30\", \"mime\": \"image/png\", \"name\": \"thumbnail_1-4mb.png\", \"path\": null, \"size\": 80.11, \"width\": 208, \"height\": 156, \"sizeInBytes\": 80110}}','1_4mb_fe02a56a30','.png','image/png',488.16,'/uploads/1_4mb_fe02a56a30.png',NULL,'local',NULL,'/1','2025-05-11 05:26:06.663000','2025-05-11 05:26:06.663000','2025-05-11 05:26:06.663000',NULL,NULL,NULL),(363,'urvajlj5fnmzi4423b5judzl','2.png',NULL,NULL,300,300,'{\"thumbnail\": {\"ext\": \".png\", \"url\": \"/uploads/thumbnail_2_f0c2cf166f.png\", \"hash\": \"thumbnail_2_f0c2cf166f\", \"mime\": \"image/png\", \"name\": \"thumbnail_2.png\", \"path\": null, \"size\": 26.96, \"width\": 156, \"height\": 156, \"sizeInBytes\": 26957}}','2_f0c2cf166f','.png','image/png',19.19,'/uploads/2_f0c2cf166f.png',NULL,'local',NULL,'/1','2025-05-11 05:35:29.526000','2025-05-11 05:35:29.526000','2025-05-11 05:35:29.527000',NULL,NULL,NULL),(364,'uvxx1xaqqob0pte2aa15woi3','1.png',NULL,NULL,300,300,'{\"thumbnail\": {\"ext\": \".png\", \"url\": \"/uploads/thumbnail_1_5c5a8b236d.png\", \"hash\": \"thumbnail_1_5c5a8b236d\", \"mime\": \"image/png\", \"name\": \"thumbnail_1.png\", \"path\": null, \"size\": 35.92, \"width\": 156, \"height\": 156, \"sizeInBytes\": 35920}}','1_5c5a8b236d','.png','image/png',26.55,'/uploads/1_5c5a8b236d.png',NULL,'local',NULL,'/1','2025-05-11 05:49:41.633000','2025-05-11 05:49:41.633000','2025-05-11 05:49:41.634000',NULL,NULL,NULL),(365,'er4cd5si5zlm2t207d9ynrhf','1.png',NULL,NULL,300,300,'{\"thumbnail\": {\"ext\": \".png\", \"url\": \"/uploads/thumbnail_1_74aa41e0c5.png\", \"hash\": \"thumbnail_1_74aa41e0c5\", \"mime\": \"image/png\", \"name\": \"thumbnail_1.png\", \"path\": null, \"size\": 35.92, \"width\": 156, \"height\": 156, \"sizeInBytes\": 35920}}','1_74aa41e0c5','.png','image/png',26.55,'/uploads/1_74aa41e0c5.png',NULL,'local',NULL,'/1','2025-05-11 05:50:02.613000','2025-05-11 05:50:02.613000','2025-05-11 05:50:02.614000',NULL,NULL,NULL),(366,'x9dtu1ax639cyhyl9e1unywt','1-4mb.png',NULL,NULL,1320,990,'{\"large\": {\"ext\": \".png\", \"url\": \"/uploads/large_1_4mb_6a4dea2dd1.png\", \"hash\": \"large_1_4mb_6a4dea2dd1\", \"mime\": \"image/png\", \"name\": \"large_1-4mb.png\", \"path\": null, \"size\": 1401.49, \"width\": 1000, \"height\": 750, \"sizeInBytes\": 1401489}, \"small\": {\"ext\": \".png\", \"url\": \"/uploads/small_1_4mb_6a4dea2dd1.png\", \"hash\": \"small_1_4mb_6a4dea2dd1\", \"mime\": \"image/png\", \"name\": \"small_1-4mb.png\", \"path\": null, \"size\": 392.76, \"width\": 500, \"height\": 375, \"sizeInBytes\": 392764}, \"medium\": {\"ext\": \".png\", \"url\": \"/uploads/medium_1_4mb_6a4dea2dd1.png\", \"hash\": \"medium_1_4mb_6a4dea2dd1\", \"mime\": \"image/png\", \"name\": \"medium_1-4mb.png\", \"path\": null, \"size\": 828.49, \"width\": 750, \"height\": 563, \"sizeInBytes\": 828490}, \"thumbnail\": {\"ext\": \".png\", \"url\": \"/uploads/thumbnail_1_4mb_6a4dea2dd1.png\", \"hash\": \"thumbnail_1_4mb_6a4dea2dd1\", \"mime\": \"image/png\", \"name\": \"thumbnail_1-4mb.png\", \"path\": null, \"size\": 80.11, \"width\": 208, \"height\": 156, \"sizeInBytes\": 80110}}','1_4mb_6a4dea2dd1','.png','image/png',488.16,'/uploads/1_4mb_6a4dea2dd1.png',NULL,'local',NULL,'/1','2025-05-11 05:51:14.760000','2025-05-11 05:51:14.760000','2025-05-11 05:51:14.761000',NULL,NULL,NULL),(367,'y8dlbjw59wfu7egrhoz83xp1','02-chapter2_2.pdf',NULL,NULL,NULL,NULL,NULL,'02_chapter2_2_1b345c294a','.pdf','application/pdf',331.49,'/uploads/02_chapter2_2_1b345c294a.pdf',NULL,'local',NULL,'/1','2025-05-11 05:51:26.836000','2025-05-11 05:51:26.836000','2025-05-11 05:51:26.836000',NULL,NULL,NULL),(368,'hmkxvp55iroevenzx9zy7pwl','1.png',NULL,NULL,300,300,'{\"thumbnail\": {\"ext\": \".png\", \"url\": \"/uploads/thumbnail_1_9d3c8b2da8.png\", \"hash\": \"thumbnail_1_9d3c8b2da8\", \"mime\": \"image/png\", \"name\": \"thumbnail_1.png\", \"path\": null, \"size\": 35.92, \"width\": 156, \"height\": 156, \"sizeInBytes\": 35920}}','1_9d3c8b2da8','.png','image/png',26.55,'/uploads/1_9d3c8b2da8.png',NULL,'local',NULL,'/1','2025-05-11 06:04:55.453000','2025-05-11 06:04:55.453000','2025-05-11 06:04:55.454000',NULL,NULL,NULL),(369,'zto7opo44mhmgq31zcuuo6tc','1-4mb.png',NULL,NULL,1320,990,'{\"large\": {\"ext\": \".png\", \"url\": \"/uploads/large_1_4mb_b28d425269.png\", \"hash\": \"large_1_4mb_b28d425269\", \"mime\": \"image/png\", \"name\": \"large_1-4mb.png\", \"path\": null, \"size\": 1401.49, \"width\": 1000, \"height\": 750, \"sizeInBytes\": 1401489}, \"small\": {\"ext\": \".png\", \"url\": \"/uploads/small_1_4mb_b28d425269.png\", \"hash\": \"small_1_4mb_b28d425269\", \"mime\": \"image/png\", \"name\": \"small_1-4mb.png\", \"path\": null, \"size\": 392.76, \"width\": 500, \"height\": 375, \"sizeInBytes\": 392764}, \"medium\": {\"ext\": \".png\", \"url\": \"/uploads/medium_1_4mb_b28d425269.png\", \"hash\": \"medium_1_4mb_b28d425269\", \"mime\": \"image/png\", \"name\": \"medium_1-4mb.png\", \"path\": null, \"size\": 828.49, \"width\": 750, \"height\": 563, \"sizeInBytes\": 828490}, \"thumbnail\": {\"ext\": \".png\", \"url\": \"/uploads/thumbnail_1_4mb_b28d425269.png\", \"hash\": \"thumbnail_1_4mb_b28d425269\", \"mime\": \"image/png\", \"name\": \"thumbnail_1-4mb.png\", \"path\": null, \"size\": 80.11, \"width\": 208, \"height\": 156, \"sizeInBytes\": 80110}}','1_4mb_b28d425269','.png','image/png',488.16,'/uploads/1_4mb_b28d425269.png',NULL,'local',NULL,'/1','2025-05-11 08:23:00.645000','2025-05-11 08:23:00.645000','2025-05-11 08:23:00.646000',NULL,NULL,NULL),(370,'rrrbuyzlyy4jtj5c3j7y4e0l','02-chapter2_2.pdf',NULL,NULL,NULL,NULL,NULL,'02_chapter2_2_b16e5c579c','.pdf','application/pdf',331.49,'/uploads/02_chapter2_2_b16e5c579c.pdf',NULL,'local',NULL,'/1','2025-05-11 08:23:12.987000','2025-05-11 08:23:12.987000','2025-05-11 08:23:12.990000',NULL,NULL,NULL),(371,'ta4rv2s1f11e3k50jh89toq6','1-4mb.png',NULL,NULL,1320,990,'{\"large\": {\"ext\": \".png\", \"url\": \"/uploads/large_1_4mb_773180a311.png\", \"hash\": \"large_1_4mb_773180a311\", \"mime\": \"image/png\", \"name\": \"large_1-4mb.png\", \"path\": null, \"size\": 1401.49, \"width\": 1000, \"height\": 750, \"sizeInBytes\": 1401489}, \"small\": {\"ext\": \".png\", \"url\": \"/uploads/small_1_4mb_773180a311.png\", \"hash\": \"small_1_4mb_773180a311\", \"mime\": \"image/png\", \"name\": \"small_1-4mb.png\", \"path\": null, \"size\": 392.76, \"width\": 500, \"height\": 375, \"sizeInBytes\": 392764}, \"medium\": {\"ext\": \".png\", \"url\": \"/uploads/medium_1_4mb_773180a311.png\", \"hash\": \"medium_1_4mb_773180a311\", \"mime\": \"image/png\", \"name\": \"medium_1-4mb.png\", \"path\": null, \"size\": 828.49, \"width\": 750, \"height\": 563, \"sizeInBytes\": 828490}, \"thumbnail\": {\"ext\": \".png\", \"url\": \"/uploads/thumbnail_1_4mb_773180a311.png\", \"hash\": \"thumbnail_1_4mb_773180a311\", \"mime\": \"image/png\", \"name\": \"thumbnail_1-4mb.png\", \"path\": null, \"size\": 80.11, \"width\": 208, \"height\": 156, \"sizeInBytes\": 80110}}','1_4mb_773180a311','.png','image/png',488.16,'/uploads/1_4mb_773180a311.png',NULL,'local',NULL,'/1','2025-05-11 08:28:56.975000','2025-05-11 08:28:56.975000','2025-05-11 08:28:56.976000',NULL,NULL,NULL),(372,'o8hnanqa8akf2vxizeeznpet','3.png',NULL,NULL,300,300,'{\"thumbnail\": {\"ext\": \".png\", \"url\": \"/uploads/thumbnail_3_fd6962eaae.png\", \"hash\": \"thumbnail_3_fd6962eaae\", \"mime\": \"image/png\", \"name\": \"thumbnail_3.png\", \"path\": null, \"size\": 16.97, \"width\": 156, \"height\": 156, \"sizeInBytes\": 16972}}','3_fd6962eaae','.png','image/png',10.25,'/uploads/3_fd6962eaae.png',NULL,'local',NULL,'/1','2025-05-11 08:29:34.442000','2025-05-11 08:29:34.442000','2025-05-11 08:29:34.442000',NULL,NULL,NULL),(373,'ism76oclfi9o0ebhdgo0lw4a','1-4mb.png',NULL,NULL,1320,990,'{\"large\": {\"ext\": \".png\", \"url\": \"/uploads/large_1_4mb_110caee7a4.png\", \"hash\": \"large_1_4mb_110caee7a4\", \"mime\": \"image/png\", \"name\": \"large_1-4mb.png\", \"path\": null, \"size\": 1401.49, \"width\": 1000, \"height\": 750, \"sizeInBytes\": 1401489}, \"small\": {\"ext\": \".png\", \"url\": \"/uploads/small_1_4mb_110caee7a4.png\", \"hash\": \"small_1_4mb_110caee7a4\", \"mime\": \"image/png\", \"name\": \"small_1-4mb.png\", \"path\": null, \"size\": 392.76, \"width\": 500, \"height\": 375, \"sizeInBytes\": 392764}, \"medium\": {\"ext\": \".png\", \"url\": \"/uploads/medium_1_4mb_110caee7a4.png\", \"hash\": \"medium_1_4mb_110caee7a4\", \"mime\": \"image/png\", \"name\": \"medium_1-4mb.png\", \"path\": null, \"size\": 828.49, \"width\": 750, \"height\": 563, \"sizeInBytes\": 828490}, \"thumbnail\": {\"ext\": \".png\", \"url\": \"/uploads/thumbnail_1_4mb_110caee7a4.png\", \"hash\": \"thumbnail_1_4mb_110caee7a4\", \"mime\": \"image/png\", \"name\": \"thumbnail_1-4mb.png\", \"path\": null, \"size\": 80.11, \"width\": 208, \"height\": 156, \"sizeInBytes\": 80110}}','1_4mb_110caee7a4','.png','image/png',488.16,'/uploads/1_4mb_110caee7a4.png',NULL,'local',NULL,'/1','2025-05-11 08:34:10.894000','2025-05-11 08:34:10.894000','2025-05-11 08:34:10.895000',NULL,NULL,NULL),(374,'vdyi8qzolgp5065e01on7lwy','2.png',NULL,NULL,300,300,'{\"thumbnail\": {\"ext\": \".png\", \"url\": \"/uploads/thumbnail_2_dff45daf49.png\", \"hash\": \"thumbnail_2_dff45daf49\", \"mime\": \"image/png\", \"name\": \"thumbnail_2.png\", \"path\": null, \"size\": 26.96, \"width\": 156, \"height\": 156, \"sizeInBytes\": 26957}}','2_dff45daf49','.png','image/png',19.19,'/uploads/2_dff45daf49.png',NULL,'local',NULL,'/1','2025-05-11 08:34:43.074000','2025-05-11 08:34:43.074000','2025-05-11 08:34:43.075000',NULL,NULL,NULL),(375,'sde7w7kjstyw2ivrz1cv4i8m','1-4mb.png',NULL,NULL,1320,990,'{\"large\": {\"ext\": \".png\", \"url\": \"/uploads/large_1_4mb_72e1b510a3.png\", \"hash\": \"large_1_4mb_72e1b510a3\", \"mime\": \"image/png\", \"name\": \"large_1-4mb.png\", \"path\": null, \"size\": 1401.49, \"width\": 1000, \"height\": 750, \"sizeInBytes\": 1401489}, \"small\": {\"ext\": \".png\", \"url\": \"/uploads/small_1_4mb_72e1b510a3.png\", \"hash\": \"small_1_4mb_72e1b510a3\", \"mime\": \"image/png\", \"name\": \"small_1-4mb.png\", \"path\": null, \"size\": 392.76, \"width\": 500, \"height\": 375, \"sizeInBytes\": 392764}, \"medium\": {\"ext\": \".png\", \"url\": \"/uploads/medium_1_4mb_72e1b510a3.png\", \"hash\": \"medium_1_4mb_72e1b510a3\", \"mime\": \"image/png\", \"name\": \"medium_1-4mb.png\", \"path\": null, \"size\": 828.49, \"width\": 750, \"height\": 563, \"sizeInBytes\": 828490}, \"thumbnail\": {\"ext\": \".png\", \"url\": \"/uploads/thumbnail_1_4mb_72e1b510a3.png\", \"hash\": \"thumbnail_1_4mb_72e1b510a3\", \"mime\": \"image/png\", \"name\": \"thumbnail_1-4mb.png\", \"path\": null, \"size\": 80.11, \"width\": 208, \"height\": 156, \"sizeInBytes\": 80110}}','1_4mb_72e1b510a3','.png','image/png',488.16,'/uploads/1_4mb_72e1b510a3.png',NULL,'local',NULL,'/1','2025-05-11 14:58:34.318000','2025-05-11 14:58:34.318000','2025-05-11 14:58:34.319000',NULL,NULL,NULL),(376,'pbb0naw8ioet15yz18wn7fep','02-chapter2_2.pdf',NULL,NULL,NULL,NULL,NULL,'02_chapter2_2_fc63779ef1','.pdf','application/pdf',331.49,'/uploads/02_chapter2_2_fc63779ef1.pdf',NULL,'local',NULL,'/1','2025-05-11 14:58:42.894000','2025-05-11 14:58:42.894000','2025-05-11 14:58:42.894000',NULL,NULL,NULL),(377,'t0klr6b7nsjxqoywiby9b2fe','1-4mb.png',NULL,NULL,1320,990,'{\"large\": {\"ext\": \".png\", \"url\": \"/uploads/large_1_4mb_181f60b1f2.png\", \"hash\": \"large_1_4mb_181f60b1f2\", \"mime\": \"image/png\", \"name\": \"large_1-4mb.png\", \"path\": null, \"size\": 1401.49, \"width\": 1000, \"height\": 750, \"sizeInBytes\": 1401489}, \"small\": {\"ext\": \".png\", \"url\": \"/uploads/small_1_4mb_181f60b1f2.png\", \"hash\": \"small_1_4mb_181f60b1f2\", \"mime\": \"image/png\", \"name\": \"small_1-4mb.png\", \"path\": null, \"size\": 392.76, \"width\": 500, \"height\": 375, \"sizeInBytes\": 392764}, \"medium\": {\"ext\": \".png\", \"url\": \"/uploads/medium_1_4mb_181f60b1f2.png\", \"hash\": \"medium_1_4mb_181f60b1f2\", \"mime\": \"image/png\", \"name\": \"medium_1-4mb.png\", \"path\": null, \"size\": 828.49, \"width\": 750, \"height\": 563, \"sizeInBytes\": 828490}, \"thumbnail\": {\"ext\": \".png\", \"url\": \"/uploads/thumbnail_1_4mb_181f60b1f2.png\", \"hash\": \"thumbnail_1_4mb_181f60b1f2\", \"mime\": \"image/png\", \"name\": \"thumbnail_1-4mb.png\", \"path\": null, \"size\": 80.11, \"width\": 208, \"height\": 156, \"sizeInBytes\": 80110}}','1_4mb_181f60b1f2','.png','image/png',488.16,'/uploads/1_4mb_181f60b1f2.png',NULL,'local',NULL,'/1','2025-05-11 15:00:14.060000','2025-05-11 15:00:14.060000','2025-05-11 15:00:14.061000',NULL,NULL,NULL),(378,'pga7juduu6mmhw6h9572xmer','1.png',NULL,NULL,300,300,'{\"thumbnail\": {\"ext\": \".png\", \"url\": \"/uploads/thumbnail_1_bd51d2fa6c.png\", \"hash\": \"thumbnail_1_bd51d2fa6c\", \"mime\": \"image/png\", \"name\": \"thumbnail_1.png\", \"path\": null, \"size\": 35.92, \"width\": 156, \"height\": 156, \"sizeInBytes\": 35920}}','1_bd51d2fa6c','.png','image/png',26.55,'/uploads/1_bd51d2fa6c.png',NULL,'local',NULL,'/1','2025-05-11 15:01:19.961000','2025-05-11 15:01:19.961000','2025-05-11 15:01:19.962000',NULL,NULL,NULL),(379,'j1y04wh639i64rpi3pdhm60t','2.png',NULL,NULL,300,300,'{\"thumbnail\": {\"ext\": \".png\", \"url\": \"/uploads/thumbnail_2_55f16d19f8.png\", \"hash\": \"thumbnail_2_55f16d19f8\", \"mime\": \"image/png\", \"name\": \"thumbnail_2.png\", \"path\": null, \"size\": 26.96, \"width\": 156, \"height\": 156, \"sizeInBytes\": 26957}}','2_55f16d19f8','.png','image/png',19.19,'/uploads/2_55f16d19f8.png',NULL,'local',NULL,'/1','2025-05-11 15:01:45.231000','2025-05-11 15:01:45.231000','2025-05-11 15:01:45.231000',NULL,NULL,NULL),(380,'fhfs3zklsa4yeq08skmsb7xb','3.png',NULL,NULL,300,300,'{\"thumbnail\": {\"ext\": \".png\", \"url\": \"/uploads/thumbnail_3_f7114052fb.png\", \"hash\": \"thumbnail_3_f7114052fb\", \"mime\": \"image/png\", \"name\": \"thumbnail_3.png\", \"path\": null, \"size\": 16.97, \"width\": 156, \"height\": 156, \"sizeInBytes\": 16972}}','3_f7114052fb','.png','image/png',10.25,'/uploads/3_f7114052fb.png',NULL,'local',NULL,'/1','2025-05-11 15:02:53.376000','2025-05-11 15:02:53.376000','2025-05-11 15:02:53.376000',NULL,NULL,NULL),(381,'nnhcicefv34aezcilktjn4b2','Registration - 4.png',NULL,NULL,1440,1507,'{\"large\": {\"ext\": \".png\", \"url\": \"/uploads/large_Registration_4_bc03d0a118.png\", \"hash\": \"large_Registration_4_bc03d0a118\", \"mime\": \"image/png\", \"name\": \"large_Registration - 4.png\", \"path\": null, \"size\": 704.57, \"width\": 956, \"height\": 1000, \"sizeInBytes\": 704569}, \"small\": {\"ext\": \".png\", \"url\": \"/uploads/small_Registration_4_bc03d0a118.png\", \"hash\": \"small_Registration_4_bc03d0a118\", \"mime\": \"image/png\", \"name\": \"small_Registration - 4.png\", \"path\": null, \"size\": 176.3, \"width\": 478, \"height\": 500, \"sizeInBytes\": 176303}, \"medium\": {\"ext\": \".png\", \"url\": \"/uploads/medium_Registration_4_bc03d0a118.png\", \"hash\": \"medium_Registration_4_bc03d0a118\", \"mime\": \"image/png\", \"name\": \"medium_Registration - 4.png\", \"path\": null, \"size\": 387.25, \"width\": 717, \"height\": 750, \"sizeInBytes\": 387248}, \"thumbnail\": {\"ext\": \".png\", \"url\": \"/uploads/thumbnail_Registration_4_bc03d0a118.png\", \"hash\": \"thumbnail_Registration_4_bc03d0a118\", \"mime\": \"image/png\", \"name\": \"thumbnail_Registration - 4.png\", \"path\": null, \"size\": 28.69, \"width\": 149, \"height\": 156, \"sizeInBytes\": 28689}}','Registration_4_bc03d0a118','.png','image/png',276.11,'/uploads/Registration_4_bc03d0a118.png',NULL,'local',NULL,'/1','2025-05-11 16:03:15.606000','2025-05-11 16:03:15.606000','2025-05-11 16:03:15.607000',NULL,NULL,NULL),(382,'zj9kcmeo745yyiyn8g4di66o','GEN352 - 2_2024.pdf',NULL,NULL,NULL,NULL,NULL,'GEN_352_2_2024_c1b0cf51e0','.pdf','application/pdf',301.21,'/uploads/GEN_352_2_2024_c1b0cf51e0.pdf',NULL,'local',NULL,'/1','2025-05-11 16:03:41.646000','2025-05-11 16:03:41.646000','2025-05-11 16:03:41.646000',NULL,NULL,NULL),(383,'a6lqv3ggbrfhx2jdr2tqcfvg','CC36 TV.png',NULL,NULL,1920,1080,'{\"large\": {\"ext\": \".png\", \"url\": \"/uploads/large_CC_36_TV_ed4798af36.png\", \"hash\": \"large_CC_36_TV_ed4798af36\", \"mime\": \"image/png\", \"name\": \"large_CC36 TV.png\", \"path\": null, \"size\": 331.48, \"width\": 1000, \"height\": 563, \"sizeInBytes\": 331480}, \"small\": {\"ext\": \".png\", \"url\": \"/uploads/small_CC_36_TV_ed4798af36.png\", \"hash\": \"small_CC_36_TV_ed4798af36\", \"mime\": \"image/png\", \"name\": \"small_CC36 TV.png\", \"path\": null, \"size\": 122.57, \"width\": 500, \"height\": 281, \"sizeInBytes\": 122572}, \"medium\": {\"ext\": \".png\", \"url\": \"/uploads/medium_CC_36_TV_ed4798af36.png\", \"hash\": \"medium_CC_36_TV_ed4798af36\", \"mime\": \"image/png\", \"name\": \"medium_CC36 TV.png\", \"path\": null, \"size\": 220.78, \"width\": 750, \"height\": 422, \"sizeInBytes\": 220782}, \"thumbnail\": {\"ext\": \".png\", \"url\": \"/uploads/thumbnail_CC_36_TV_ed4798af36.png\", \"hash\": \"thumbnail_CC_36_TV_ed4798af36\", \"mime\": \"image/png\", \"name\": \"thumbnail_CC36 TV.png\", \"path\": null, \"size\": 42.29, \"width\": 245, \"height\": 138, \"sizeInBytes\": 42294}}','CC_36_TV_ed4798af36','.png','image/png',192.62,'/uploads/CC_36_TV_ed4798af36.png',NULL,'local',NULL,'/1','2025-05-11 16:04:59.592000','2025-05-11 16:04:59.592000','2025-05-11 16:04:59.592000',NULL,NULL,NULL),(384,'fr6mis3n7uvpgf0lwx8lgstg','image4.pdf',NULL,NULL,NULL,NULL,NULL,'image4_9a665bdb81','.pdf','application/pdf',194.77,'/uploads/image4_9a665bdb81.pdf',NULL,'local',NULL,'/1','2025-05-11 16:05:05.351000','2025-05-11 16:05:05.351000','2025-05-11 16:05:05.353000',NULL,NULL,NULL),(385,'gi5lr1hyx5tcj0e6e80ega1p','2.png',NULL,NULL,1440,360,'{\"large\": {\"ext\": \".png\", \"url\": \"/uploads/large_2_72c5482eb4.png\", \"hash\": \"large_2_72c5482eb4\", \"mime\": \"image/png\", \"name\": \"large_2.png\", \"path\": null, \"size\": 625.21, \"width\": 1000, \"height\": 250, \"sizeInBytes\": 625206}, \"small\": {\"ext\": \".png\", \"url\": \"/uploads/small_2_72c5482eb4.png\", \"hash\": \"small_2_72c5482eb4\", \"mime\": \"image/png\", \"name\": \"small_2.png\", \"path\": null, \"size\": 161.71, \"width\": 500, \"height\": 125, \"sizeInBytes\": 161714}, \"medium\": {\"ext\": \".png\", \"url\": \"/uploads/medium_2_72c5482eb4.png\", \"hash\": \"medium_2_72c5482eb4\", \"mime\": \"image/png\", \"name\": \"medium_2.png\", \"path\": null, \"size\": 357.16, \"width\": 750, \"height\": 188, \"sizeInBytes\": 357160}, \"thumbnail\": {\"ext\": \".png\", \"url\": \"/uploads/thumbnail_2_72c5482eb4.png\", \"hash\": \"thumbnail_2_72c5482eb4\", \"mime\": \"image/png\", \"name\": \"thumbnail_2.png\", \"path\": null, \"size\": 40.38, \"width\": 245, \"height\": 61, \"sizeInBytes\": 40375}}','2_72c5482eb4','.png','image/png',420.88,'/uploads/2_72c5482eb4.png',NULL,'local',NULL,'/1','2025-05-11 16:06:12.765000','2025-05-11 16:06:12.765000','2025-05-11 16:06:12.766000',NULL,NULL,NULL),(386,'ec376qwum3kfmkgrkg7k90ti','REQ_LetterIn_20250318.pdf',NULL,NULL,NULL,NULL,NULL,'REQ_Letter_In_20250318_eefec2ceed','.pdf','application/pdf',1459.22,'/uploads/REQ_Letter_In_20250318_eefec2ceed.pdf',NULL,'local',NULL,'/1','2025-05-11 16:07:50.048000','2025-05-11 16:07:50.048000','2025-05-11 16:07:50.048000',NULL,NULL,NULL),(387,'bz5g9wik93ym7ngiz7j090qu','W585-41-45751.pdf',NULL,NULL,NULL,NULL,NULL,'W585_41_45751_331b0b4f47','.pdf','application/pdf',117.25,'/uploads/W585_41_45751_331b0b4f47.pdf',NULL,'local',NULL,'/1','2025-05-11 16:07:57.541000','2025-05-11 16:07:57.541000','2025-05-11 16:07:57.541000',NULL,NULL,NULL),(388,'c5vh2ibsxojxoaqp87p47ba1','2.JPEG',NULL,NULL,4067,2711,'{\"large\": {\"ext\": \".JPEG\", \"url\": \"/uploads/large_2_511fa6c9ac.JPEG\", \"hash\": \"large_2_511fa6c9ac\", \"mime\": \"image/jpeg\", \"name\": \"large_2.JPEG\", \"path\": null, \"size\": 97.66, \"width\": 1000, \"height\": 667, \"sizeInBytes\": 97655}, \"small\": {\"ext\": \".JPEG\", \"url\": \"/uploads/small_2_511fa6c9ac.JPEG\", \"hash\": \"small_2_511fa6c9ac\", \"mime\": \"image/jpeg\", \"name\": \"small_2.JPEG\", \"path\": null, \"size\": 34.41, \"width\": 500, \"height\": 333, \"sizeInBytes\": 34408}, \"medium\": {\"ext\": \".JPEG\", \"url\": \"/uploads/medium_2_511fa6c9ac.JPEG\", \"hash\": \"medium_2_511fa6c9ac\", \"mime\": \"image/jpeg\", \"name\": \"medium_2.JPEG\", \"path\": null, \"size\": 62.95, \"width\": 750, \"height\": 500, \"sizeInBytes\": 62951}, \"thumbnail\": {\"ext\": \".JPEG\", \"url\": \"/uploads/thumbnail_2_511fa6c9ac.JPEG\", \"hash\": \"thumbnail_2_511fa6c9ac\", \"mime\": \"image/jpeg\", \"name\": \"thumbnail_2.JPEG\", \"path\": null, \"size\": 10.87, \"width\": 234, \"height\": 156, \"sizeInBytes\": 10872}}','2_511fa6c9ac','.JPEG','image/jpeg',969.77,'/uploads/2_511fa6c9ac.JPEG',NULL,'local',NULL,'/1','2025-05-11 16:08:59.929000','2025-05-11 16:08:59.929000','2025-05-11 16:08:59.930000',NULL,NULL,NULL),(389,'dr2tkoaywfmbupzqbcbefdyz','image5.pdf',NULL,NULL,NULL,NULL,NULL,'image5_b22f92f2c6','.pdf','application/pdf',284.70,'/uploads/image5_b22f92f2c6.pdf',NULL,'local',NULL,'/1','2025-05-11 16:09:06.314000','2025-05-11 16:09:06.314000','2025-05-11 16:09:06.314000',NULL,NULL,NULL),(390,'tpa9h5xd2zcy9k3eod7dye99','1.png',NULL,NULL,300,300,'{\"thumbnail\": {\"ext\": \".png\", \"url\": \"/uploads/thumbnail_1_960a28d85f.png\", \"hash\": \"thumbnail_1_960a28d85f\", \"mime\": \"image/png\", \"name\": \"thumbnail_1.png\", \"path\": null, \"size\": 35.92, \"width\": 156, \"height\": 156, \"sizeInBytes\": 35920}}','1_960a28d85f','.png','image/png',26.55,'/uploads/1_960a28d85f.png',NULL,'local',NULL,'/1','2025-05-11 16:44:34.880000','2025-05-11 16:44:34.880000','2025-05-11 16:44:34.884000',NULL,NULL,NULL),(391,'layyh0g7ofpoj9snbwl1l5iv','สภาราชินี 2.pdf',NULL,NULL,NULL,NULL,NULL,'2_519eff1573','.pdf','application/pdf',389.11,'/uploads/2_519eff1573.pdf',NULL,'local',NULL,'/1','2025-05-11 17:06:54.679000','2025-05-11 17:06:54.679000','2025-05-11 17:06:54.680000',NULL,NULL,NULL),(392,'shqb4gt3xqnuxi91davu5lhq','เรซูเม่.pdf',NULL,NULL,NULL,NULL,NULL,'_9d841d2861','.pdf','application/pdf',288.18,'/uploads/_9d841d2861.pdf',NULL,'local',NULL,'/1','2025-05-11 17:07:16.296000','2025-05-11 17:07:16.296000','2025-05-11 17:07:16.297000',NULL,NULL,NULL),(393,'s10uu0ohh2ymj2mr70xvfzlp','บัตรนักเรียน.pdf',NULL,NULL,NULL,NULL,NULL,'_ca524a277c','.pdf','application/pdf',829.99,'/uploads/_ca524a277c.pdf',NULL,'local',NULL,'/1','2025-05-11 17:07:45.093000','2025-05-11 17:07:45.093000','2025-05-11 17:07:45.093000',NULL,NULL,NULL),(394,'jmuor2cm7tick4p42s3ljtwp','บัตรนักเรียน.pdf',NULL,NULL,NULL,NULL,NULL,'_6745024245','.pdf','application/pdf',829.99,'/uploads/_6745024245.pdf',NULL,'local',NULL,'/1','2025-05-11 17:46:19.467000','2025-05-11 17:46:19.467000','2025-05-11 17:46:19.468000',NULL,NULL,NULL),(395,'o77x7vgos372gn1l6121co1w','เรซูเม่.pdf',NULL,NULL,NULL,NULL,NULL,'_63037ff5f4','.pdf','application/pdf',288.18,'/uploads/_63037ff5f4.pdf',NULL,'local',NULL,'/1','2025-05-11 17:46:42.748000','2025-05-11 17:46:42.748000','2025-05-11 17:46:42.748000',NULL,NULL,NULL),(396,'qglmjys345ecp9utyoaj6a2c','เรซูเม่.pdf',NULL,NULL,NULL,NULL,NULL,'_a3fd015b46','.pdf','application/pdf',288.18,'/uploads/_a3fd015b46.pdf',NULL,'local',NULL,'/1','2025-05-11 17:58:34.066000','2025-05-11 17:58:34.066000','2025-05-11 17:58:34.066000',NULL,NULL,NULL),(397,'xns6ctf25k4gb5uoqde04x7r','เรซูเม่.pdf',NULL,NULL,NULL,NULL,NULL,'_34066800c3','.pdf','application/pdf',288.18,'/uploads/_34066800c3.pdf',NULL,'local',NULL,'/1','2025-05-11 17:58:43.553000','2025-05-11 17:58:43.553000','2025-05-11 17:58:43.554000',NULL,NULL,NULL),(398,'doydf0m3kd82hq29iuqccihk','เรซูเม่.pdf',NULL,NULL,NULL,NULL,NULL,'_3be741ee7f','.pdf','application/pdf',288.18,'/uploads/_3be741ee7f.pdf',NULL,'local',NULL,'/1','2025-05-11 17:59:05.397000','2025-05-11 17:59:05.397000','2025-05-11 17:59:05.397000',NULL,NULL,NULL),(399,'skc3gwp2h81evcr83j0w15l1','เรซูเม่.pdf',NULL,NULL,NULL,NULL,NULL,'_a0c21f6983','.pdf','application/pdf',288.18,'/uploads/_a0c21f6983.pdf',NULL,'local',NULL,'/1','2025-05-11 17:59:14.652000','2025-05-11 17:59:14.652000','2025-05-11 17:59:14.652000',NULL,NULL,NULL),(400,'ywmtovo6bl7dwtkt096fgcc5','เรซูเม่.pdf',NULL,NULL,NULL,NULL,NULL,'_5f09578c85','.pdf','application/pdf',288.18,'/uploads/_5f09578c85.pdf',NULL,'local',NULL,'/1','2025-05-11 17:59:30.117000','2025-05-11 17:59:30.117000','2025-05-11 17:59:30.117000',NULL,NULL,NULL),(401,'ak8a66l677crpr6hd7zk9w79','เรซูเม่.pdf',NULL,NULL,NULL,NULL,NULL,'_65428c8299','.pdf','application/pdf',288.18,'/uploads/_65428c8299.pdf',NULL,'local',NULL,'/1','2025-05-11 17:59:41.058000','2025-05-11 17:59:41.058000','2025-05-11 17:59:41.058000',NULL,NULL,NULL),(402,'cg37jkhaiyk331rh7ehgfinc','บัตรนักเรียน.pdf',NULL,NULL,NULL,NULL,NULL,'_ee2c9bc132','.pdf','application/pdf',829.99,'/uploads/_ee2c9bc132.pdf',NULL,'local',NULL,'/1','2025-05-12 03:23:06.765000','2025-05-12 03:23:06.765000','2025-05-12 03:23:06.765000',NULL,NULL,NULL),(403,'e2t8edfsq2ajku0xhpoqrefe','เรซูเม่.pdf',NULL,NULL,NULL,NULL,NULL,'_27e063f7fd','.pdf','application/pdf',288.18,'/uploads/_27e063f7fd.pdf',NULL,'local',NULL,'/1','2025-05-12 03:23:19.966000','2025-05-12 03:23:19.966000','2025-05-12 03:23:19.966000',NULL,NULL,NULL),(404,'pw9wi1zldfd6c7b4r7fnkxhl','บัตรนักเรียน.pdf',NULL,NULL,NULL,NULL,NULL,'_3b04db8be3','.pdf','application/pdf',829.99,'/uploads/_3b04db8be3.pdf',NULL,'local',NULL,'/1','2025-05-12 03:24:23.762000','2025-05-12 03:24:23.762000','2025-05-12 03:24:23.762000',NULL,NULL,NULL),(405,'voeiwcjdv3co44mshz6p7an9','เรซูเม่.pdf',NULL,NULL,NULL,NULL,NULL,'_2e3acaf0f5','.pdf','application/pdf',288.18,'/uploads/_2e3acaf0f5.pdf',NULL,'local',NULL,'/1','2025-05-12 03:24:40.528000','2025-05-12 03:24:40.528000','2025-05-12 03:24:40.528000',NULL,NULL,NULL),(406,'fgjl5r4bawvr1ilv1wjamfgm','บัตรนักเรียน.pdf',NULL,NULL,NULL,NULL,NULL,'_9d38a6c27d','.pdf','application/pdf',829.99,'/uploads/_9d38a6c27d.pdf',NULL,'local',NULL,'/1','2025-05-12 03:24:56.636000','2025-05-12 03:24:56.636000','2025-05-12 03:24:56.636000',NULL,NULL,NULL),(407,'snjv8yetqmzimkc32jxolhfc','Resumeแก้นายณัฐวัฒน์ กล่อมพงษ์.pdf',NULL,NULL,NULL,NULL,NULL,'Resume_ecd52ee06d','.pdf','application/pdf',293.27,'/uploads/Resume_ecd52ee06d.pdf',NULL,'local',NULL,'/1','2025-05-12 03:25:12.406000','2025-05-12 03:25:12.406000','2025-05-12 03:25:12.406000',NULL,NULL,NULL),(408,'k0dih73q54hwpjt88kva1ekd','บัตรนักเรียน.pdf',NULL,NULL,NULL,NULL,NULL,'_76bf0b76d5','.pdf','application/pdf',829.99,'/uploads/_76bf0b76d5.pdf',NULL,'local',NULL,'/1','2025-05-12 03:25:35.429000','2025-05-12 03:25:35.429000','2025-05-12 03:25:35.430000',NULL,NULL,NULL),(409,'t8psl7h5o8m4gy8hxzahb2dj','เรซูเม่.pdf',NULL,NULL,NULL,NULL,NULL,'_8da4e6d50c','.pdf','application/pdf',288.18,'/uploads/_8da4e6d50c.pdf',NULL,'local',NULL,'/1','2025-05-12 03:25:48.882000','2025-05-12 03:25:48.882000','2025-05-12 03:25:48.882000',NULL,NULL,NULL),(410,'vfgeexfpw115r5d163ty1l50','บัตรนักเรียน.pdf',NULL,NULL,NULL,NULL,NULL,'_bc14062f4e','.pdf','application/pdf',829.99,'/uploads/_bc14062f4e.pdf',NULL,'local',NULL,'/1','2025-05-12 03:26:03.074000','2025-05-12 03:26:03.074000','2025-05-12 03:26:03.074000',NULL,NULL,NULL),(411,'nwu5tln1kvk49be6r8loesbo','เรซูเม่.pdf',NULL,NULL,NULL,NULL,NULL,'_abb31e8120','.pdf','application/pdf',288.18,'/uploads/_abb31e8120.pdf',NULL,'local',NULL,'/1','2025-05-12 03:26:13.691000','2025-05-12 03:26:13.691000','2025-05-12 03:26:13.692000',NULL,NULL,NULL),(412,'w59y4j7bwvaavgg1uwrql5bx','เรซูเม่.pdf',NULL,NULL,NULL,NULL,NULL,'_040a75d7a3','.pdf','application/pdf',288.18,'/uploads/_040a75d7a3.pdf',NULL,'local',NULL,'/1','2025-05-12 03:26:29.536000','2025-05-12 03:26:29.536000','2025-05-12 03:26:29.537000',NULL,NULL,NULL),(413,'fzefh89x0jphl39aapnwwewt','1-4mb.png',NULL,NULL,1320,990,'{\"large\": {\"ext\": \".png\", \"url\": \"/uploads/large_1_4mb_9dbe890709.png\", \"hash\": \"large_1_4mb_9dbe890709\", \"mime\": \"image/png\", \"name\": \"large_1-4mb.png\", \"path\": null, \"size\": 1401.49, \"width\": 1000, \"height\": 750, \"sizeInBytes\": 1401489}, \"small\": {\"ext\": \".png\", \"url\": \"/uploads/small_1_4mb_9dbe890709.png\", \"hash\": \"small_1_4mb_9dbe890709\", \"mime\": \"image/png\", \"name\": \"small_1-4mb.png\", \"path\": null, \"size\": 392.76, \"width\": 500, \"height\": 375, \"sizeInBytes\": 392764}, \"medium\": {\"ext\": \".png\", \"url\": \"/uploads/medium_1_4mb_9dbe890709.png\", \"hash\": \"medium_1_4mb_9dbe890709\", \"mime\": \"image/png\", \"name\": \"medium_1-4mb.png\", \"path\": null, \"size\": 828.49, \"width\": 750, \"height\": 563, \"sizeInBytes\": 828490}, \"thumbnail\": {\"ext\": \".png\", \"url\": \"/uploads/thumbnail_1_4mb_9dbe890709.png\", \"hash\": \"thumbnail_1_4mb_9dbe890709\", \"mime\": \"image/png\", \"name\": \"thumbnail_1-4mb.png\", \"path\": null, \"size\": 80.11, \"width\": 208, \"height\": 156, \"sizeInBytes\": 80110}}','1_4mb_9dbe890709','.png','image/png',488.16,'/uploads/1_4mb_9dbe890709.png',NULL,'local',NULL,'/1','2025-05-12 04:03:02.827000','2025-05-12 04:03:02.827000','2025-05-12 04:03:02.827000',NULL,NULL,NULL);
/*!40000 ALTER TABLE `files` ENABLE KEYS */;
UNLOCK TABLES;

--
-- Table structure for table `files_folder_lnk`
--

DROP TABLE IF EXISTS `files_folder_lnk`;
/*!40101 SET @saved_cs_client     = @@character_set_client */;
/*!50503 SET character_set_client = utf8mb4 */;
CREATE TABLE `files_folder_lnk` (
  `id` int unsigned NOT NULL AUTO_INCREMENT,
  `file_id` int unsigned DEFAULT NULL,
  `folder_id` int unsigned DEFAULT NULL,
  `file_ord` double unsigned DEFAULT NULL,
  PRIMARY KEY (`id`),
  UNIQUE KEY `files_folder_lnk_uq` (`file_id`,`folder_id`),
  KEY `files_folder_lnk_fk` (`file_id`),
  KEY `files_folder_lnk_ifk` (`folder_id`),
  KEY `files_folder_lnk_oifk` (`file_ord`),
  CONSTRAINT `files_folder_lnk_fk` FOREIGN KEY (`file_id`) REFERENCES `files` (`id`) ON DELETE CASCADE,
  CONSTRAINT `files_folder_lnk_ifk` FOREIGN KEY (`folder_id`) REFERENCES `upload_folders` (`id`) ON DELETE CASCADE
) ENGINE=InnoDB AUTO_INCREMENT=413 DEFAULT CHARSET=utf8mb4 COLLATE=utf8mb4_0900_ai_ci;
/*!40101 SET character_set_client = @saved_cs_client */;

--
-- Dumping data for table `files_folder_lnk`
--

LOCK TABLES `files_folder_lnk` WRITE;
/*!40000 ALTER TABLE `files_folder_lnk` DISABLE KEYS */;
INSERT INTO `files_folder_lnk` VALUES (1,2,1,1),(2,3,1,2),(3,4,1,3),(4,5,1,4),(5,6,1,5),(6,7,1,6),(7,8,1,7),(8,9,1,8),(9,10,1,9),(10,11,1,10),(11,12,1,11),(12,13,1,12),(13,14,1,13),(14,15,1,14),(15,16,1,15),(16,17,1,16),(17,18,1,17),(18,19,1,18),(19,20,1,19),(20,21,1,20),(21,22,1,21),(22,23,1,22),(23,24,1,23),(24,25,1,24),(25,26,1,25),(26,27,1,26),(27,28,1,27),(28,29,1,28),(29,30,1,29),(30,31,1,30),(31,32,1,31),(32,33,1,32),(33,34,1,33),(34,35,1,34),(35,36,1,35),(36,37,1,36),(37,38,1,37),(38,39,1,38),(39,40,1,39),(40,41,1,40),(41,42,1,41),(42,43,1,42),(43,44,1,43),(44,45,1,44),(45,46,1,45),(46,47,1,46),(47,48,1,47),(48,49,1,48),(49,50,1,49),(50,51,1,50),(51,52,1,51),(52,53,1,52),(53,54,1,53),(54,55,1,54),(55,56,1,55),(56,57,1,56),(57,58,1,57),(58,59,1,58),(59,60,1,59),(60,61,1,60),(61,62,1,61),(62,63,1,62),(63,64,1,63),(64,65,1,64),(65,66,1,65),(66,67,1,66),(67,68,1,67),(68,69,1,68),(69,70,1,69),(70,71,1,70),(71,72,1,71),(72,73,1,72),(73,74,1,73),(74,75,1,74),(75,76,1,75),(76,77,1,76),(77,78,1,77),(78,79,1,78),(79,80,1,79),(80,81,1,80),(81,82,1,81),(82,83,1,82),(83,84,1,83),(84,85,1,84),(85,86,1,85),(86,87,1,86),(87,88,1,87),(88,89,1,88),(89,90,1,89),(90,91,1,90),(91,92,1,91),(92,93,1,92),(93,94,1,93),(94,95,1,94),(95,96,1,95),(96,97,1,96),(97,98,1,97),(98,99,1,98),(99,100,1,99),(100,101,1,100),(101,102,1,101),(102,103,1,102),(103,104,1,103),(104,105,1,104),(105,106,1,105),(106,107,1,106),(107,108,1,107),(108,109,1,108),(109,110,1,109),(110,111,1,110),(111,112,1,111),(112,113,1,112),(113,114,1,113),(114,115,1,114),(115,116,1,115),(116,117,1,116),(117,118,1,117),(118,119,1,118),(119,120,1,119),(120,121,1,120),(121,122,1,121),(122,123,1,122),(123,124,1,123),(124,125,1,124),(125,126,1,125),(126,127,1,126),(127,128,1,127),(128,129,1,128),(129,130,1,129),(130,131,1,130),(131,132,1,131),(132,133,1,132),(133,134,1,133),(134,135,1,134),(135,136,1,135),(136,137,1,136),(137,138,1,137),(138,139,1,138),(139,140,1,139),(140,141,1,140),(141,142,1,141),(142,143,1,142),(143,144,1,143),(144,145,1,144),(145,146,1,145),(146,147,1,146),(147,148,1,147),(148,149,1,148),(149,150,1,149),(150,151,1,150),(151,152,1,151),(152,153,1,152),(153,154,1,153),(154,155,1,154),(155,156,1,155),(156,157,1,156),(157,158,1,157),(158,159,1,158),(159,160,1,159),(160,161,1,160),(161,162,1,161),(162,163,1,162),(163,164,1,163),(164,165,1,164),(165,166,1,165),(166,167,1,166),(167,168,1,167),(168,169,1,168),(169,170,1,169),(170,171,1,170),(171,172,1,171),(172,173,1,172),(173,174,1,173),(174,175,1,174),(175,176,1,175),(176,177,1,176),(177,178,1,177),(178,179,1,178),(179,180,1,179),(180,181,1,180),(181,182,1,181),(182,183,1,182),(183,184,1,183),(184,185,1,184),(185,186,1,185),(186,187,1,186),(187,188,1,187),(188,189,1,188),(189,190,1,189),(190,191,1,190),(191,192,1,191),(192,193,1,192),(193,194,1,193),(194,195,1,194),(195,196,1,195),(196,197,1,196),(197,198,1,197),(198,199,1,198),(199,200,1,199),(200,201,1,200),(201,202,1,201),(202,203,1,202),(203,204,1,203),(204,205,1,204),(205,206,1,205),(206,207,1,206),(207,208,1,207),(208,209,1,208),(209,210,1,209),(210,211,1,210),(211,212,1,211),(212,213,1,212),(213,214,1,213),(214,215,1,214),(215,216,1,215),(216,217,1,216),(217,218,1,217),(218,219,1,218),(219,220,1,219),(220,221,1,220),(221,222,1,221),(222,223,1,222),(223,224,1,223),(224,225,1,224),(225,226,1,225),(226,227,1,226),(227,228,1,227),(228,229,1,228),(229,230,1,229),(230,231,1,230),(231,232,1,231),(232,233,1,232),(233,234,1,233),(234,235,1,234),(235,236,1,235),(236,237,1,236),(237,238,1,237),(238,239,1,238),(239,240,1,239),(240,241,1,240),(241,242,1,241),(242,243,1,242),(243,244,1,243),(244,245,1,244),(245,246,1,245),(246,247,1,246),(247,248,1,247),(248,249,1,248),(249,250,1,249),(250,251,1,250),(251,252,1,251),(252,253,1,252),(253,254,1,253),(254,255,1,254),(255,256,1,255),(256,257,1,256),(257,258,1,257),(258,259,1,258),(259,260,1,259),(260,261,1,260),(261,262,1,261),(262,263,1,262),(263,264,1,263),(264,265,1,264),(265,266,1,265),(266,267,1,266),(267,268,1,267),(268,269,1,268),(269,270,1,269),(270,271,1,270),(271,272,1,271),(272,273,1,272),(273,274,1,273),(274,275,1,274),(275,276,1,275),(276,277,1,276),(277,278,1,277),(278,279,1,278),(279,280,1,279),(280,281,1,280),(281,282,1,281),(282,283,1,282),(283,284,1,283),(284,285,1,284),(285,286,1,285),(286,287,1,286),(287,288,1,287),(288,289,1,288),(289,290,1,289),(290,291,1,290),(291,292,1,291),(292,293,1,292),(293,294,1,293),(294,295,1,294),(295,296,1,295),(296,297,1,296),(297,298,1,297),(298,299,1,298),(299,300,1,299),(300,301,1,300),(301,302,1,301),(302,303,1,302),(303,304,1,303),(304,305,1,304),(305,306,1,305),(306,307,1,306),(307,308,1,307),(308,309,1,308),(309,310,1,309),(310,311,1,310),(311,312,1,311),(312,313,1,312),(313,314,1,313),(314,315,1,314),(315,316,1,315),(316,317,1,316),(317,318,1,317),(318,319,1,318),(319,320,1,319),(320,321,1,320),(321,322,1,321),(322,323,1,322),(323,324,1,323),(324,325,1,324),(325,326,1,325),(326,327,1,326),(327,328,1,327),(328,329,1,328),(329,330,1,329),(330,331,1,330),(331,332,1,331),(332,333,1,332),(333,334,1,333),(334,335,1,334),(335,336,1,335),(336,337,1,336),(337,338,1,337),(338,339,1,338),(339,340,1,339),(340,341,1,340),(341,342,1,341),(342,343,1,342),(343,344,1,343),(344,345,1,344),(345,346,1,345),(346,347,1,346),(347,348,1,347),(348,349,1,348),(349,350,1,349),(350,351,1,350),(351,352,1,351),(352,353,1,352),(353,354,1,353),(354,355,1,354),(355,356,1,355),(356,357,1,356),(357,358,1,357),(358,359,1,358),(359,360,1,359),(360,361,1,360),(361,362,1,361),(362,363,1,362),(363,364,1,363),(364,365,1,364),(365,366,1,365),(366,367,1,366),(367,368,1,367),(368,369,1,368),(369,370,1,369),(370,371,1,370),(371,372,1,371),(372,373,1,372),(373,374,1,373),(374,375,1,374),(375,376,1,375),(376,377,1,376),(377,378,1,377),(378,379,1,378),(379,380,1,379),(380,381,1,380),(381,382,1,381),(382,383,1,382),(383,384,1,383),(384,385,1,384),(385,386,1,385),(386,387,1,386),(387,388,1,387),(388,389,1,388),(389,390,1,389),(390,391,1,390),(391,392,1,391),(392,393,1,392),(393,394,1,393),(394,395,1,394),(395,396,1,395),(396,397,1,396),(397,398,1,397),(398,399,1,398),(399,400,1,399),(400,401,1,400),(401,402,1,401),(402,403,1,402),(403,404,1,403),(404,405,1,404),(405,406,1,405),(406,407,1,406),(407,408,1,407),(408,409,1,408),(409,410,1,409),(410,411,1,410),(411,412,1,411),(412,413,1,412);
/*!40000 ALTER TABLE `files_folder_lnk` ENABLE KEYS */;
UNLOCK TABLES;

--
-- Table structure for table `files_related_mph`
--

DROP TABLE IF EXISTS `files_related_mph`;
/*!40101 SET @saved_cs_client     = @@character_set_client */;
/*!50503 SET character_set_client = utf8mb4 */;
CREATE TABLE `files_related_mph` (
  `id` int unsigned NOT NULL AUTO_INCREMENT,
  `file_id` int unsigned DEFAULT NULL,
  `related_id` int unsigned DEFAULT NULL,
  `related_type` varchar(255) DEFAULT NULL,
  `field` varchar(255) DEFAULT NULL,
  `order` double unsigned DEFAULT NULL,
  PRIMARY KEY (`id`),
  KEY `files_related_mph_fk` (`file_id`),
  KEY `files_related_mph_oidx` (`order`),
  KEY `files_related_mph_idix` (`related_id`),
  CONSTRAINT `files_related_mph_fk` FOREIGN KEY (`file_id`) REFERENCES `files` (`id`) ON DELETE CASCADE
) ENGINE=InnoDB AUTO_INCREMENT=609 DEFAULT CHARSET=utf8mb4 COLLATE=utf8mb4_0900_ai_ci;
/*!40101 SET character_set_client = @saved_cs_client */;

--
-- Dumping data for table `files_related_mph`
--

LOCK TABLES `files_related_mph` WRITE;
/*!40000 ALTER TABLE `files_related_mph` DISABLE KEYS */;
INSERT INTO `files_related_mph` VALUES (449,307,702,'member.team-member','studentId',1),(450,312,703,'member.team-member','studentId',1),(451,316,704,'member.team-member','studentId',1),(452,320,705,'member.team-member','studentId',1),(453,324,706,'member.team-member','studentId',1),(454,308,702,'member.team-member','studentCert',1),(455,313,703,'member.team-member','studentCert',1),(456,317,704,'member.team-member','studentCert',1),(457,321,705,'member.team-member','studentCert',1),(458,325,706,'member.team-member','studentCert',1),(459,309,702,'member.team-member','advisorLetter',1),(460,314,703,'member.team-member','advisorLetter',1),(461,318,704,'member.team-member','advisorLetter',1),(462,322,705,'member.team-member','advisorLetter',1),(463,326,706,'member.team-member','advisorLetter',1),(464,311,702,'member.team-member','resume',1),(465,315,703,'member.team-member','resume',1),(466,319,704,'member.team-member','resume',1),(467,323,705,'member.team-member','resume',1),(468,327,706,'member.team-member','resume',1),(535,366,736,'member.team-member','studentId',1),(536,367,737,'member.team-member','studentId',1),(549,373,748,'member.team-member','studentId',1),(550,374,749,'member.team-member','studentId',1),(551,373,750,'member.team-member','studentId',1),(552,374,751,'member.team-member','studentId',1),(565,381,762,'member.team-member','studentId',1),(566,383,763,'member.team-member','studentId',1),(567,385,764,'member.team-member','studentId',1),(568,386,765,'member.team-member','studentId',1),(569,388,766,'member.team-member','studentId',1),(570,382,762,'member.team-member','resume',1),(571,384,763,'member.team-member','resume',1),(572,387,765,'member.team-member','resume',1),(573,389,766,'member.team-member','resume',1),(574,381,767,'member.team-member','studentId',1),(575,383,768,'member.team-member','studentId',1),(576,385,769,'member.team-member','studentId',1),(577,386,770,'member.team-member','studentId',1),(578,388,771,'member.team-member','studentId',1),(579,382,767,'member.team-member','resume',1),(580,384,768,'member.team-member','resume',1),(581,387,770,'member.team-member','resume',1),(582,389,771,'member.team-member','resume',1),(589,402,776,'member.team-member','studentId',1),(590,404,777,'member.team-member','studentId',1),(591,406,778,'member.team-member','studentId',1),(592,408,779,'member.team-member','studentId',1),(593,410,780,'member.team-member','studentId',1),(594,403,776,'member.team-member','resume',1),(595,405,777,'member.team-member','resume',1),(596,412,778,'member.team-member','resume',1),(597,409,779,'member.team-member','resume',1),(598,411,780,'member.team-member','resume',1),(599,402,781,'member.team-member','studentId',1),(600,404,782,'member.team-member','studentId',1),(601,406,783,'member.team-member','studentId',1),(602,408,784,'member.team-member','studentId',1),(603,410,785,'member.team-member','studentId',1),(604,403,781,'member.team-member','resume',1),(605,405,782,'member.team-member','resume',1),(606,412,783,'member.team-member','resume',1),(607,409,784,'member.team-member','resume',1),(608,411,785,'member.team-member','resume',1);
/*!40000 ALTER TABLE `files_related_mph` ENABLE KEYS */;
UNLOCK TABLES;

--
-- Table structure for table `forms`
--

DROP TABLE IF EXISTS `forms`;
/*!40101 SET @saved_cs_client     = @@character_set_client */;
/*!50503 SET character_set_client = utf8mb4 */;
CREATE TABLE `forms` (
  `id` int unsigned NOT NULL AUTO_INCREMENT,
  `document_id` varchar(255) DEFAULT NULL,
  `created_at` datetime(6) DEFAULT NULL,
  `updated_at` datetime(6) DEFAULT NULL,
  `published_at` datetime(6) DEFAULT NULL,
  `created_by_id` int unsigned DEFAULT NULL,
  `updated_by_id` int unsigned DEFAULT NULL,
  `locale` varchar(255) DEFAULT NULL,
  `team_name` varchar(255) DEFAULT NULL,
  `inspiration` longtext,
  `expectation` longtext,
  `expertises` longtext,
  `interests` longtext,
  PRIMARY KEY (`id`),
  KEY `forms_documents_idx` (`document_id`,`locale`,`published_at`),
  KEY `forms_created_by_id_fk` (`created_by_id`),
  KEY `forms_updated_by_id_fk` (`updated_by_id`),
  CONSTRAINT `forms_created_by_id_fk` FOREIGN KEY (`created_by_id`) REFERENCES `admin_users` (`id`) ON DELETE SET NULL,
  CONSTRAINT `forms_updated_by_id_fk` FOREIGN KEY (`updated_by_id`) REFERENCES `admin_users` (`id`) ON DELETE SET NULL
) ENGINE=InnoDB AUTO_INCREMENT=298 DEFAULT CHARSET=utf8mb4 COLLATE=utf8mb4_0900_ai_ci;
/*!40101 SET character_set_client = @saved_cs_client */;

--
-- Dumping data for table `forms`
--

LOCK TABLES `forms` WRITE;
/*!40000 ALTER TABLE `forms` DISABLE KEYS */;
INSERT INTO `forms` VALUES (260,'a9ufmo6oeiq45m3kx2e0nfgg','2025-05-10 15:14:15.516000','2025-05-10 15:14:15.516000',NULL,NULL,NULL,NULL,'ทดสอบทดสอบ','Hi hi','It\'s Me','Cybersecurity,\nEthical Hacking / Penetration Testing,\nProgramming (Python, JS, etc.),\nAI / Machine Learning,\nBlockchain / Web3,\nCloud / DevOps,\nอื่นๆ','ระบบตรวจสอบธุรกรรมต้องสงสัย,\nระบบเตือนภัยบัญชีม้า,\nDashboard วิเคราะห์ความผิดปกติในเครือข่าย,\nOSINT investigation tools,\nOtheer test'),(278,'k524u9eanell5971a2tw5sds','2025-05-11 05:52:11.932000','2025-05-11 05:52:11.932000',NULL,NULL,NULL,NULL,'validation form','dasads','adsdas','Cybersecurity','ระบบตรวจสอบธุรกรรมต้องสงสัย'),(286,'vv8ocaupxt2fij5n0q5ghq5u','2025-05-11 08:35:03.425000','2025-05-11 08:35:03.425000',NULL,NULL,NULL,NULL,'ADMIN','lorem ipsum dolor sit amet','lorem ipsum dolor sit amet','Blockchain / Web3,\nCloud / DevOps,\nAI / Machine Learning','ระบบตรวจสอบธุรกรรมต้องสงสัย,\nระบบเตือนภัยบัญชีม้า,\nSpecial Projects'),(287,'vv8ocaupxt2fij5n0q5ghq5u','2025-05-11 08:35:03.425000','2025-05-11 08:35:03.425000','2025-05-11 08:35:03.443000',NULL,NULL,NULL,'ADMIN','lorem ipsum dolor sit amet','lorem ipsum dolor sit amet','Blockchain / Web3,\nCloud / DevOps,\nAI / Machine Learning','ระบบตรวจสอบธุรกรรมต้องสงสัย,\nระบบเตือนภัยบัญชีม้า,\nSpecial Projects'),(290,'eu01acexr7rulmr35nm7c8e2','2025-05-11 16:11:07.287000','2025-05-11 16:11:07.287000',NULL,NULL,NULL,NULL,'ทดสอบทดสอบ','สู้กับมิจจี้','อยากจะได้คนนี้เป็นแฟน','Cybersecurity,\nEthical Hacking / Penetration Testing,\nProgramming (Python, JS, etc.),\nAI / Machine Learning,\nBlockchain / Web3,\nCloud / DevOps,\nระบุ2','ระบบตรวจสอบธุรกรรมต้องสงสัย,\nระบบเตือนภัยบัญชีม้า,\nDashboard วิเคราะห์ความผิดปกติในเครือข่าย,\nOSINT investigation tools,\nระบุ1'),(291,'eu01acexr7rulmr35nm7c8e2','2025-05-11 16:11:07.287000','2025-05-11 16:11:07.287000','2025-05-11 16:11:07.311000',NULL,NULL,NULL,'ทดสอบทดสอบ','สู้กับมิจจี้','อยากจะได้คนนี้เป็นแฟน','Cybersecurity,\nEthical Hacking / Penetration Testing,\nProgramming (Python, JS, etc.),\nAI / Machine Learning,\nBlockchain / Web3,\nCloud / DevOps,\nระบุ2','ระบบตรวจสอบธุรกรรมต้องสงสัย,\nระบบเตือนภัยบัญชีม้า,\nDashboard วิเคราะห์ความผิดปกติในเครือข่าย,\nOSINT investigation tools,\nระบุ1'),(296,'btj0nkde71jrc1ulzzap46j6','2025-05-12 03:35:56.542000','2025-05-12 03:35:56.542000',NULL,NULL,NULL,NULL,'ยามินครบาล','---\n\nหัวข้อที่สนใจ (เลือกได้มากกว่า 1 ข้อ):\n\nระบบตรวจสอบธุรกรรมต้องสงสัย\n\nระบบเตือนภัยบัญชีม้า\n\nDashboard วิเคราะห์ความผิดปกติในเครือข่าย\n\nOSINT investigation tools\n\n\nแรงบันดาลใจและเป้าหมายในการเข้าร่วมการแข่งขัน:\nดิฉัน/ผมมีความสนใจด้านความปลอดภัยทางไซเบอร์และการวิเคราะห์ข้อมูล โดยเฉพาะในเรื่องการตรวจจับพฤติกรรมที่ผิดปกติและการสืบสวนผ่านแหล่งข้อมูลเปิด (OSINT) การเข้าร่วมการแข่งขันครั้งนี้ถือเป็นโอกาสในการฝึกทักษะจริง ร่วมมือกับผู้เชี่ยวชาญ และนำความรู้ไปต่อยอดสร้างระบบที่สามารถช่วยลดความเสี่ยงจากอาชญากรรมทางการเงิน เป้าหมายหลักคือการสร้างต้นแบบระบบที่สามารถตรวจจับและแจ้งเตือนพฤติกรรมที่อาจเชื่อมโยงกับบัญชีม้าหรือธุรกรรมต้องสงสัยได้อย่างแม่นยำและทันเวลา เพื่อสนับสนุนงานของหน่วยงานที่เกี่ยวข้อง\n\n\n---','---\n\nความคาดหวังจากกิจกรรมนี้:\nผม/ดิฉันคาดหวังว่าจะได้พัฒนาทักษะด้านการวิเคราะห์ข้อมูลและความมั่นคงปลอดภัยทางไซเบอร์ รวมถึงได้แลกเปลี่ยนความรู้กับผู้เข้าร่วมและผู้เชี่ยวชาญในสายงาน หวังว่าจะได้สร้างเครือข่ายกับผู้มีความสนใจคล้ายกัน และมีโอกาสต่อยอดแนวคิดที่พัฒนาให้กลายเป็นโปรดักต์จริงที่สามารถใช้งานได้ในภาคปฏิบัติ โดยเฉพาะในหน่วยงานที่เกี่ยวข้องกับการสืบสวนหรือป้องกันอาชญากรรมทางการเงิน\n\n\n---','Cloud / DevOps,\nBlockchain / Web3,\nAI / Machine Learning,\nCybersecurity,\nEthical Hacking / Penetration Testing,\nProgramming (Python, JS, etc.)','ระบบตรวจสอบธุรกรรมต้องสงสัย,\nระบบเตือนภัยบัญชีม้า,\nDashboard วิเคราะห์ความผิดปกติในเครือข่าย,\nOSINT investigation tools'),(297,'btj0nkde71jrc1ulzzap46j6','2025-05-12 03:35:56.542000','2025-05-12 03:35:56.542000','2025-05-12 03:35:56.557000',NULL,NULL,NULL,'ยามินครบาล','---\n\nหัวข้อที่สนใจ (เลือกได้มากกว่า 1 ข้อ):\n\nระบบตรวจสอบธุรกรรมต้องสงสัย\n\nระบบเตือนภัยบัญชีม้า\n\nDashboard วิเคราะห์ความผิดปกติในเครือข่าย\n\nOSINT investigation tools\n\n\nแรงบันดาลใจและเป้าหมายในการเข้าร่วมการแข่งขัน:\nดิฉัน/ผมมีความสนใจด้านความปลอดภัยทางไซเบอร์และการวิเคราะห์ข้อมูล โดยเฉพาะในเรื่องการตรวจจับพฤติกรรมที่ผิดปกติและการสืบสวนผ่านแหล่งข้อมูลเปิด (OSINT) การเข้าร่วมการแข่งขันครั้งนี้ถือเป็นโอกาสในการฝึกทักษะจริง ร่วมมือกับผู้เชี่ยวชาญ และนำความรู้ไปต่อยอดสร้างระบบที่สามารถช่วยลดความเสี่ยงจากอาชญากรรมทางการเงิน เป้าหมายหลักคือการสร้างต้นแบบระบบที่สามารถตรวจจับและแจ้งเตือนพฤติกรรมที่อาจเชื่อมโยงกับบัญชีม้าหรือธุรกรรมต้องสงสัยได้อย่างแม่นยำและทันเวลา เพื่อสนับสนุนงานของหน่วยงานที่เกี่ยวข้อง\n\n\n---','---\n\nความคาดหวังจากกิจกรรมนี้:\nผม/ดิฉันคาดหวังว่าจะได้พัฒนาทักษะด้านการวิเคราะห์ข้อมูลและความมั่นคงปลอดภัยทางไซเบอร์ รวมถึงได้แลกเปลี่ยนความรู้กับผู้เข้าร่วมและผู้เชี่ยวชาญในสายงาน หวังว่าจะได้สร้างเครือข่ายกับผู้มีความสนใจคล้ายกัน และมีโอกาสต่อยอดแนวคิดที่พัฒนาให้กลายเป็นโปรดักต์จริงที่สามารถใช้งานได้ในภาคปฏิบัติ โดยเฉพาะในหน่วยงานที่เกี่ยวข้องกับการสืบสวนหรือป้องกันอาชญากรรมทางการเงิน\n\n\n---','Cloud / DevOps,\nBlockchain / Web3,\nAI / Machine Learning,\nCybersecurity,\nEthical Hacking / Penetration Testing,\nProgramming (Python, JS, etc.)','ระบบตรวจสอบธุรกรรมต้องสงสัย,\nระบบเตือนภัยบัญชีม้า,\nDashboard วิเคราะห์ความผิดปกติในเครือข่าย,\nOSINT investigation tools');
/*!40000 ALTER TABLE `forms` ENABLE KEYS */;
UNLOCK TABLES;

--
-- Table structure for table `forms_cmps`
--

DROP TABLE IF EXISTS `forms_cmps`;
/*!40101 SET @saved_cs_client     = @@character_set_client */;
/*!50503 SET character_set_client = utf8mb4 */;
CREATE TABLE `forms_cmps` (
  `id` int unsigned NOT NULL AUTO_INCREMENT,
  `entity_id` int unsigned DEFAULT NULL,
  `cmp_id` int unsigned DEFAULT NULL,
  `component_type` varchar(255) DEFAULT NULL,
  `field` varchar(255) DEFAULT NULL,
  `order` double unsigned DEFAULT NULL,
  PRIMARY KEY (`id`),
  UNIQUE KEY `forms_uq` (`entity_id`,`cmp_id`,`field`,`component_type`),
  KEY `forms_field_idx` (`field`),
  KEY `forms_component_type_idx` (`component_type`),
  KEY `forms_entity_fk` (`entity_id`),
  CONSTRAINT `forms_entity_fk` FOREIGN KEY (`entity_id`) REFERENCES `forms` (`id`) ON DELETE CASCADE
) ENGINE=InnoDB AUTO_INCREMENT=798 DEFAULT CHARSET=utf8mb4 COLLATE=utf8mb4_0900_ai_ci;
/*!40101 SET character_set_client = @saved_cs_client */;

--
-- Dumping data for table `forms_cmps`
--

LOCK TABLES `forms_cmps` WRITE;
/*!40000 ALTER TABLE `forms_cmps` DISABLE KEYS */;
INSERT INTO `forms_cmps` VALUES (714,260,702,'member.team-member','members',1),(715,260,703,'member.team-member','members',2),(716,260,704,'member.team-member','members',3),(717,260,705,'member.team-member','members',4),(718,260,706,'member.team-member','members',5),(748,278,736,'member.team-member','members',1),(749,278,737,'member.team-member','members',2),(760,286,748,'member.team-member','members',1),(761,286,749,'member.team-member','members',2),(762,287,750,'member.team-member','members',1),(763,287,751,'member.team-member','members',2),(774,290,762,'member.team-member','members',1),(775,290,763,'member.team-member','members',2),(776,290,764,'member.team-member','members',3),(777,290,765,'member.team-member','members',4),(778,290,766,'member.team-member','members',5),(779,291,767,'member.team-member','members',1),(780,291,768,'member.team-member','members',2),(781,291,769,'member.team-member','members',3),(782,291,770,'member.team-member','members',4),(783,291,771,'member.team-member','members',5),(788,296,776,'member.team-member','members',1),(789,296,777,'member.team-member','members',2),(790,296,778,'member.team-member','members',3),(791,296,779,'member.team-member','members',4),(792,296,780,'member.team-member','members',5),(793,297,781,'member.team-member','members',1),(794,297,782,'member.team-member','members',2),(795,297,783,'member.team-member','members',3),(796,297,784,'member.team-member','members',4),(797,297,785,'member.team-member','members',5);
/*!40000 ALTER TABLE `forms_cmps` ENABLE KEYS */;
UNLOCK TABLES;

--
-- Table structure for table `i18n_locale`
--

DROP TABLE IF EXISTS `i18n_locale`;
/*!40101 SET @saved_cs_client     = @@character_set_client */;
/*!50503 SET character_set_client = utf8mb4 */;
CREATE TABLE `i18n_locale` (
  `id` int unsigned NOT NULL AUTO_INCREMENT,
  `document_id` varchar(255) DEFAULT NULL,
  `name` varchar(255) DEFAULT NULL,
  `code` varchar(255) DEFAULT NULL,
  `created_at` datetime(6) DEFAULT NULL,
  `updated_at` datetime(6) DEFAULT NULL,
  `published_at` datetime(6) DEFAULT NULL,
  `created_by_id` int unsigned DEFAULT NULL,
  `updated_by_id` int unsigned DEFAULT NULL,
  `locale` varchar(255) DEFAULT NULL,
  PRIMARY KEY (`id`),
  KEY `i18n_locale_documents_idx` (`document_id`,`locale`,`published_at`),
  KEY `i18n_locale_created_by_id_fk` (`created_by_id`),
  KEY `i18n_locale_updated_by_id_fk` (`updated_by_id`),
  CONSTRAINT `i18n_locale_created_by_id_fk` FOREIGN KEY (`created_by_id`) REFERENCES `admin_users` (`id`) ON DELETE SET NULL,
  CONSTRAINT `i18n_locale_updated_by_id_fk` FOREIGN KEY (`updated_by_id`) REFERENCES `admin_users` (`id`) ON DELETE SET NULL
) ENGINE=InnoDB AUTO_INCREMENT=2 DEFAULT CHARSET=utf8mb4 COLLATE=utf8mb4_0900_ai_ci;
/*!40101 SET character_set_client = @saved_cs_client */;

--
-- Dumping data for table `i18n_locale`
--

LOCK TABLES `i18n_locale` WRITE;
/*!40000 ALTER TABLE `i18n_locale` DISABLE KEYS */;
INSERT INTO `i18n_locale` VALUES (1,'elzq01kh635kgdam1uyuxgyg','English (en)','en','2025-04-25 04:53:07.233000','2025-04-25 04:53:07.233000','2025-04-25 04:53:07.234000',NULL,NULL,NULL);
/*!40000 ALTER TABLE `i18n_locale` ENABLE KEYS */;
UNLOCK TABLES;

--
-- Table structure for table `strapi_api_token_permissions`
--

DROP TABLE IF EXISTS `strapi_api_token_permissions`;
/*!40101 SET @saved_cs_client     = @@character_set_client */;
/*!50503 SET character_set_client = utf8mb4 */;
CREATE TABLE `strapi_api_token_permissions` (
  `id` int unsigned NOT NULL AUTO_INCREMENT,
  `document_id` varchar(255) DEFAULT NULL,
  `action` varchar(255) DEFAULT NULL,
  `created_at` datetime(6) DEFAULT NULL,
  `updated_at` datetime(6) DEFAULT NULL,
  `published_at` datetime(6) DEFAULT NULL,
  `created_by_id` int unsigned DEFAULT NULL,
  `updated_by_id` int unsigned DEFAULT NULL,
  `locale` varchar(255) DEFAULT NULL,
  PRIMARY KEY (`id`),
  KEY `strapi_api_token_permissions_documents_idx` (`document_id`,`locale`,`published_at`),
  KEY `strapi_api_token_permissions_created_by_id_fk` (`created_by_id`),
  KEY `strapi_api_token_permissions_updated_by_id_fk` (`updated_by_id`),
  CONSTRAINT `strapi_api_token_permissions_created_by_id_fk` FOREIGN KEY (`created_by_id`) REFERENCES `admin_users` (`id`) ON DELETE SET NULL,
  CONSTRAINT `strapi_api_token_permissions_updated_by_id_fk` FOREIGN KEY (`updated_by_id`) REFERENCES `admin_users` (`id`) ON DELETE SET NULL
) ENGINE=InnoDB DEFAULT CHARSET=utf8mb4 COLLATE=utf8mb4_0900_ai_ci;
/*!40101 SET character_set_client = @saved_cs_client */;

--
-- Dumping data for table `strapi_api_token_permissions`
--

LOCK TABLES `strapi_api_token_permissions` WRITE;
/*!40000 ALTER TABLE `strapi_api_token_permissions` DISABLE KEYS */;
/*!40000 ALTER TABLE `strapi_api_token_permissions` ENABLE KEYS */;
UNLOCK TABLES;

--
-- Table structure for table `strapi_api_token_permissions_token_lnk`
--

DROP TABLE IF EXISTS `strapi_api_token_permissions_token_lnk`;
/*!40101 SET @saved_cs_client     = @@character_set_client */;
/*!50503 SET character_set_client = utf8mb4 */;
CREATE TABLE `strapi_api_token_permissions_token_lnk` (
  `id` int unsigned NOT NULL AUTO_INCREMENT,
  `api_token_permission_id` int unsigned DEFAULT NULL,
  `api_token_id` int unsigned DEFAULT NULL,
  `api_token_permission_ord` double unsigned DEFAULT NULL,
  PRIMARY KEY (`id`),
  UNIQUE KEY `strapi_api_token_permissions_token_lnk_uq` (`api_token_permission_id`,`api_token_id`),
  KEY `strapi_api_token_permissions_token_lnk_fk` (`api_token_permission_id`),
  KEY `strapi_api_token_permissions_token_lnk_ifk` (`api_token_id`),
  KEY `strapi_api_token_permissions_token_lnk_oifk` (`api_token_permission_ord`),
  CONSTRAINT `strapi_api_token_permissions_token_lnk_fk` FOREIGN KEY (`api_token_permission_id`) REFERENCES `strapi_api_token_permissions` (`id`) ON DELETE CASCADE,
  CONSTRAINT `strapi_api_token_permissions_token_lnk_ifk` FOREIGN KEY (`api_token_id`) REFERENCES `strapi_api_tokens` (`id`) ON DELETE CASCADE
) ENGINE=InnoDB DEFAULT CHARSET=utf8mb4 COLLATE=utf8mb4_0900_ai_ci;
/*!40101 SET character_set_client = @saved_cs_client */;

--
-- Dumping data for table `strapi_api_token_permissions_token_lnk`
--

LOCK TABLES `strapi_api_token_permissions_token_lnk` WRITE;
/*!40000 ALTER TABLE `strapi_api_token_permissions_token_lnk` DISABLE KEYS */;
/*!40000 ALTER TABLE `strapi_api_token_permissions_token_lnk` ENABLE KEYS */;
UNLOCK TABLES;

--
-- Table structure for table `strapi_api_tokens`
--

DROP TABLE IF EXISTS `strapi_api_tokens`;
/*!40101 SET @saved_cs_client     = @@character_set_client */;
/*!50503 SET character_set_client = utf8mb4 */;
CREATE TABLE `strapi_api_tokens` (
  `id` int unsigned NOT NULL AUTO_INCREMENT,
  `document_id` varchar(255) DEFAULT NULL,
  `name` varchar(255) DEFAULT NULL,
  `description` varchar(255) DEFAULT NULL,
  `type` varchar(255) DEFAULT NULL,
  `access_key` varchar(255) DEFAULT NULL,
  `last_used_at` datetime(6) DEFAULT NULL,
  `expires_at` datetime(6) DEFAULT NULL,
  `lifespan` bigint DEFAULT NULL,
  `created_at` datetime(6) DEFAULT NULL,
  `updated_at` datetime(6) DEFAULT NULL,
  `published_at` datetime(6) DEFAULT NULL,
  `created_by_id` int unsigned DEFAULT NULL,
  `updated_by_id` int unsigned DEFAULT NULL,
  `locale` varchar(255) DEFAULT NULL,
  PRIMARY KEY (`id`),
  KEY `strapi_api_tokens_documents_idx` (`document_id`,`locale`,`published_at`),
  KEY `strapi_api_tokens_created_by_id_fk` (`created_by_id`),
  KEY `strapi_api_tokens_updated_by_id_fk` (`updated_by_id`),
  CONSTRAINT `strapi_api_tokens_created_by_id_fk` FOREIGN KEY (`created_by_id`) REFERENCES `admin_users` (`id`) ON DELETE SET NULL,
  CONSTRAINT `strapi_api_tokens_updated_by_id_fk` FOREIGN KEY (`updated_by_id`) REFERENCES `admin_users` (`id`) ON DELETE SET NULL
) ENGINE=InnoDB AUTO_INCREMENT=3 DEFAULT CHARSET=utf8mb4 COLLATE=utf8mb4_0900_ai_ci;
/*!40101 SET character_set_client = @saved_cs_client */;

--
-- Dumping data for table `strapi_api_tokens`
--

LOCK TABLES `strapi_api_tokens` WRITE;
/*!40000 ALTER TABLE `strapi_api_tokens` DISABLE KEYS */;
INSERT INTO `strapi_api_tokens` VALUES (1,'znmtmujco1jrqtbji3xltpqy','Read Only','A default API token with read-only permissions, only used for accessing resources','read-only','dc9af9b28605bee70f98c49d5bbdefce0004da85a93b35cfb1aa8198e995d57a95054d8be7efae448f902e4c2a2b5ed3c037f4cd016ebc68391ec58b68bd9b56',NULL,NULL,NULL,'2025-04-25 04:53:07.850000','2025-04-25 04:53:07.850000','2025-04-25 04:53:07.850000',NULL,NULL,NULL),(2,'ga4i4y0fohtckkoosqt7xtxg','Full Access','A default API token with full access permissions, used for accessing or modifying resources','full-access','aaee17c0ee905ecaefe447ca217189bba5e223a1b74dbee7828c27ac2502f8e470c4d57a484eaeae0117f1b98b61a740dc36e0fe706c8e4a2780fbc53d1970dd',NULL,NULL,NULL,'2025-04-25 04:53:07.859000','2025-04-25 04:53:07.859000','2025-04-25 04:53:07.859000',NULL,NULL,NULL);
/*!40000 ALTER TABLE `strapi_api_tokens` ENABLE KEYS */;
UNLOCK TABLES;

--
-- Table structure for table `strapi_core_store_settings`
--

DROP TABLE IF EXISTS `strapi_core_store_settings`;
/*!40101 SET @saved_cs_client     = @@character_set_client */;
/*!50503 SET character_set_client = utf8mb4 */;
CREATE TABLE `strapi_core_store_settings` (
  `id` int unsigned NOT NULL AUTO_INCREMENT,
  `key` varchar(255) DEFAULT NULL,
  `value` longtext,
  `type` varchar(255) DEFAULT NULL,
  `environment` varchar(255) DEFAULT NULL,
  `tag` varchar(255) DEFAULT NULL,
  PRIMARY KEY (`id`)
) ENGINE=InnoDB AUTO_INCREMENT=31 DEFAULT CHARSET=utf8mb4 COLLATE=utf8mb4_0900_ai_ci;
/*!40101 SET character_set_client = @saved_cs_client */;

--
-- Dumping data for table `strapi_core_store_settings`
--

LOCK TABLES `strapi_core_store_settings` WRITE;
/*!40000 ALTER TABLE `strapi_core_store_settings` DISABLE KEYS */;
INSERT INTO `strapi_core_store_settings` VALUES (1,'strapi_content_types_schema','{\"api::form.form\":{\"kind\":\"collectionType\",\"collectionName\":\"forms\",\"info\":{\"singularName\":\"form\",\"pluralName\":\"forms\",\"displayName\":\"Form\",\"description\":\"\"},\"options\":{\"draftAndPublish\":true},\"attributes\":{\"teamName\":{\"type\":\"string\"},\"inspiration\":{\"type\":\"text\"},\"expectation\":{\"type\":\"text\"},\"members\":{\"type\":\"component\",\"repeatable\":true,\"component\":\"member.team-member\"},\"interests\":{\"type\":\"text\"},\"expertises\":{\"type\":\"text\"},\"createdAt\":{\"type\":\"datetime\"},\"updatedAt\":{\"type\":\"datetime\"},\"publishedAt\":{\"type\":\"datetime\",\"configurable\":false,\"writable\":true,\"visible\":false},\"createdBy\":{\"type\":\"relation\",\"relation\":\"oneToOne\",\"target\":\"admin::user\",\"configurable\":false,\"writable\":false,\"visible\":false,\"useJoinTable\":false,\"private\":true},\"updatedBy\":{\"type\":\"relation\",\"relation\":\"oneToOne\",\"target\":\"admin::user\",\"configurable\":false,\"writable\":false,\"visible\":false,\"useJoinTable\":false,\"private\":true},\"locale\":{\"writable\":true,\"private\":true,\"configurable\":false,\"visible\":false,\"type\":\"string\"},\"localizations\":{\"type\":\"relation\",\"relation\":\"oneToMany\",\"target\":\"api::form.form\",\"writable\":false,\"private\":true,\"configurable\":false,\"visible\":false,\"unstable_virtual\":true,\"joinColumn\":{\"name\":\"document_id\",\"referencedColumn\":\"document_id\",\"referencedTable\":\"forms\"}}},\"apiName\":\"form\",\"globalId\":\"Form\",\"uid\":\"api::form.form\",\"modelType\":\"contentType\",\"__schema__\":{\"collectionName\":\"forms\",\"info\":{\"singularName\":\"form\",\"pluralName\":\"forms\",\"displayName\":\"Form\",\"description\":\"\"},\"options\":{\"draftAndPublish\":true},\"attributes\":{\"teamName\":{\"type\":\"string\"},\"inspiration\":{\"type\":\"text\"},\"expectation\":{\"type\":\"text\"},\"members\":{\"type\":\"component\",\"repeatable\":true,\"component\":\"member.team-member\"},\"interests\":{\"type\":\"text\"},\"expertises\":{\"type\":\"text\"}},\"kind\":\"collectionType\"},\"modelName\":\"form\",\"actions\":{},\"lifecycles\":{}},\"api::subscribe.subscribe\":{\"kind\":\"collectionType\",\"collectionName\":\"subscribes\",\"info\":{\"singularName\":\"subscribe\",\"pluralName\":\"subscribes\",\"displayName\":\"Subscribe\"},\"options\":{\"draftAndPublish\":true},\"attributes\":{\"email\":{\"type\":\"string\"},\"createdAt\":{\"type\":\"datetime\"},\"updatedAt\":{\"type\":\"datetime\"},\"publishedAt\":{\"type\":\"datetime\",\"configurable\":false,\"writable\":true,\"visible\":false},\"createdBy\":{\"type\":\"relation\",\"relation\":\"oneToOne\",\"target\":\"admin::user\",\"configurable\":false,\"writable\":false,\"visible\":false,\"useJoinTable\":false,\"private\":true},\"updatedBy\":{\"type\":\"relation\",\"relation\":\"oneToOne\",\"target\":\"admin::user\",\"configurable\":false,\"writable\":false,\"visible\":false,\"useJoinTable\":false,\"private\":true},\"locale\":{\"writable\":true,\"private\":true,\"configurable\":false,\"visible\":false,\"type\":\"string\"},\"localizations\":{\"type\":\"relation\",\"relation\":\"oneToMany\",\"target\":\"api::subscribe.subscribe\",\"writable\":false,\"private\":true,\"configurable\":false,\"visible\":false,\"unstable_virtual\":true,\"joinColumn\":{\"name\":\"document_id\",\"referencedColumn\":\"document_id\",\"referencedTable\":\"subscribes\"}}},\"apiName\":\"subscribe\",\"globalId\":\"Subscribe\",\"uid\":\"api::subscribe.subscribe\",\"modelType\":\"contentType\",\"__schema__\":{\"collectionName\":\"subscribes\",\"info\":{\"singularName\":\"subscribe\",\"pluralName\":\"subscribes\",\"displayName\":\"Subscribe\"},\"options\":{\"draftAndPublish\":true},\"attributes\":{\"email\":{\"type\":\"string\"}},\"kind\":\"collectionType\"},\"modelName\":\"subscribe\",\"actions\":{},\"lifecycles\":{}},\"plugin::upload.file\":{\"collectionName\":\"files\",\"info\":{\"singularName\":\"file\",\"pluralName\":\"files\",\"displayName\":\"File\",\"description\":\"\"},\"options\":{\"draftAndPublish\":false},\"pluginOptions\":{\"content-manager\":{\"visible\":false},\"content-type-builder\":{\"visible\":false}},\"attributes\":{\"name\":{\"type\":\"string\",\"configurable\":false,\"required\":true},\"alternativeText\":{\"type\":\"string\",\"configurable\":false},\"caption\":{\"type\":\"string\",\"configurable\":false},\"width\":{\"type\":\"integer\",\"configurable\":false},\"height\":{\"type\":\"integer\",\"configurable\":false},\"formats\":{\"type\":\"json\",\"configurable\":false},\"hash\":{\"type\":\"string\",\"configurable\":false,\"required\":true},\"ext\":{\"type\":\"string\",\"configurable\":false},\"mime\":{\"type\":\"string\",\"configurable\":false,\"required\":true},\"size\":{\"type\":\"decimal\",\"configurable\":false,\"required\":true},\"url\":{\"type\":\"string\",\"configurable\":false,\"required\":true},\"previewUrl\":{\"type\":\"string\",\"configurable\":false},\"provider\":{\"type\":\"string\",\"configurable\":false,\"required\":true},\"provider_metadata\":{\"type\":\"json\",\"configurable\":false},\"related\":{\"type\":\"relation\",\"relation\":\"morphToMany\",\"configurable\":false},\"folder\":{\"type\":\"relation\",\"relation\":\"manyToOne\",\"target\":\"plugin::upload.folder\",\"inversedBy\":\"files\",\"private\":true},\"folderPath\":{\"type\":\"string\",\"minLength\":1,\"required\":true,\"private\":true,\"searchable\":false},\"createdAt\":{\"type\":\"datetime\"},\"updatedAt\":{\"type\":\"datetime\"},\"publishedAt\":{\"type\":\"datetime\",\"configurable\":false,\"writable\":true,\"visible\":false},\"createdBy\":{\"type\":\"relation\",\"relation\":\"oneToOne\",\"target\":\"admin::user\",\"configurable\":false,\"writable\":false,\"visible\":false,\"useJoinTable\":false,\"private\":true},\"updatedBy\":{\"type\":\"relation\",\"relation\":\"oneToOne\",\"target\":\"admin::user\",\"configurable\":false,\"writable\":false,\"visible\":false,\"useJoinTable\":false,\"private\":true},\"locale\":{\"writable\":true,\"private\":true,\"configurable\":false,\"visible\":false,\"type\":\"string\"},\"localizations\":{\"type\":\"relation\",\"relation\":\"oneToMany\",\"target\":\"plugin::upload.file\",\"writable\":false,\"private\":true,\"configurable\":false,\"visible\":false,\"unstable_virtual\":true,\"joinColumn\":{\"name\":\"document_id\",\"referencedColumn\":\"document_id\",\"referencedTable\":\"files\"}}},\"indexes\":[{\"name\":\"upload_files_folder_path_index\",\"columns\":[\"folder_path\"],\"type\":null},{\"name\":\"upload_files_created_at_index\",\"columns\":[\"created_at\"],\"type\":null},{\"name\":\"upload_files_updated_at_index\",\"columns\":[\"updated_at\"],\"type\":null},{\"name\":\"upload_files_name_index\",\"columns\":[\"name\"],\"type\":null},{\"name\":\"upload_files_size_index\",\"columns\":[\"size\"],\"type\":null},{\"name\":\"upload_files_ext_index\",\"columns\":[\"ext\"],\"type\":null}],\"plugin\":\"upload\",\"globalId\":\"UploadFile\",\"uid\":\"plugin::upload.file\",\"modelType\":\"contentType\",\"kind\":\"collectionType\",\"__schema__\":{\"collectionName\":\"files\",\"info\":{\"singularName\":\"file\",\"pluralName\":\"files\",\"displayName\":\"File\",\"description\":\"\"},\"options\":{},\"pluginOptions\":{\"content-manager\":{\"visible\":false},\"content-type-builder\":{\"visible\":false}},\"attributes\":{\"name\":{\"type\":\"string\",\"configurable\":false,\"required\":true},\"alternativeText\":{\"type\":\"string\",\"configurable\":false},\"caption\":{\"type\":\"string\",\"configurable\":false},\"width\":{\"type\":\"integer\",\"configurable\":false},\"height\":{\"type\":\"integer\",\"configurable\":false},\"formats\":{\"type\":\"json\",\"configurable\":false},\"hash\":{\"type\":\"string\",\"configurable\":false,\"required\":true},\"ext\":{\"type\":\"string\",\"configurable\":false},\"mime\":{\"type\":\"string\",\"configurable\":false,\"required\":true},\"size\":{\"type\":\"decimal\",\"configurable\":false,\"required\":true},\"url\":{\"type\":\"string\",\"configurable\":false,\"required\":true},\"previewUrl\":{\"type\":\"string\",\"configurable\":false},\"provider\":{\"type\":\"string\",\"configurable\":false,\"required\":true},\"provider_metadata\":{\"type\":\"json\",\"configurable\":false},\"related\":{\"type\":\"relation\",\"relation\":\"morphToMany\",\"configurable\":false},\"folder\":{\"type\":\"relation\",\"relation\":\"manyToOne\",\"target\":\"plugin::upload.folder\",\"inversedBy\":\"files\",\"private\":true},\"folderPath\":{\"type\":\"string\",\"minLength\":1,\"required\":true,\"private\":true,\"searchable\":false}},\"kind\":\"collectionType\"},\"modelName\":\"file\"},\"plugin::upload.folder\":{\"collectionName\":\"upload_folders\",\"info\":{\"singularName\":\"folder\",\"pluralName\":\"folders\",\"displayName\":\"Folder\"},\"options\":{\"draftAndPublish\":false},\"pluginOptions\":{\"content-manager\":{\"visible\":false},\"content-type-builder\":{\"visible\":false}},\"attributes\":{\"name\":{\"type\":\"string\",\"minLength\":1,\"required\":true},\"pathId\":{\"type\":\"integer\",\"unique\":true,\"required\":true},\"parent\":{\"type\":\"relation\",\"relation\":\"manyToOne\",\"target\":\"plugin::upload.folder\",\"inversedBy\":\"children\"},\"children\":{\"type\":\"relation\",\"relation\":\"oneToMany\",\"target\":\"plugin::upload.folder\",\"mappedBy\":\"parent\"},\"files\":{\"type\":\"relation\",\"relation\":\"oneToMany\",\"target\":\"plugin::upload.file\",\"mappedBy\":\"folder\"},\"path\":{\"type\":\"string\",\"minLength\":1,\"required\":true},\"createdAt\":{\"type\":\"datetime\"},\"updatedAt\":{\"type\":\"datetime\"},\"publishedAt\":{\"type\":\"datetime\",\"configurable\":false,\"writable\":true,\"visible\":false},\"createdBy\":{\"type\":\"relation\",\"relation\":\"oneToOne\",\"target\":\"admin::user\",\"configurable\":false,\"writable\":false,\"visible\":false,\"useJoinTable\":false,\"private\":true},\"updatedBy\":{\"type\":\"relation\",\"relation\":\"oneToOne\",\"target\":\"admin::user\",\"configurable\":false,\"writable\":false,\"visible\":false,\"useJoinTable\":false,\"private\":true},\"locale\":{\"writable\":true,\"private\":true,\"configurable\":false,\"visible\":false,\"type\":\"string\"},\"localizations\":{\"type\":\"relation\",\"relation\":\"oneToMany\",\"target\":\"plugin::upload.folder\",\"writable\":false,\"private\":true,\"configurable\":false,\"visible\":false,\"unstable_virtual\":true,\"joinColumn\":{\"name\":\"document_id\",\"referencedColumn\":\"document_id\",\"referencedTable\":\"upload_folders\"}}},\"indexes\":[{\"name\":\"upload_folders_path_id_index\",\"columns\":[\"path_id\"],\"type\":\"unique\"},{\"name\":\"upload_folders_path_index\",\"columns\":[\"path\"],\"type\":\"unique\"}],\"plugin\":\"upload\",\"globalId\":\"UploadFolder\",\"uid\":\"plugin::upload.folder\",\"modelType\":\"contentType\",\"kind\":\"collectionType\",\"__schema__\":{\"collectionName\":\"upload_folders\",\"info\":{\"singularName\":\"folder\",\"pluralName\":\"folders\",\"displayName\":\"Folder\"},\"options\":{},\"pluginOptions\":{\"content-manager\":{\"visible\":false},\"content-type-builder\":{\"visible\":false}},\"attributes\":{\"name\":{\"type\":\"string\",\"minLength\":1,\"required\":true},\"pathId\":{\"type\":\"integer\",\"unique\":true,\"required\":true},\"parent\":{\"type\":\"relation\",\"relation\":\"manyToOne\",\"target\":\"plugin::upload.folder\",\"inversedBy\":\"children\"},\"children\":{\"type\":\"relation\",\"relation\":\"oneToMany\",\"target\":\"plugin::upload.folder\",\"mappedBy\":\"parent\"},\"files\":{\"type\":\"relation\",\"relation\":\"oneToMany\",\"target\":\"plugin::upload.file\",\"mappedBy\":\"folder\"},\"path\":{\"type\":\"string\",\"minLength\":1,\"required\":true}},\"kind\":\"collectionType\"},\"modelName\":\"folder\"},\"plugin::i18n.locale\":{\"info\":{\"singularName\":\"locale\",\"pluralName\":\"locales\",\"collectionName\":\"locales\",\"displayName\":\"Locale\",\"description\":\"\"},\"options\":{\"draftAndPublish\":false},\"pluginOptions\":{\"content-manager\":{\"visible\":false},\"content-type-builder\":{\"visible\":false}},\"attributes\":{\"name\":{\"type\":\"string\",\"min\":1,\"max\":50,\"configurable\":false},\"code\":{\"type\":\"string\",\"unique\":true,\"configurable\":false},\"createdAt\":{\"type\":\"datetime\"},\"updatedAt\":{\"type\":\"datetime\"},\"publishedAt\":{\"type\":\"datetime\",\"configurable\":false,\"writable\":true,\"visible\":false},\"createdBy\":{\"type\":\"relation\",\"relation\":\"oneToOne\",\"target\":\"admin::user\",\"configurable\":false,\"writable\":false,\"visible\":false,\"useJoinTable\":false,\"private\":true},\"updatedBy\":{\"type\":\"relation\",\"relation\":\"oneToOne\",\"target\":\"admin::user\",\"configurable\":false,\"writable\":false,\"visible\":false,\"useJoinTable\":false,\"private\":true},\"locale\":{\"writable\":true,\"private\":true,\"configurable\":false,\"visible\":false,\"type\":\"string\"},\"localizations\":{\"type\":\"relation\",\"relation\":\"oneToMany\",\"target\":\"plugin::i18n.locale\",\"writable\":false,\"private\":true,\"configurable\":false,\"visible\":false,\"unstable_virtual\":true,\"joinColumn\":{\"name\":\"document_id\",\"referencedColumn\":\"document_id\",\"referencedTable\":\"i18n_locale\"}}},\"plugin\":\"i18n\",\"collectionName\":\"i18n_locale\",\"globalId\":\"I18NLocale\",\"uid\":\"plugin::i18n.locale\",\"modelType\":\"contentType\",\"kind\":\"collectionType\",\"__schema__\":{\"collectionName\":\"i18n_locale\",\"info\":{\"singularName\":\"locale\",\"pluralName\":\"locales\",\"collectionName\":\"locales\",\"displayName\":\"Locale\",\"description\":\"\"},\"options\":{},\"pluginOptions\":{\"content-manager\":{\"visible\":false},\"content-type-builder\":{\"visible\":false}},\"attributes\":{\"name\":{\"type\":\"string\",\"min\":1,\"max\":50,\"configurable\":false},\"code\":{\"type\":\"string\",\"unique\":true,\"configurable\":false}},\"kind\":\"collectionType\"},\"modelName\":\"locale\"},\"plugin::content-releases.release\":{\"collectionName\":\"strapi_releases\",\"info\":{\"singularName\":\"release\",\"pluralName\":\"releases\",\"displayName\":\"Release\"},\"options\":{\"draftAndPublish\":false},\"pluginOptions\":{\"content-manager\":{\"visible\":false},\"content-type-builder\":{\"visible\":false}},\"attributes\":{\"name\":{\"type\":\"string\",\"required\":true},\"releasedAt\":{\"type\":\"datetime\"},\"scheduledAt\":{\"type\":\"datetime\"},\"timezone\":{\"type\":\"string\"},\"status\":{\"type\":\"enumeration\",\"enum\":[\"ready\",\"blocked\",\"failed\",\"done\",\"empty\"],\"required\":true},\"actions\":{\"type\":\"relation\",\"relation\":\"oneToMany\",\"target\":\"plugin::content-releases.release-action\",\"mappedBy\":\"release\"},\"createdAt\":{\"type\":\"datetime\"},\"updatedAt\":{\"type\":\"datetime\"},\"publishedAt\":{\"type\":\"datetime\",\"configurable\":false,\"writable\":true,\"visible\":false},\"createdBy\":{\"type\":\"relation\",\"relation\":\"oneToOne\",\"target\":\"admin::user\",\"configurable\":false,\"writable\":false,\"visible\":false,\"useJoinTable\":false,\"private\":true},\"updatedBy\":{\"type\":\"relation\",\"relation\":\"oneToOne\",\"target\":\"admin::user\",\"configurable\":false,\"writable\":false,\"visible\":false,\"useJoinTable\":false,\"private\":true},\"locale\":{\"writable\":true,\"private\":true,\"configurable\":false,\"visible\":false,\"type\":\"string\"},\"localizations\":{\"type\":\"relation\",\"relation\":\"oneToMany\",\"target\":\"plugin::content-releases.release\",\"writable\":false,\"private\":true,\"configurable\":false,\"visible\":false,\"unstable_virtual\":true,\"joinColumn\":{\"name\":\"document_id\",\"referencedColumn\":\"document_id\",\"referencedTable\":\"strapi_releases\"}}},\"plugin\":\"content-releases\",\"globalId\":\"ContentReleasesRelease\",\"uid\":\"plugin::content-releases.release\",\"modelType\":\"contentType\",\"kind\":\"collectionType\",\"__schema__\":{\"collectionName\":\"strapi_releases\",\"info\":{\"singularName\":\"release\",\"pluralName\":\"releases\",\"displayName\":\"Release\"},\"options\":{\"draftAndPublish\":false},\"pluginOptions\":{\"content-manager\":{\"visible\":false},\"content-type-builder\":{\"visible\":false}},\"attributes\":{\"name\":{\"type\":\"string\",\"required\":true},\"releasedAt\":{\"type\":\"datetime\"},\"scheduledAt\":{\"type\":\"datetime\"},\"timezone\":{\"type\":\"string\"},\"status\":{\"type\":\"enumeration\",\"enum\":[\"ready\",\"blocked\",\"failed\",\"done\",\"empty\"],\"required\":true},\"actions\":{\"type\":\"relation\",\"relation\":\"oneToMany\",\"target\":\"plugin::content-releases.release-action\",\"mappedBy\":\"release\"}},\"kind\":\"collectionType\"},\"modelName\":\"release\"},\"plugin::content-releases.release-action\":{\"collectionName\":\"strapi_release_actions\",\"info\":{\"singularName\":\"release-action\",\"pluralName\":\"release-actions\",\"displayName\":\"Release Action\"},\"options\":{\"draftAndPublish\":false},\"pluginOptions\":{\"content-manager\":{\"visible\":false},\"content-type-builder\":{\"visible\":false}},\"attributes\":{\"type\":{\"type\":\"enumeration\",\"enum\":[\"publish\",\"unpublish\"],\"required\":true},\"contentType\":{\"type\":\"string\",\"required\":true},\"entryDocumentId\":{\"type\":\"string\"},\"locale\":{\"writable\":true,\"private\":true,\"configurable\":false,\"visible\":false,\"type\":\"string\"},\"release\":{\"type\":\"relation\",\"relation\":\"manyToOne\",\"target\":\"plugin::content-releases.release\",\"inversedBy\":\"actions\"},\"isEntryValid\":{\"type\":\"boolean\"},\"createdAt\":{\"type\":\"datetime\"},\"updatedAt\":{\"type\":\"datetime\"},\"publishedAt\":{\"type\":\"datetime\",\"configurable\":false,\"writable\":true,\"visible\":false},\"createdBy\":{\"type\":\"relation\",\"relation\":\"oneToOne\",\"target\":\"admin::user\",\"configurable\":false,\"writable\":false,\"visible\":false,\"useJoinTable\":false,\"private\":true},\"updatedBy\":{\"type\":\"relation\",\"relation\":\"oneToOne\",\"target\":\"admin::user\",\"configurable\":false,\"writable\":false,\"visible\":false,\"useJoinTable\":false,\"private\":true},\"localizations\":{\"type\":\"relation\",\"relation\":\"oneToMany\",\"target\":\"plugin::content-releases.release-action\",\"writable\":false,\"private\":true,\"configurable\":false,\"visible\":false,\"unstable_virtual\":true,\"joinColumn\":{\"name\":\"document_id\",\"referencedColumn\":\"document_id\",\"referencedTable\":\"strapi_release_actions\"}}},\"plugin\":\"content-releases\",\"globalId\":\"ContentReleasesReleaseAction\",\"uid\":\"plugin::content-releases.release-action\",\"modelType\":\"contentType\",\"kind\":\"collectionType\",\"__schema__\":{\"collectionName\":\"strapi_release_actions\",\"info\":{\"singularName\":\"release-action\",\"pluralName\":\"release-actions\",\"displayName\":\"Release Action\"},\"options\":{\"draftAndPublish\":false},\"pluginOptions\":{\"content-manager\":{\"visible\":false},\"content-type-builder\":{\"visible\":false}},\"attributes\":{\"type\":{\"type\":\"enumeration\",\"enum\":[\"publish\",\"unpublish\"],\"required\":true},\"contentType\":{\"type\":\"string\",\"required\":true},\"entryDocumentId\":{\"type\":\"string\"},\"locale\":{\"type\":\"string\"},\"release\":{\"type\":\"relation\",\"relation\":\"manyToOne\",\"target\":\"plugin::content-releases.release\",\"inversedBy\":\"actions\"},\"isEntryValid\":{\"type\":\"boolean\"}},\"kind\":\"collectionType\"},\"modelName\":\"release-action\"},\"plugin::review-workflows.workflow\":{\"collectionName\":\"strapi_workflows\",\"info\":{\"name\":\"Workflow\",\"description\":\"\",\"singularName\":\"workflow\",\"pluralName\":\"workflows\",\"displayName\":\"Workflow\"},\"options\":{\"draftAndPublish\":false},\"pluginOptions\":{\"content-manager\":{\"visible\":false},\"content-type-builder\":{\"visible\":false}},\"attributes\":{\"name\":{\"type\":\"string\",\"required\":true,\"unique\":true},\"stages\":{\"type\":\"relation\",\"target\":\"plugin::review-workflows.workflow-stage\",\"relation\":\"oneToMany\",\"mappedBy\":\"workflow\"},\"stageRequiredToPublish\":{\"type\":\"relation\",\"target\":\"plugin::review-workflows.workflow-stage\",\"relation\":\"oneToOne\",\"required\":false},\"contentTypes\":{\"type\":\"json\",\"required\":true,\"default\":\"[]\"},\"createdAt\":{\"type\":\"datetime\"},\"updatedAt\":{\"type\":\"datetime\"},\"publishedAt\":{\"type\":\"datetime\",\"configurable\":false,\"writable\":true,\"visible\":false},\"createdBy\":{\"type\":\"relation\",\"relation\":\"oneToOne\",\"target\":\"admin::user\",\"configurable\":false,\"writable\":false,\"visible\":false,\"useJoinTable\":false,\"private\":true},\"updatedBy\":{\"type\":\"relation\",\"relation\":\"oneToOne\",\"target\":\"admin::user\",\"configurable\":false,\"writable\":false,\"visible\":false,\"useJoinTable\":false,\"private\":true},\"locale\":{\"writable\":true,\"private\":true,\"configurable\":false,\"visible\":false,\"type\":\"string\"},\"localizations\":{\"type\":\"relation\",\"relation\":\"oneToMany\",\"target\":\"plugin::review-workflows.workflow\",\"writable\":false,\"private\":true,\"configurable\":false,\"visible\":false,\"unstable_virtual\":true,\"joinColumn\":{\"name\":\"document_id\",\"referencedColumn\":\"document_id\",\"referencedTable\":\"strapi_workflows\"}}},\"plugin\":\"review-workflows\",\"globalId\":\"ReviewWorkflowsWorkflow\",\"uid\":\"plugin::review-workflows.workflow\",\"modelType\":\"contentType\",\"kind\":\"collectionType\",\"__schema__\":{\"collectionName\":\"strapi_workflows\",\"info\":{\"name\":\"Workflow\",\"description\":\"\",\"singularName\":\"workflow\",\"pluralName\":\"workflows\",\"displayName\":\"Workflow\"},\"options\":{},\"pluginOptions\":{\"content-manager\":{\"visible\":false},\"content-type-builder\":{\"visible\":false}},\"attributes\":{\"name\":{\"type\":\"string\",\"required\":true,\"unique\":true},\"stages\":{\"type\":\"relation\",\"target\":\"plugin::review-workflows.workflow-stage\",\"relation\":\"oneToMany\",\"mappedBy\":\"workflow\"},\"stageRequiredToPublish\":{\"type\":\"relation\",\"target\":\"plugin::review-workflows.workflow-stage\",\"relation\":\"oneToOne\",\"required\":false},\"contentTypes\":{\"type\":\"json\",\"required\":true,\"default\":\"[]\"}},\"kind\":\"collectionType\"},\"modelName\":\"workflow\"},\"plugin::review-workflows.workflow-stage\":{\"collectionName\":\"strapi_workflows_stages\",\"info\":{\"name\":\"Workflow Stage\",\"description\":\"\",\"singularName\":\"workflow-stage\",\"pluralName\":\"workflow-stages\",\"displayName\":\"Stages\"},\"options\":{\"version\":\"1.1.0\",\"draftAndPublish\":false},\"pluginOptions\":{\"content-manager\":{\"visible\":false},\"content-type-builder\":{\"visible\":false}},\"attributes\":{\"name\":{\"type\":\"string\",\"configurable\":false},\"color\":{\"type\":\"string\",\"configurable\":false,\"default\":\"#4945FF\"},\"workflow\":{\"type\":\"relation\",\"target\":\"plugin::review-workflows.workflow\",\"relation\":\"manyToOne\",\"inversedBy\":\"stages\",\"configurable\":false},\"permissions\":{\"type\":\"relation\",\"target\":\"admin::permission\",\"relation\":\"manyToMany\",\"configurable\":false},\"createdAt\":{\"type\":\"datetime\"},\"updatedAt\":{\"type\":\"datetime\"},\"publishedAt\":{\"type\":\"datetime\",\"configurable\":false,\"writable\":true,\"visible\":false},\"createdBy\":{\"type\":\"relation\",\"relation\":\"oneToOne\",\"target\":\"admin::user\",\"configurable\":false,\"writable\":false,\"visible\":false,\"useJoinTable\":false,\"private\":true},\"updatedBy\":{\"type\":\"relation\",\"relation\":\"oneToOne\",\"target\":\"admin::user\",\"configurable\":false,\"writable\":false,\"visible\":false,\"useJoinTable\":false,\"private\":true},\"locale\":{\"writable\":true,\"private\":true,\"configurable\":false,\"visible\":false,\"type\":\"string\"},\"localizations\":{\"type\":\"relation\",\"relation\":\"oneToMany\",\"target\":\"plugin::review-workflows.workflow-stage\",\"writable\":false,\"private\":true,\"configurable\":false,\"visible\":false,\"unstable_virtual\":true,\"joinColumn\":{\"name\":\"document_id\",\"referencedColumn\":\"document_id\",\"referencedTable\":\"strapi_workflows_stages\"}}},\"plugin\":\"review-workflows\",\"globalId\":\"ReviewWorkflowsWorkflowStage\",\"uid\":\"plugin::review-workflows.workflow-stage\",\"modelType\":\"contentType\",\"kind\":\"collectionType\",\"__schema__\":{\"collectionName\":\"strapi_workflows_stages\",\"info\":{\"name\":\"Workflow Stage\",\"description\":\"\",\"singularName\":\"workflow-stage\",\"pluralName\":\"workflow-stages\",\"displayName\":\"Stages\"},\"options\":{\"version\":\"1.1.0\"},\"pluginOptions\":{\"content-manager\":{\"visible\":false},\"content-type-builder\":{\"visible\":false}},\"attributes\":{\"name\":{\"type\":\"string\",\"configurable\":false},\"color\":{\"type\":\"string\",\"configurable\":false,\"default\":\"#4945FF\"},\"workflow\":{\"type\":\"relation\",\"target\":\"plugin::review-workflows.workflow\",\"relation\":\"manyToOne\",\"inversedBy\":\"stages\",\"configurable\":false},\"permissions\":{\"type\":\"relation\",\"target\":\"admin::permission\",\"relation\":\"manyToMany\",\"configurable\":false}},\"kind\":\"collectionType\"},\"modelName\":\"workflow-stage\"},\"plugin::users-permissions.permission\":{\"collectionName\":\"up_permissions\",\"info\":{\"name\":\"permission\",\"description\":\"\",\"singularName\":\"permission\",\"pluralName\":\"permissions\",\"displayName\":\"Permission\"},\"pluginOptions\":{\"content-manager\":{\"visible\":false},\"content-type-builder\":{\"visible\":false}},\"attributes\":{\"action\":{\"type\":\"string\",\"required\":true,\"configurable\":false},\"role\":{\"type\":\"relation\",\"relation\":\"manyToOne\",\"target\":\"plugin::users-permissions.role\",\"inversedBy\":\"permissions\",\"configurable\":false},\"createdAt\":{\"type\":\"datetime\"},\"updatedAt\":{\"type\":\"datetime\"},\"publishedAt\":{\"type\":\"datetime\",\"configurable\":false,\"writable\":true,\"visible\":false},\"createdBy\":{\"type\":\"relation\",\"relation\":\"oneToOne\",\"target\":\"admin::user\",\"configurable\":false,\"writable\":false,\"visible\":false,\"useJoinTable\":false,\"private\":true},\"updatedBy\":{\"type\":\"relation\",\"relation\":\"oneToOne\",\"target\":\"admin::user\",\"configurable\":false,\"writable\":false,\"visible\":false,\"useJoinTable\":false,\"private\":true},\"locale\":{\"writable\":true,\"private\":true,\"configurable\":false,\"visible\":false,\"type\":\"string\"},\"localizations\":{\"type\":\"relation\",\"relation\":\"oneToMany\",\"target\":\"plugin::users-permissions.permission\",\"writable\":false,\"private\":true,\"configurable\":false,\"visible\":false,\"unstable_virtual\":true,\"joinColumn\":{\"name\":\"document_id\",\"referencedColumn\":\"document_id\",\"referencedTable\":\"up_permissions\"}}},\"plugin\":\"users-permissions\",\"globalId\":\"UsersPermissionsPermission\",\"uid\":\"plugin::users-permissions.permission\",\"modelType\":\"contentType\",\"kind\":\"collectionType\",\"__schema__\":{\"collectionName\":\"up_permissions\",\"info\":{\"name\":\"permission\",\"description\":\"\",\"singularName\":\"permission\",\"pluralName\":\"permissions\",\"displayName\":\"Permission\"},\"pluginOptions\":{\"content-manager\":{\"visible\":false},\"content-type-builder\":{\"visible\":false}},\"attributes\":{\"action\":{\"type\":\"string\",\"required\":true,\"configurable\":false},\"role\":{\"type\":\"relation\",\"relation\":\"manyToOne\",\"target\":\"plugin::users-permissions.role\",\"inversedBy\":\"permissions\",\"configurable\":false}},\"kind\":\"collectionType\"},\"modelName\":\"permission\",\"options\":{\"draftAndPublish\":false}},\"plugin::users-permissions.role\":{\"collectionName\":\"up_roles\",\"info\":{\"name\":\"role\",\"description\":\"\",\"singularName\":\"role\",\"pluralName\":\"roles\",\"displayName\":\"Role\"},\"pluginOptions\":{\"content-manager\":{\"visible\":false},\"content-type-builder\":{\"visible\":false}},\"attributes\":{\"name\":{\"type\":\"string\",\"minLength\":3,\"required\":true,\"configurable\":false},\"description\":{\"type\":\"string\",\"configurable\":false},\"type\":{\"type\":\"string\",\"unique\":true,\"configurable\":false},\"permissions\":{\"type\":\"relation\",\"relation\":\"oneToMany\",\"target\":\"plugin::users-permissions.permission\",\"mappedBy\":\"role\",\"configurable\":false},\"users\":{\"type\":\"relation\",\"relation\":\"oneToMany\",\"target\":\"plugin::users-permissions.user\",\"mappedBy\":\"role\",\"configurable\":false},\"createdAt\":{\"type\":\"datetime\"},\"updatedAt\":{\"type\":\"datetime\"},\"publishedAt\":{\"type\":\"datetime\",\"configurable\":false,\"writable\":true,\"visible\":false},\"createdBy\":{\"type\":\"relation\",\"relation\":\"oneToOne\",\"target\":\"admin::user\",\"configurable\":false,\"writable\":false,\"visible\":false,\"useJoinTable\":false,\"private\":true},\"updatedBy\":{\"type\":\"relation\",\"relation\":\"oneToOne\",\"target\":\"admin::user\",\"configurable\":false,\"writable\":false,\"visible\":false,\"useJoinTable\":false,\"private\":true},\"locale\":{\"writable\":true,\"private\":true,\"configurable\":false,\"visible\":false,\"type\":\"string\"},\"localizations\":{\"type\":\"relation\",\"relation\":\"oneToMany\",\"target\":\"plugin::users-permissions.role\",\"writable\":false,\"private\":true,\"configurable\":false,\"visible\":false,\"unstable_virtual\":true,\"joinColumn\":{\"name\":\"document_id\",\"referencedColumn\":\"document_id\",\"referencedTable\":\"up_roles\"}}},\"plugin\":\"users-permissions\",\"globalId\":\"UsersPermissionsRole\",\"uid\":\"plugin::users-permissions.role\",\"modelType\":\"contentType\",\"kind\":\"collectionType\",\"__schema__\":{\"collectionName\":\"up_roles\",\"info\":{\"name\":\"role\",\"description\":\"\",\"singularName\":\"role\",\"pluralName\":\"roles\",\"displayName\":\"Role\"},\"pluginOptions\":{\"content-manager\":{\"visible\":false},\"content-type-builder\":{\"visible\":false}},\"attributes\":{\"name\":{\"type\":\"string\",\"minLength\":3,\"required\":true,\"configurable\":false},\"description\":{\"type\":\"string\",\"configurable\":false},\"type\":{\"type\":\"string\",\"unique\":true,\"configurable\":false},\"permissions\":{\"type\":\"relation\",\"relation\":\"oneToMany\",\"target\":\"plugin::users-permissions.permission\",\"mappedBy\":\"role\",\"configurable\":false},\"users\":{\"type\":\"relation\",\"relation\":\"oneToMany\",\"target\":\"plugin::users-permissions.user\",\"mappedBy\":\"role\",\"configurable\":false}},\"kind\":\"collectionType\"},\"modelName\":\"role\",\"options\":{\"draftAndPublish\":false}},\"plugin::users-permissions.user\":{\"collectionName\":\"up_users\",\"info\":{\"name\":\"user\",\"description\":\"\",\"singularName\":\"user\",\"pluralName\":\"users\",\"displayName\":\"User\"},\"options\":{\"timestamps\":true,\"draftAndPublish\":false},\"attributes\":{\"username\":{\"type\":\"string\",\"minLength\":3,\"unique\":true,\"configurable\":false,\"required\":true},\"email\":{\"type\":\"email\",\"minLength\":6,\"configurable\":false,\"required\":true},\"provider\":{\"type\":\"string\",\"configurable\":false},\"password\":{\"type\":\"password\",\"minLength\":6,\"configurable\":false,\"private\":true,\"searchable\":false},\"resetPasswordToken\":{\"type\":\"string\",\"configurable\":false,\"private\":true,\"searchable\":false},\"confirmationToken\":{\"type\":\"string\",\"configurable\":false,\"private\":true,\"searchable\":false},\"confirmed\":{\"type\":\"boolean\",\"default\":false,\"configurable\":false},\"blocked\":{\"type\":\"boolean\",\"default\":false,\"configurable\":false},\"role\":{\"type\":\"relation\",\"relation\":\"manyToOne\",\"target\":\"plugin::users-permissions.role\",\"inversedBy\":\"users\",\"configurable\":false},\"createdAt\":{\"type\":\"datetime\"},\"updatedAt\":{\"type\":\"datetime\"},\"publishedAt\":{\"type\":\"datetime\",\"configurable\":false,\"writable\":true,\"visible\":false},\"createdBy\":{\"type\":\"relation\",\"relation\":\"oneToOne\",\"target\":\"admin::user\",\"configurable\":false,\"writable\":false,\"visible\":false,\"useJoinTable\":false,\"private\":true},\"updatedBy\":{\"type\":\"relation\",\"relation\":\"oneToOne\",\"target\":\"admin::user\",\"configurable\":false,\"writable\":false,\"visible\":false,\"useJoinTable\":false,\"private\":true},\"locale\":{\"writable\":true,\"private\":true,\"configurable\":false,\"visible\":false,\"type\":\"string\"},\"localizations\":{\"type\":\"relation\",\"relation\":\"oneToMany\",\"target\":\"plugin::users-permissions.user\",\"writable\":false,\"private\":true,\"configurable\":false,\"visible\":false,\"unstable_virtual\":true,\"joinColumn\":{\"name\":\"document_id\",\"referencedColumn\":\"document_id\",\"referencedTable\":\"up_users\"}}},\"config\":{\"attributes\":{\"resetPasswordToken\":{\"hidden\":true},\"confirmationToken\":{\"hidden\":true},\"provider\":{\"hidden\":true}}},\"plugin\":\"users-permissions\",\"globalId\":\"UsersPermissionsUser\",\"uid\":\"plugin::users-permissions.user\",\"modelType\":\"contentType\",\"kind\":\"collectionType\",\"__schema__\":{\"collectionName\":\"up_users\",\"info\":{\"name\":\"user\",\"description\":\"\",\"singularName\":\"user\",\"pluralName\":\"users\",\"displayName\":\"User\"},\"options\":{\"timestamps\":true},\"attributes\":{\"username\":{\"type\":\"string\",\"minLength\":3,\"unique\":true,\"configurable\":false,\"required\":true},\"email\":{\"type\":\"email\",\"minLength\":6,\"configurable\":false,\"required\":true},\"provider\":{\"type\":\"string\",\"configurable\":false},\"password\":{\"type\":\"password\",\"minLength\":6,\"configurable\":false,\"private\":true,\"searchable\":false},\"resetPasswordToken\":{\"type\":\"string\",\"configurable\":false,\"private\":true,\"searchable\":false},\"confirmationToken\":{\"type\":\"string\",\"configurable\":false,\"private\":true,\"searchable\":false},\"confirmed\":{\"type\":\"boolean\",\"default\":false,\"configurable\":false},\"blocked\":{\"type\":\"boolean\",\"default\":false,\"configurable\":false},\"role\":{\"type\":\"relation\",\"relation\":\"manyToOne\",\"target\":\"plugin::users-permissions.role\",\"inversedBy\":\"users\",\"configurable\":false}},\"kind\":\"collectionType\"},\"modelName\":\"user\"},\"admin::permission\":{\"collectionName\":\"admin_permissions\",\"info\":{\"name\":\"Permission\",\"description\":\"\",\"singularName\":\"permission\",\"pluralName\":\"permissions\",\"displayName\":\"Permission\"},\"options\":{\"draftAndPublish\":false},\"pluginOptions\":{\"content-manager\":{\"visible\":false},\"content-type-builder\":{\"visible\":false}},\"attributes\":{\"action\":{\"type\":\"string\",\"minLength\":1,\"configurable\":false,\"required\":true},\"actionParameters\":{\"type\":\"json\",\"configurable\":false,\"required\":false,\"default\":{}},\"subject\":{\"type\":\"string\",\"minLength\":1,\"configurable\":false,\"required\":false},\"properties\":{\"type\":\"json\",\"configurable\":false,\"required\":false,\"default\":{}},\"conditions\":{\"type\":\"json\",\"configurable\":false,\"required\":false,\"default\":[]},\"role\":{\"configurable\":false,\"type\":\"relation\",\"relation\":\"manyToOne\",\"inversedBy\":\"permissions\",\"target\":\"admin::role\"},\"createdAt\":{\"type\":\"datetime\"},\"updatedAt\":{\"type\":\"datetime\"},\"publishedAt\":{\"type\":\"datetime\",\"configurable\":false,\"writable\":true,\"visible\":false},\"createdBy\":{\"type\":\"relation\",\"relation\":\"oneToOne\",\"target\":\"admin::user\",\"configurable\":false,\"writable\":false,\"visible\":false,\"useJoinTable\":false,\"private\":true},\"updatedBy\":{\"type\":\"relation\",\"relation\":\"oneToOne\",\"target\":\"admin::user\",\"configurable\":false,\"writable\":false,\"visible\":false,\"useJoinTable\":false,\"private\":true},\"locale\":{\"writable\":true,\"private\":true,\"configurable\":false,\"visible\":false,\"type\":\"string\"},\"localizations\":{\"type\":\"relation\",\"relation\":\"oneToMany\",\"target\":\"admin::permission\",\"writable\":false,\"private\":true,\"configurable\":false,\"visible\":false,\"unstable_virtual\":true,\"joinColumn\":{\"name\":\"document_id\",\"referencedColumn\":\"document_id\",\"referencedTable\":\"admin_permissions\"}}},\"plugin\":\"admin\",\"globalId\":\"AdminPermission\",\"uid\":\"admin::permission\",\"modelType\":\"contentType\",\"kind\":\"collectionType\",\"__schema__\":{\"collectionName\":\"admin_permissions\",\"info\":{\"name\":\"Permission\",\"description\":\"\",\"singularName\":\"permission\",\"pluralName\":\"permissions\",\"displayName\":\"Permission\"},\"options\":{},\"pluginOptions\":{\"content-manager\":{\"visible\":false},\"content-type-builder\":{\"visible\":false}},\"attributes\":{\"action\":{\"type\":\"string\",\"minLength\":1,\"configurable\":false,\"required\":true},\"actionParameters\":{\"type\":\"json\",\"configurable\":false,\"required\":false,\"default\":{}},\"subject\":{\"type\":\"string\",\"minLength\":1,\"configurable\":false,\"required\":false},\"properties\":{\"type\":\"json\",\"configurable\":false,\"required\":false,\"default\":{}},\"conditions\":{\"type\":\"json\",\"configurable\":false,\"required\":false,\"default\":[]},\"role\":{\"configurable\":false,\"type\":\"relation\",\"relation\":\"manyToOne\",\"inversedBy\":\"permissions\",\"target\":\"admin::role\"}},\"kind\":\"collectionType\"},\"modelName\":\"permission\"},\"admin::user\":{\"collectionName\":\"admin_users\",\"info\":{\"name\":\"User\",\"description\":\"\",\"singularName\":\"user\",\"pluralName\":\"users\",\"displayName\":\"User\"},\"pluginOptions\":{\"content-manager\":{\"visible\":false},\"content-type-builder\":{\"visible\":false}},\"attributes\":{\"firstname\":{\"type\":\"string\",\"unique\":false,\"minLength\":1,\"configurable\":false,\"required\":false},\"lastname\":{\"type\":\"string\",\"unique\":false,\"minLength\":1,\"configurable\":false,\"required\":false},\"username\":{\"type\":\"string\",\"unique\":false,\"configurable\":false,\"required\":false},\"email\":{\"type\":\"email\",\"minLength\":6,\"configurable\":false,\"required\":true,\"unique\":true,\"private\":true},\"password\":{\"type\":\"password\",\"minLength\":6,\"configurable\":false,\"required\":false,\"private\":true,\"searchable\":false},\"resetPasswordToken\":{\"type\":\"string\",\"configurable\":false,\"private\":true,\"searchable\":false},\"registrationToken\":{\"type\":\"string\",\"configurable\":false,\"private\":true,\"searchable\":false},\"isActive\":{\"type\":\"boolean\",\"default\":false,\"configurable\":false,\"private\":true},\"roles\":{\"configurable\":false,\"private\":true,\"type\":\"relation\",\"relation\":\"manyToMany\",\"inversedBy\":\"users\",\"target\":\"admin::role\",\"collectionName\":\"strapi_users_roles\"},\"blocked\":{\"type\":\"boolean\",\"default\":false,\"configurable\":false,\"private\":true},\"preferedLanguage\":{\"type\":\"string\",\"configurable\":false,\"required\":false,\"searchable\":false},\"createdAt\":{\"type\":\"datetime\"},\"updatedAt\":{\"type\":\"datetime\"},\"publishedAt\":{\"type\":\"datetime\",\"configurable\":false,\"writable\":true,\"visible\":false},\"createdBy\":{\"type\":\"relation\",\"relation\":\"oneToOne\",\"target\":\"admin::user\",\"configurable\":false,\"writable\":false,\"visible\":false,\"useJoinTable\":false,\"private\":true},\"updatedBy\":{\"type\":\"relation\",\"relation\":\"oneToOne\",\"target\":\"admin::user\",\"configurable\":false,\"writable\":false,\"visible\":false,\"useJoinTable\":false,\"private\":true},\"locale\":{\"writable\":true,\"private\":true,\"configurable\":false,\"visible\":false,\"type\":\"string\"},\"localizations\":{\"type\":\"relation\",\"relation\":\"oneToMany\",\"target\":\"admin::user\",\"writable\":false,\"private\":true,\"configurable\":false,\"visible\":false,\"unstable_virtual\":true,\"joinColumn\":{\"name\":\"document_id\",\"referencedColumn\":\"document_id\",\"referencedTable\":\"admin_users\"}}},\"config\":{\"attributes\":{\"resetPasswordToken\":{\"hidden\":true},\"registrationToken\":{\"hidden\":true}}},\"plugin\":\"admin\",\"globalId\":\"AdminUser\",\"uid\":\"admin::user\",\"modelType\":\"contentType\",\"kind\":\"collectionType\",\"__schema__\":{\"collectionName\":\"admin_users\",\"info\":{\"name\":\"User\",\"description\":\"\",\"singularName\":\"user\",\"pluralName\":\"users\",\"displayName\":\"User\"},\"pluginOptions\":{\"content-manager\":{\"visible\":false},\"content-type-builder\":{\"visible\":false}},\"attributes\":{\"firstname\":{\"type\":\"string\",\"unique\":false,\"minLength\":1,\"configurable\":false,\"required\":false},\"lastname\":{\"type\":\"string\",\"unique\":false,\"minLength\":1,\"configurable\":false,\"required\":false},\"username\":{\"type\":\"string\",\"unique\":false,\"configurable\":false,\"required\":false},\"email\":{\"type\":\"email\",\"minLength\":6,\"configurable\":false,\"required\":true,\"unique\":true,\"private\":true},\"password\":{\"type\":\"password\",\"minLength\":6,\"configurable\":false,\"required\":false,\"private\":true,\"searchable\":false},\"resetPasswordToken\":{\"type\":\"string\",\"configurable\":false,\"private\":true,\"searchable\":false},\"registrationToken\":{\"type\":\"string\",\"configurable\":false,\"private\":true,\"searchable\":false},\"isActive\":{\"type\":\"boolean\",\"default\":false,\"configurable\":false,\"private\":true},\"roles\":{\"configurable\":false,\"private\":true,\"type\":\"relation\",\"relation\":\"manyToMany\",\"inversedBy\":\"users\",\"target\":\"admin::role\",\"collectionName\":\"strapi_users_roles\"},\"blocked\":{\"type\":\"boolean\",\"default\":false,\"configurable\":false,\"private\":true},\"preferedLanguage\":{\"type\":\"string\",\"configurable\":false,\"required\":false,\"searchable\":false}},\"kind\":\"collectionType\"},\"modelName\":\"user\",\"options\":{\"draftAndPublish\":false}},\"admin::role\":{\"collectionName\":\"admin_roles\",\"info\":{\"name\":\"Role\",\"description\":\"\",\"singularName\":\"role\",\"pluralName\":\"roles\",\"displayName\":\"Role\"},\"options\":{\"draftAndPublish\":false},\"pluginOptions\":{\"content-manager\":{\"visible\":false},\"content-type-builder\":{\"visible\":false}},\"attributes\":{\"name\":{\"type\":\"string\",\"minLength\":1,\"unique\":true,\"configurable\":false,\"required\":true},\"code\":{\"type\":\"string\",\"minLength\":1,\"unique\":true,\"configurable\":false,\"required\":true},\"description\":{\"type\":\"string\",\"configurable\":false},\"users\":{\"configurable\":false,\"type\":\"relation\",\"relation\":\"manyToMany\",\"mappedBy\":\"roles\",\"target\":\"admin::user\"},\"permissions\":{\"configurable\":false,\"type\":\"relation\",\"relation\":\"oneToMany\",\"mappedBy\":\"role\",\"target\":\"admin::permission\"},\"createdAt\":{\"type\":\"datetime\"},\"updatedAt\":{\"type\":\"datetime\"},\"publishedAt\":{\"type\":\"datetime\",\"configurable\":false,\"writable\":true,\"visible\":false},\"createdBy\":{\"type\":\"relation\",\"relation\":\"oneToOne\",\"target\":\"admin::user\",\"configurable\":false,\"writable\":false,\"visible\":false,\"useJoinTable\":false,\"private\":true},\"updatedBy\":{\"type\":\"relation\",\"relation\":\"oneToOne\",\"target\":\"admin::user\",\"configurable\":false,\"writable\":false,\"visible\":false,\"useJoinTable\":false,\"private\":true},\"locale\":{\"writable\":true,\"private\":true,\"configurable\":false,\"visible\":false,\"type\":\"string\"},\"localizations\":{\"type\":\"relation\",\"relation\":\"oneToMany\",\"target\":\"admin::role\",\"writable\":false,\"private\":true,\"configurable\":false,\"visible\":false,\"unstable_virtual\":true,\"joinColumn\":{\"name\":\"document_id\",\"referencedColumn\":\"document_id\",\"referencedTable\":\"admin_roles\"}}},\"plugin\":\"admin\",\"globalId\":\"AdminRole\",\"uid\":\"admin::role\",\"modelType\":\"contentType\",\"kind\":\"collectionType\",\"__schema__\":{\"collectionName\":\"admin_roles\",\"info\":{\"name\":\"Role\",\"description\":\"\",\"singularName\":\"role\",\"pluralName\":\"roles\",\"displayName\":\"Role\"},\"options\":{},\"pluginOptions\":{\"content-manager\":{\"visible\":false},\"content-type-builder\":{\"visible\":false}},\"attributes\":{\"name\":{\"type\":\"string\",\"minLength\":1,\"unique\":true,\"configurable\":false,\"required\":true},\"code\":{\"type\":\"string\",\"minLength\":1,\"unique\":true,\"configurable\":false,\"required\":true},\"description\":{\"type\":\"string\",\"configurable\":false},\"users\":{\"configurable\":false,\"type\":\"relation\",\"relation\":\"manyToMany\",\"mappedBy\":\"roles\",\"target\":\"admin::user\"},\"permissions\":{\"configurable\":false,\"type\":\"relation\",\"relation\":\"oneToMany\",\"mappedBy\":\"role\",\"target\":\"admin::permission\"}},\"kind\":\"collectionType\"},\"modelName\":\"role\"},\"admin::api-token\":{\"collectionName\":\"strapi_api_tokens\",\"info\":{\"name\":\"Api Token\",\"singularName\":\"api-token\",\"pluralName\":\"api-tokens\",\"displayName\":\"Api Token\",\"description\":\"\"},\"options\":{\"draftAndPublish\":false},\"pluginOptions\":{\"content-manager\":{\"visible\":false},\"content-type-builder\":{\"visible\":false}},\"attributes\":{\"name\":{\"type\":\"string\",\"minLength\":1,\"configurable\":false,\"required\":true,\"unique\":true},\"description\":{\"type\":\"string\",\"minLength\":1,\"configurable\":false,\"required\":false,\"default\":\"\"},\"type\":{\"type\":\"enumeration\",\"enum\":[\"read-only\",\"full-access\",\"custom\"],\"configurable\":false,\"required\":true,\"default\":\"read-only\"},\"accessKey\":{\"type\":\"string\",\"minLength\":1,\"configurable\":false,\"required\":true,\"searchable\":false},\"lastUsedAt\":{\"type\":\"datetime\",\"configurable\":false,\"required\":false},\"permissions\":{\"type\":\"relation\",\"target\":\"admin::api-token-permission\",\"relation\":\"oneToMany\",\"mappedBy\":\"token\",\"configurable\":false,\"required\":false},\"expiresAt\":{\"type\":\"datetime\",\"configurable\":false,\"required\":false},\"lifespan\":{\"type\":\"biginteger\",\"configurable\":false,\"required\":false},\"createdAt\":{\"type\":\"datetime\"},\"updatedAt\":{\"type\":\"datetime\"},\"publishedAt\":{\"type\":\"datetime\",\"configurable\":false,\"writable\":true,\"visible\":false},\"createdBy\":{\"type\":\"relation\",\"relation\":\"oneToOne\",\"target\":\"admin::user\",\"configurable\":false,\"writable\":false,\"visible\":false,\"useJoinTable\":false,\"private\":true},\"updatedBy\":{\"type\":\"relation\",\"relation\":\"oneToOne\",\"target\":\"admin::user\",\"configurable\":false,\"writable\":false,\"visible\":false,\"useJoinTable\":false,\"private\":true},\"locale\":{\"writable\":true,\"private\":true,\"configurable\":false,\"visible\":false,\"type\":\"string\"},\"localizations\":{\"type\":\"relation\",\"relation\":\"oneToMany\",\"target\":\"admin::api-token\",\"writable\":false,\"private\":true,\"configurable\":false,\"visible\":false,\"unstable_virtual\":true,\"joinColumn\":{\"name\":\"document_id\",\"referencedColumn\":\"document_id\",\"referencedTable\":\"strapi_api_tokens\"}}},\"plugin\":\"admin\",\"globalId\":\"AdminApiToken\",\"uid\":\"admin::api-token\",\"modelType\":\"contentType\",\"kind\":\"collectionType\",\"__schema__\":{\"collectionName\":\"strapi_api_tokens\",\"info\":{\"name\":\"Api Token\",\"singularName\":\"api-token\",\"pluralName\":\"api-tokens\",\"displayName\":\"Api Token\",\"description\":\"\"},\"options\":{},\"pluginOptions\":{\"content-manager\":{\"visible\":false},\"content-type-builder\":{\"visible\":false}},\"attributes\":{\"name\":{\"type\":\"string\",\"minLength\":1,\"configurable\":false,\"required\":true,\"unique\":true},\"description\":{\"type\":\"string\",\"minLength\":1,\"configurable\":false,\"required\":false,\"default\":\"\"},\"type\":{\"type\":\"enumeration\",\"enum\":[\"read-only\",\"full-access\",\"custom\"],\"configurable\":false,\"required\":true,\"default\":\"read-only\"},\"accessKey\":{\"type\":\"string\",\"minLength\":1,\"configurable\":false,\"required\":true,\"searchable\":false},\"lastUsedAt\":{\"type\":\"datetime\",\"configurable\":false,\"required\":false},\"permissions\":{\"type\":\"relation\",\"target\":\"admin::api-token-permission\",\"relation\":\"oneToMany\",\"mappedBy\":\"token\",\"configurable\":false,\"required\":false},\"expiresAt\":{\"type\":\"datetime\",\"configurable\":false,\"required\":false},\"lifespan\":{\"type\":\"biginteger\",\"configurable\":false,\"required\":false}},\"kind\":\"collectionType\"},\"modelName\":\"api-token\"},\"admin::api-token-permission\":{\"collectionName\":\"strapi_api_token_permissions\",\"info\":{\"name\":\"API Token Permission\",\"description\":\"\",\"singularName\":\"api-token-permission\",\"pluralName\":\"api-token-permissions\",\"displayName\":\"API Token Permission\"},\"options\":{\"draftAndPublish\":false},\"pluginOptions\":{\"content-manager\":{\"visible\":false},\"content-type-builder\":{\"visible\":false}},\"attributes\":{\"action\":{\"type\":\"string\",\"minLength\":1,\"configurable\":false,\"required\":true},\"token\":{\"configurable\":false,\"type\":\"relation\",\"relation\":\"manyToOne\",\"inversedBy\":\"permissions\",\"target\":\"admin::api-token\"},\"createdAt\":{\"type\":\"datetime\"},\"updatedAt\":{\"type\":\"datetime\"},\"publishedAt\":{\"type\":\"datetime\",\"configurable\":false,\"writable\":true,\"visible\":false},\"createdBy\":{\"type\":\"relation\",\"relation\":\"oneToOne\",\"target\":\"admin::user\",\"configurable\":false,\"writable\":false,\"visible\":false,\"useJoinTable\":false,\"private\":true},\"updatedBy\":{\"type\":\"relation\",\"relation\":\"oneToOne\",\"target\":\"admin::user\",\"configurable\":false,\"writable\":false,\"visible\":false,\"useJoinTable\":false,\"private\":true},\"locale\":{\"writable\":true,\"private\":true,\"configurable\":false,\"visible\":false,\"type\":\"string\"},\"localizations\":{\"type\":\"relation\",\"relation\":\"oneToMany\",\"target\":\"admin::api-token-permission\",\"writable\":false,\"private\":true,\"configurable\":false,\"visible\":false,\"unstable_virtual\":true,\"joinColumn\":{\"name\":\"document_id\",\"referencedColumn\":\"document_id\",\"referencedTable\":\"strapi_api_token_permissions\"}}},\"plugin\":\"admin\",\"globalId\":\"AdminApiTokenPermission\",\"uid\":\"admin::api-token-permission\",\"modelType\":\"contentType\",\"kind\":\"collectionType\",\"__schema__\":{\"collectionName\":\"strapi_api_token_permissions\",\"info\":{\"name\":\"API Token Permission\",\"description\":\"\",\"singularName\":\"api-token-permission\",\"pluralName\":\"api-token-permissions\",\"displayName\":\"API Token Permission\"},\"options\":{},\"pluginOptions\":{\"content-manager\":{\"visible\":false},\"content-type-builder\":{\"visible\":false}},\"attributes\":{\"action\":{\"type\":\"string\",\"minLength\":1,\"configurable\":false,\"required\":true},\"token\":{\"configurable\":false,\"type\":\"relation\",\"relation\":\"manyToOne\",\"inversedBy\":\"permissions\",\"target\":\"admin::api-token\"}},\"kind\":\"collectionType\"},\"modelName\":\"api-token-permission\"},\"admin::transfer-token\":{\"collectionName\":\"strapi_transfer_tokens\",\"info\":{\"name\":\"Transfer Token\",\"singularName\":\"transfer-token\",\"pluralName\":\"transfer-tokens\",\"displayName\":\"Transfer Token\",\"description\":\"\"},\"options\":{\"draftAndPublish\":false},\"pluginOptions\":{\"content-manager\":{\"visible\":false},\"content-type-builder\":{\"visible\":false}},\"attributes\":{\"name\":{\"type\":\"string\",\"minLength\":1,\"configurable\":false,\"required\":true,\"unique\":true},\"description\":{\"type\":\"string\",\"minLength\":1,\"configurable\":false,\"required\":false,\"default\":\"\"},\"accessKey\":{\"type\":\"string\",\"minLength\":1,\"configurable\":false,\"required\":true},\"lastUsedAt\":{\"type\":\"datetime\",\"configurable\":false,\"required\":false},\"permissions\":{\"type\":\"relation\",\"target\":\"admin::transfer-token-permission\",\"relation\":\"oneToMany\",\"mappedBy\":\"token\",\"configurable\":false,\"required\":false},\"expiresAt\":{\"type\":\"datetime\",\"configurable\":false,\"required\":false},\"lifespan\":{\"type\":\"biginteger\",\"configurable\":false,\"required\":false},\"createdAt\":{\"type\":\"datetime\"},\"updatedAt\":{\"type\":\"datetime\"},\"publishedAt\":{\"type\":\"datetime\",\"configurable\":false,\"writable\":true,\"visible\":false},\"createdBy\":{\"type\":\"relation\",\"relation\":\"oneToOne\",\"target\":\"admin::user\",\"configurable\":false,\"writable\":false,\"visible\":false,\"useJoinTable\":false,\"private\":true},\"updatedBy\":{\"type\":\"relation\",\"relation\":\"oneToOne\",\"target\":\"admin::user\",\"configurable\":false,\"writable\":false,\"visible\":false,\"useJoinTable\":false,\"private\":true},\"locale\":{\"writable\":true,\"private\":true,\"configurable\":false,\"visible\":false,\"type\":\"string\"},\"localizations\":{\"type\":\"relation\",\"relation\":\"oneToMany\",\"target\":\"admin::transfer-token\",\"writable\":false,\"private\":true,\"configurable\":false,\"visible\":false,\"unstable_virtual\":true,\"joinColumn\":{\"name\":\"document_id\",\"referencedColumn\":\"document_id\",\"referencedTable\":\"strapi_transfer_tokens\"}}},\"plugin\":\"admin\",\"globalId\":\"AdminTransferToken\",\"uid\":\"admin::transfer-token\",\"modelType\":\"contentType\",\"kind\":\"collectionType\",\"__schema__\":{\"collectionName\":\"strapi_transfer_tokens\",\"info\":{\"name\":\"Transfer Token\",\"singularName\":\"transfer-token\",\"pluralName\":\"transfer-tokens\",\"displayName\":\"Transfer Token\",\"description\":\"\"},\"options\":{},\"pluginOptions\":{\"content-manager\":{\"visible\":false},\"content-type-builder\":{\"visible\":false}},\"attributes\":{\"name\":{\"type\":\"string\",\"minLength\":1,\"configurable\":false,\"required\":true,\"unique\":true},\"description\":{\"type\":\"string\",\"minLength\":1,\"configurable\":false,\"required\":false,\"default\":\"\"},\"accessKey\":{\"type\":\"string\",\"minLength\":1,\"configurable\":false,\"required\":true},\"lastUsedAt\":{\"type\":\"datetime\",\"configurable\":false,\"required\":false},\"permissions\":{\"type\":\"relation\",\"target\":\"admin::transfer-token-permission\",\"relation\":\"oneToMany\",\"mappedBy\":\"token\",\"configurable\":false,\"required\":false},\"expiresAt\":{\"type\":\"datetime\",\"configurable\":false,\"required\":false},\"lifespan\":{\"type\":\"biginteger\",\"configurable\":false,\"required\":false}},\"kind\":\"collectionType\"},\"modelName\":\"transfer-token\"},\"admin::transfer-token-permission\":{\"collectionName\":\"strapi_transfer_token_permissions\",\"info\":{\"name\":\"Transfer Token Permission\",\"description\":\"\",\"singularName\":\"transfer-token-permission\",\"pluralName\":\"transfer-token-permissions\",\"displayName\":\"Transfer Token Permission\"},\"options\":{\"draftAndPublish\":false},\"pluginOptions\":{\"content-manager\":{\"visible\":false},\"content-type-builder\":{\"visible\":false}},\"attributes\":{\"action\":{\"type\":\"string\",\"minLength\":1,\"configurable\":false,\"required\":true},\"token\":{\"configurable\":false,\"type\":\"relation\",\"relation\":\"manyToOne\",\"inversedBy\":\"permissions\",\"target\":\"admin::transfer-token\"},\"createdAt\":{\"type\":\"datetime\"},\"updatedAt\":{\"type\":\"datetime\"},\"publishedAt\":{\"type\":\"datetime\",\"configurable\":false,\"writable\":true,\"visible\":false},\"createdBy\":{\"type\":\"relation\",\"relation\":\"oneToOne\",\"target\":\"admin::user\",\"configurable\":false,\"writable\":false,\"visible\":false,\"useJoinTable\":false,\"private\":true},\"updatedBy\":{\"type\":\"relation\",\"relation\":\"oneToOne\",\"target\":\"admin::user\",\"configurable\":false,\"writable\":false,\"visible\":false,\"useJoinTable\":false,\"private\":true},\"locale\":{\"writable\":true,\"private\":true,\"configurable\":false,\"visible\":false,\"type\":\"string\"},\"localizations\":{\"type\":\"relation\",\"relation\":\"oneToMany\",\"target\":\"admin::transfer-token-permission\",\"writable\":false,\"private\":true,\"configurable\":false,\"visible\":false,\"unstable_virtual\":true,\"joinColumn\":{\"name\":\"document_id\",\"referencedColumn\":\"document_id\",\"referencedTable\":\"strapi_transfer_token_permissions\"}}},\"plugin\":\"admin\",\"globalId\":\"AdminTransferTokenPermission\",\"uid\":\"admin::transfer-token-permission\",\"modelType\":\"contentType\",\"kind\":\"collectionType\",\"__schema__\":{\"collectionName\":\"strapi_transfer_token_permissions\",\"info\":{\"name\":\"Transfer Token Permission\",\"description\":\"\",\"singularName\":\"transfer-token-permission\",\"pluralName\":\"transfer-token-permissions\",\"displayName\":\"Transfer Token Permission\"},\"options\":{},\"pluginOptions\":{\"content-manager\":{\"visible\":false},\"content-type-builder\":{\"visible\":false}},\"attributes\":{\"action\":{\"type\":\"string\",\"minLength\":1,\"configurable\":false,\"required\":true},\"token\":{\"configurable\":false,\"type\":\"relation\",\"relation\":\"manyToOne\",\"inversedBy\":\"permissions\",\"target\":\"admin::transfer-token\"}},\"kind\":\"collectionType\"},\"modelName\":\"transfer-token-permission\"}}','object',NULL,NULL),(2,'plugin_content_manager_configuration_content_types::plugin::i18n.locale','{\"settings\":{\"bulkable\":true,\"filterable\":true,\"searchable\":true,\"pageSize\":10,\"mainField\":\"name\",\"defaultSortBy\":\"name\",\"defaultSortOrder\":\"ASC\"},\"metadatas\":{\"id\":{\"edit\":{},\"list\":{\"label\":\"id\",\"searchable\":true,\"sortable\":true}},\"name\":{\"edit\":{\"label\":\"name\",\"description\":\"\",\"placeholder\":\"\",\"visible\":true,\"editable\":true},\"list\":{\"label\":\"name\",\"searchable\":true,\"sortable\":true}},\"code\":{\"edit\":{\"label\":\"code\",\"description\":\"\",\"placeholder\":\"\",\"visible\":true,\"editable\":true},\"list\":{\"label\":\"code\",\"searchable\":true,\"sortable\":true}},\"createdAt\":{\"edit\":{\"label\":\"createdAt\",\"description\":\"\",\"placeholder\":\"\",\"visible\":false,\"editable\":true},\"list\":{\"label\":\"createdAt\",\"searchable\":true,\"sortable\":true}},\"updatedAt\":{\"edit\":{\"label\":\"updatedAt\",\"description\":\"\",\"placeholder\":\"\",\"visible\":false,\"editable\":true},\"list\":{\"label\":\"updatedAt\",\"searchable\":true,\"sortable\":true}},\"createdBy\":{\"edit\":{\"label\":\"createdBy\",\"description\":\"\",\"placeholder\":\"\",\"visible\":false,\"editable\":true,\"mainField\":\"firstname\"},\"list\":{\"label\":\"createdBy\",\"searchable\":true,\"sortable\":true}},\"updatedBy\":{\"edit\":{\"label\":\"updatedBy\",\"description\":\"\",\"placeholder\":\"\",\"visible\":false,\"editable\":true,\"mainField\":\"firstname\"},\"list\":{\"label\":\"updatedBy\",\"searchable\":true,\"sortable\":true}}},\"layouts\":{\"list\":[\"id\",\"name\",\"code\",\"createdAt\"],\"edit\":[[{\"name\":\"name\",\"size\":6},{\"name\":\"code\",\"size\":6}]]},\"uid\":\"plugin::i18n.locale\"}','object',NULL,NULL),(3,'plugin_content_manager_configuration_content_types::plugin::content-releases.release','{\"settings\":{\"bulkable\":true,\"filterable\":true,\"searchable\":true,\"pageSize\":10,\"mainField\":\"name\",\"defaultSortBy\":\"name\",\"defaultSortOrder\":\"ASC\"},\"metadatas\":{\"id\":{\"edit\":{},\"list\":{\"label\":\"id\",\"searchable\":true,\"sortable\":true}},\"name\":{\"edit\":{\"label\":\"name\",\"description\":\"\",\"placeholder\":\"\",\"visible\":true,\"editable\":true},\"list\":{\"label\":\"name\",\"searchable\":true,\"sortable\":true}},\"releasedAt\":{\"edit\":{\"label\":\"releasedAt\",\"description\":\"\",\"placeholder\":\"\",\"visible\":true,\"editable\":true},\"list\":{\"label\":\"releasedAt\",\"searchable\":true,\"sortable\":true}},\"scheduledAt\":{\"edit\":{\"label\":\"scheduledAt\",\"description\":\"\",\"placeholder\":\"\",\"visible\":true,\"editable\":true},\"list\":{\"label\":\"scheduledAt\",\"searchable\":true,\"sortable\":true}},\"timezone\":{\"edit\":{\"label\":\"timezone\",\"description\":\"\",\"placeholder\":\"\",\"visible\":true,\"editable\":true},\"list\":{\"label\":\"timezone\",\"searchable\":true,\"sortable\":true}},\"status\":{\"edit\":{\"label\":\"status\",\"description\":\"\",\"placeholder\":\"\",\"visible\":true,\"editable\":true},\"list\":{\"label\":\"status\",\"searchable\":true,\"sortable\":true}},\"actions\":{\"edit\":{\"label\":\"actions\",\"description\":\"\",\"placeholder\":\"\",\"visible\":true,\"editable\":true,\"mainField\":\"contentType\"},\"list\":{\"label\":\"actions\",\"searchable\":false,\"sortable\":false}},\"createdAt\":{\"edit\":{\"label\":\"createdAt\",\"description\":\"\",\"placeholder\":\"\",\"visible\":false,\"editable\":true},\"list\":{\"label\":\"createdAt\",\"searchable\":true,\"sortable\":true}},\"updatedAt\":{\"edit\":{\"label\":\"updatedAt\",\"description\":\"\",\"placeholder\":\"\",\"visible\":false,\"editable\":true},\"list\":{\"label\":\"updatedAt\",\"searchable\":true,\"sortable\":true}},\"createdBy\":{\"edit\":{\"label\":\"createdBy\",\"description\":\"\",\"placeholder\":\"\",\"visible\":false,\"editable\":true,\"mainField\":\"firstname\"},\"list\":{\"label\":\"createdBy\",\"searchable\":true,\"sortable\":true}},\"updatedBy\":{\"edit\":{\"label\":\"updatedBy\",\"description\":\"\",\"placeholder\":\"\",\"visible\":false,\"editable\":true,\"mainField\":\"firstname\"},\"list\":{\"label\":\"updatedBy\",\"searchable\":true,\"sortable\":true}}},\"layouts\":{\"list\":[\"id\",\"name\",\"releasedAt\",\"scheduledAt\"],\"edit\":[[{\"name\":\"name\",\"size\":6},{\"name\":\"releasedAt\",\"size\":6}],[{\"name\":\"scheduledAt\",\"size\":6},{\"name\":\"timezone\",\"size\":6}],[{\"name\":\"status\",\"size\":6},{\"name\":\"actions\",\"size\":6}]]},\"uid\":\"plugin::content-releases.release\"}','object',NULL,NULL),(4,'plugin_content_manager_configuration_content_types::plugin::content-releases.release-action','{\"settings\":{\"bulkable\":true,\"filterable\":true,\"searchable\":true,\"pageSize\":10,\"mainField\":\"contentType\",\"defaultSortBy\":\"contentType\",\"defaultSortOrder\":\"ASC\"},\"metadatas\":{\"id\":{\"edit\":{},\"list\":{\"label\":\"id\",\"searchable\":true,\"sortable\":true}},\"type\":{\"edit\":{\"label\":\"type\",\"description\":\"\",\"placeholder\":\"\",\"visible\":true,\"editable\":true},\"list\":{\"label\":\"type\",\"searchable\":true,\"sortable\":true}},\"contentType\":{\"edit\":{\"label\":\"contentType\",\"description\":\"\",\"placeholder\":\"\",\"visible\":true,\"editable\":true},\"list\":{\"label\":\"contentType\",\"searchable\":true,\"sortable\":true}},\"entryDocumentId\":{\"edit\":{\"label\":\"entryDocumentId\",\"description\":\"\",\"placeholder\":\"\",\"visible\":true,\"editable\":true},\"list\":{\"label\":\"entryDocumentId\",\"searchable\":true,\"sortable\":true}},\"release\":{\"edit\":{\"label\":\"release\",\"description\":\"\",\"placeholder\":\"\",\"visible\":true,\"editable\":true,\"mainField\":\"name\"},\"list\":{\"label\":\"release\",\"searchable\":true,\"sortable\":true}},\"isEntryValid\":{\"edit\":{\"label\":\"isEntryValid\",\"description\":\"\",\"placeholder\":\"\",\"visible\":true,\"editable\":true},\"list\":{\"label\":\"isEntryValid\",\"searchable\":true,\"sortable\":true}},\"createdAt\":{\"edit\":{\"label\":\"createdAt\",\"description\":\"\",\"placeholder\":\"\",\"visible\":false,\"editable\":true},\"list\":{\"label\":\"createdAt\",\"searchable\":true,\"sortable\":true}},\"updatedAt\":{\"edit\":{\"label\":\"updatedAt\",\"description\":\"\",\"placeholder\":\"\",\"visible\":false,\"editable\":true},\"list\":{\"label\":\"updatedAt\",\"searchable\":true,\"sortable\":true}},\"createdBy\":{\"edit\":{\"label\":\"createdBy\",\"description\":\"\",\"placeholder\":\"\",\"visible\":false,\"editable\":true,\"mainField\":\"firstname\"},\"list\":{\"label\":\"createdBy\",\"searchable\":true,\"sortable\":true}},\"updatedBy\":{\"edit\":{\"label\":\"updatedBy\",\"description\":\"\",\"placeholder\":\"\",\"visible\":false,\"editable\":true,\"mainField\":\"firstname\"},\"list\":{\"label\":\"updatedBy\",\"searchable\":true,\"sortable\":true}}},\"layouts\":{\"list\":[\"id\",\"type\",\"contentType\",\"entryDocumentId\"],\"edit\":[[{\"name\":\"type\",\"size\":6},{\"name\":\"contentType\",\"size\":6}],[{\"name\":\"entryDocumentId\",\"size\":6},{\"name\":\"release\",\"size\":6}],[{\"name\":\"isEntryValid\",\"size\":4}]]},\"uid\":\"plugin::content-releases.release-action\"}','object',NULL,NULL),(5,'plugin_content_manager_configuration_content_types::plugin::review-workflows.workflow','{\"settings\":{\"bulkable\":true,\"filterable\":true,\"searchable\":true,\"pageSize\":10,\"mainField\":\"name\",\"defaultSortBy\":\"name\",\"defaultSortOrder\":\"ASC\"},\"metadatas\":{\"id\":{\"edit\":{},\"list\":{\"label\":\"id\",\"searchable\":true,\"sortable\":true}},\"name\":{\"edit\":{\"label\":\"name\",\"description\":\"\",\"placeholder\":\"\",\"visible\":true,\"editable\":true},\"list\":{\"label\":\"name\",\"searchable\":true,\"sortable\":true}},\"stages\":{\"edit\":{\"label\":\"stages\",\"description\":\"\",\"placeholder\":\"\",\"visible\":true,\"editable\":true,\"mainField\":\"name\"},\"list\":{\"label\":\"stages\",\"searchable\":false,\"sortable\":false}},\"stageRequiredToPublish\":{\"edit\":{\"label\":\"stageRequiredToPublish\",\"description\":\"\",\"placeholder\":\"\",\"visible\":true,\"editable\":true,\"mainField\":\"name\"},\"list\":{\"label\":\"stageRequiredToPublish\",\"searchable\":true,\"sortable\":true}},\"contentTypes\":{\"edit\":{\"label\":\"contentTypes\",\"description\":\"\",\"placeholder\":\"\",\"visible\":true,\"editable\":true},\"list\":{\"label\":\"contentTypes\",\"searchable\":false,\"sortable\":false}},\"createdAt\":{\"edit\":{\"label\":\"createdAt\",\"description\":\"\",\"placeholder\":\"\",\"visible\":false,\"editable\":true},\"list\":{\"label\":\"createdAt\",\"searchable\":true,\"sortable\":true}},\"updatedAt\":{\"edit\":{\"label\":\"updatedAt\",\"description\":\"\",\"placeholder\":\"\",\"visible\":false,\"editable\":true},\"list\":{\"label\":\"updatedAt\",\"searchable\":true,\"sortable\":true}},\"createdBy\":{\"edit\":{\"label\":\"createdBy\",\"description\":\"\",\"placeholder\":\"\",\"visible\":false,\"editable\":true,\"mainField\":\"firstname\"},\"list\":{\"label\":\"createdBy\",\"searchable\":true,\"sortable\":true}},\"updatedBy\":{\"edit\":{\"label\":\"updatedBy\",\"description\":\"\",\"placeholder\":\"\",\"visible\":false,\"editable\":true,\"mainField\":\"firstname\"},\"list\":{\"label\":\"updatedBy\",\"searchable\":true,\"sortable\":true}}},\"layouts\":{\"list\":[\"id\",\"name\",\"stages\",\"stageRequiredToPublish\"],\"edit\":[[{\"name\":\"name\",\"size\":6},{\"name\":\"stages\",\"size\":6}],[{\"name\":\"stageRequiredToPublish\",\"size\":6}],[{\"name\":\"contentTypes\",\"size\":12}]]},\"uid\":\"plugin::review-workflows.workflow\"}','object',NULL,NULL),(6,'plugin_content_manager_configuration_content_types::plugin::review-workflows.workflow-stage','{\"settings\":{\"bulkable\":true,\"filterable\":true,\"searchable\":true,\"pageSize\":10,\"mainField\":\"name\",\"defaultSortBy\":\"name\",\"defaultSortOrder\":\"ASC\"},\"metadatas\":{\"id\":{\"edit\":{},\"list\":{\"label\":\"id\",\"searchable\":true,\"sortable\":true}},\"name\":{\"edit\":{\"label\":\"name\",\"description\":\"\",\"placeholder\":\"\",\"visible\":true,\"editable\":true},\"list\":{\"label\":\"name\",\"searchable\":true,\"sortable\":true}},\"color\":{\"edit\":{\"label\":\"color\",\"description\":\"\",\"placeholder\":\"\",\"visible\":true,\"editable\":true},\"list\":{\"label\":\"color\",\"searchable\":true,\"sortable\":true}},\"workflow\":{\"edit\":{\"label\":\"workflow\",\"description\":\"\",\"placeholder\":\"\",\"visible\":true,\"editable\":true,\"mainField\":\"name\"},\"list\":{\"label\":\"workflow\",\"searchable\":true,\"sortable\":true}},\"permissions\":{\"edit\":{\"label\":\"permissions\",\"description\":\"\",\"placeholder\":\"\",\"visible\":true,\"editable\":true,\"mainField\":\"action\"},\"list\":{\"label\":\"permissions\",\"searchable\":false,\"sortable\":false}},\"createdAt\":{\"edit\":{\"label\":\"createdAt\",\"description\":\"\",\"placeholder\":\"\",\"visible\":false,\"editable\":true},\"list\":{\"label\":\"createdAt\",\"searchable\":true,\"sortable\":true}},\"updatedAt\":{\"edit\":{\"label\":\"updatedAt\",\"description\":\"\",\"placeholder\":\"\",\"visible\":false,\"editable\":true},\"list\":{\"label\":\"updatedAt\",\"searchable\":true,\"sortable\":true}},\"createdBy\":{\"edit\":{\"label\":\"createdBy\",\"description\":\"\",\"placeholder\":\"\",\"visible\":false,\"editable\":true,\"mainField\":\"firstname\"},\"list\":{\"label\":\"createdBy\",\"searchable\":true,\"sortable\":true}},\"updatedBy\":{\"edit\":{\"label\":\"updatedBy\",\"description\":\"\",\"placeholder\":\"\",\"visible\":false,\"editable\":true,\"mainField\":\"firstname\"},\"list\":{\"label\":\"updatedBy\",\"searchable\":true,\"sortable\":true}}},\"layouts\":{\"list\":[\"id\",\"name\",\"color\",\"workflow\"],\"edit\":[[{\"name\":\"name\",\"size\":6},{\"name\":\"color\",\"size\":6}],[{\"name\":\"workflow\",\"size\":6},{\"name\":\"permissions\",\"size\":6}]]},\"uid\":\"plugin::review-workflows.workflow-stage\"}','object',NULL,NULL),(7,'plugin_content_manager_configuration_content_types::plugin::users-permissions.permission','{\"settings\":{\"bulkable\":true,\"filterable\":true,\"searchable\":true,\"pageSize\":10,\"mainField\":\"action\",\"defaultSortBy\":\"action\",\"defaultSortOrder\":\"ASC\"},\"metadatas\":{\"id\":{\"edit\":{},\"list\":{\"label\":\"id\",\"searchable\":true,\"sortable\":true}},\"action\":{\"edit\":{\"label\":\"action\",\"description\":\"\",\"placeholder\":\"\",\"visible\":true,\"editable\":true},\"list\":{\"label\":\"action\",\"searchable\":true,\"sortable\":true}},\"role\":{\"edit\":{\"label\":\"role\",\"description\":\"\",\"placeholder\":\"\",\"visible\":true,\"editable\":true,\"mainField\":\"name\"},\"list\":{\"label\":\"role\",\"searchable\":true,\"sortable\":true}},\"createdAt\":{\"edit\":{\"label\":\"createdAt\",\"description\":\"\",\"placeholder\":\"\",\"visible\":false,\"editable\":true},\"list\":{\"label\":\"createdAt\",\"searchable\":true,\"sortable\":true}},\"updatedAt\":{\"edit\":{\"label\":\"updatedAt\",\"description\":\"\",\"placeholder\":\"\",\"visible\":false,\"editable\":true},\"list\":{\"label\":\"updatedAt\",\"searchable\":true,\"sortable\":true}},\"createdBy\":{\"edit\":{\"label\":\"createdBy\",\"description\":\"\",\"placeholder\":\"\",\"visible\":false,\"editable\":true,\"mainField\":\"firstname\"},\"list\":{\"label\":\"createdBy\",\"searchable\":true,\"sortable\":true}},\"updatedBy\":{\"edit\":{\"label\":\"updatedBy\",\"description\":\"\",\"placeholder\":\"\",\"visible\":false,\"editable\":true,\"mainField\":\"firstname\"},\"list\":{\"label\":\"updatedBy\",\"searchable\":true,\"sortable\":true}}},\"layouts\":{\"list\":[\"id\",\"action\",\"role\",\"createdAt\"],\"edit\":[[{\"name\":\"action\",\"size\":6},{\"name\":\"role\",\"size\":6}]]},\"uid\":\"plugin::users-permissions.permission\"}','object',NULL,NULL),(8,'plugin_content_manager_configuration_content_types::plugin::upload.folder','{\"settings\":{\"bulkable\":true,\"filterable\":true,\"searchable\":true,\"pageSize\":10,\"mainField\":\"name\",\"defaultSortBy\":\"name\",\"defaultSortOrder\":\"ASC\"},\"metadatas\":{\"id\":{\"edit\":{},\"list\":{\"label\":\"id\",\"searchable\":true,\"sortable\":true}},\"name\":{\"edit\":{\"label\":\"name\",\"description\":\"\",\"placeholder\":\"\",\"visible\":true,\"editable\":true},\"list\":{\"label\":\"name\",\"searchable\":true,\"sortable\":true}},\"pathId\":{\"edit\":{\"label\":\"pathId\",\"description\":\"\",\"placeholder\":\"\",\"visible\":true,\"editable\":true},\"list\":{\"label\":\"pathId\",\"searchable\":true,\"sortable\":true}},\"parent\":{\"edit\":{\"label\":\"parent\",\"description\":\"\",\"placeholder\":\"\",\"visible\":true,\"editable\":true,\"mainField\":\"name\"},\"list\":{\"label\":\"parent\",\"searchable\":true,\"sortable\":true}},\"children\":{\"edit\":{\"label\":\"children\",\"description\":\"\",\"placeholder\":\"\",\"visible\":true,\"editable\":true,\"mainField\":\"name\"},\"list\":{\"label\":\"children\",\"searchable\":false,\"sortable\":false}},\"files\":{\"edit\":{\"label\":\"files\",\"description\":\"\",\"placeholder\":\"\",\"visible\":true,\"editable\":true,\"mainField\":\"name\"},\"list\":{\"label\":\"files\",\"searchable\":false,\"sortable\":false}},\"path\":{\"edit\":{\"label\":\"path\",\"description\":\"\",\"placeholder\":\"\",\"visible\":true,\"editable\":true},\"list\":{\"label\":\"path\",\"searchable\":true,\"sortable\":true}},\"createdAt\":{\"edit\":{\"label\":\"createdAt\",\"description\":\"\",\"placeholder\":\"\",\"visible\":false,\"editable\":true},\"list\":{\"label\":\"createdAt\",\"searchable\":true,\"sortable\":true}},\"updatedAt\":{\"edit\":{\"label\":\"updatedAt\",\"description\":\"\",\"placeholder\":\"\",\"visible\":false,\"editable\":true},\"list\":{\"label\":\"updatedAt\",\"searchable\":true,\"sortable\":true}},\"createdBy\":{\"edit\":{\"label\":\"createdBy\",\"description\":\"\",\"placeholder\":\"\",\"visible\":false,\"editable\":true,\"mainField\":\"firstname\"},\"list\":{\"label\":\"createdBy\",\"searchable\":true,\"sortable\":true}},\"updatedBy\":{\"edit\":{\"label\":\"updatedBy\",\"description\":\"\",\"placeholder\":\"\",\"visible\":false,\"editable\":true,\"mainField\":\"firstname\"},\"list\":{\"label\":\"updatedBy\",\"searchable\":true,\"sortable\":true}}},\"layouts\":{\"list\":[\"id\",\"name\",\"pathId\",\"parent\"],\"edit\":[[{\"name\":\"name\",\"size\":6},{\"name\":\"pathId\",\"size\":4}],[{\"name\":\"parent\",\"size\":6},{\"name\":\"children\",\"size\":6}],[{\"name\":\"files\",\"size\":6},{\"name\":\"path\",\"size\":6}]]},\"uid\":\"plugin::upload.folder\"}','object',NULL,NULL),(9,'plugin_content_manager_configuration_content_types::plugin::upload.file','{\"settings\":{\"bulkable\":true,\"filterable\":true,\"searchable\":true,\"pageSize\":10,\"mainField\":\"name\",\"defaultSortBy\":\"name\",\"defaultSortOrder\":\"ASC\"},\"metadatas\":{\"id\":{\"edit\":{},\"list\":{\"label\":\"id\",\"searchable\":true,\"sortable\":true}},\"name\":{\"edit\":{\"label\":\"name\",\"description\":\"\",\"placeholder\":\"\",\"visible\":true,\"editable\":true},\"list\":{\"label\":\"name\",\"searchable\":true,\"sortable\":true}},\"alternativeText\":{\"edit\":{\"label\":\"alternativeText\",\"description\":\"\",\"placeholder\":\"\",\"visible\":true,\"editable\":true},\"list\":{\"label\":\"alternativeText\",\"searchable\":true,\"sortable\":true}},\"caption\":{\"edit\":{\"label\":\"caption\",\"description\":\"\",\"placeholder\":\"\",\"visible\":true,\"editable\":true},\"list\":{\"label\":\"caption\",\"searchable\":true,\"sortable\":true}},\"width\":{\"edit\":{\"label\":\"width\",\"description\":\"\",\"placeholder\":\"\",\"visible\":true,\"editable\":true},\"list\":{\"label\":\"width\",\"searchable\":true,\"sortable\":true}},\"height\":{\"edit\":{\"label\":\"height\",\"description\":\"\",\"placeholder\":\"\",\"visible\":true,\"editable\":true},\"list\":{\"label\":\"height\",\"searchable\":true,\"sortable\":true}},\"formats\":{\"edit\":{\"label\":\"formats\",\"description\":\"\",\"placeholder\":\"\",\"visible\":true,\"editable\":true},\"list\":{\"label\":\"formats\",\"searchable\":false,\"sortable\":false}},\"hash\":{\"edit\":{\"label\":\"hash\",\"description\":\"\",\"placeholder\":\"\",\"visible\":true,\"editable\":true},\"list\":{\"label\":\"hash\",\"searchable\":true,\"sortable\":true}},\"ext\":{\"edit\":{\"label\":\"ext\",\"description\":\"\",\"placeholder\":\"\",\"visible\":true,\"editable\":true},\"list\":{\"label\":\"ext\",\"searchable\":true,\"sortable\":true}},\"mime\":{\"edit\":{\"label\":\"mime\",\"description\":\"\",\"placeholder\":\"\",\"visible\":true,\"editable\":true},\"list\":{\"label\":\"mime\",\"searchable\":true,\"sortable\":true}},\"size\":{\"edit\":{\"label\":\"size\",\"description\":\"\",\"placeholder\":\"\",\"visible\":true,\"editable\":true},\"list\":{\"label\":\"size\",\"searchable\":true,\"sortable\":true}},\"url\":{\"edit\":{\"label\":\"url\",\"description\":\"\",\"placeholder\":\"\",\"visible\":true,\"editable\":true},\"list\":{\"label\":\"url\",\"searchable\":true,\"sortable\":true}},\"previewUrl\":{\"edit\":{\"label\":\"previewUrl\",\"description\":\"\",\"placeholder\":\"\",\"visible\":true,\"editable\":true},\"list\":{\"label\":\"previewUrl\",\"searchable\":true,\"sortable\":true}},\"provider\":{\"edit\":{\"label\":\"provider\",\"description\":\"\",\"placeholder\":\"\",\"visible\":true,\"editable\":true},\"list\":{\"label\":\"provider\",\"searchable\":true,\"sortable\":true}},\"provider_metadata\":{\"edit\":{\"label\":\"provider_metadata\",\"description\":\"\",\"placeholder\":\"\",\"visible\":true,\"editable\":true},\"list\":{\"label\":\"provider_metadata\",\"searchable\":false,\"sortable\":false}},\"folder\":{\"edit\":{\"label\":\"folder\",\"description\":\"\",\"placeholder\":\"\",\"visible\":true,\"editable\":true,\"mainField\":\"name\"},\"list\":{\"label\":\"folder\",\"searchable\":true,\"sortable\":true}},\"folderPath\":{\"edit\":{\"label\":\"folderPath\",\"description\":\"\",\"placeholder\":\"\",\"visible\":true,\"editable\":true},\"list\":{\"label\":\"folderPath\",\"searchable\":true,\"sortable\":true}},\"createdAt\":{\"edit\":{\"label\":\"createdAt\",\"description\":\"\",\"placeholder\":\"\",\"visible\":false,\"editable\":true},\"list\":{\"label\":\"createdAt\",\"searchable\":true,\"sortable\":true}},\"updatedAt\":{\"edit\":{\"label\":\"updatedAt\",\"description\":\"\",\"placeholder\":\"\",\"visible\":false,\"editable\":true},\"list\":{\"label\":\"updatedAt\",\"searchable\":true,\"sortable\":true}},\"createdBy\":{\"edit\":{\"label\":\"createdBy\",\"description\":\"\",\"placeholder\":\"\",\"visible\":false,\"editable\":true,\"mainField\":\"firstname\"},\"list\":{\"label\":\"createdBy\",\"searchable\":true,\"sortable\":true}},\"updatedBy\":{\"edit\":{\"label\":\"updatedBy\",\"description\":\"\",\"placeholder\":\"\",\"visible\":false,\"editable\":true,\"mainField\":\"firstname\"},\"list\":{\"label\":\"updatedBy\",\"searchable\":true,\"sortable\":true}}},\"layouts\":{\"list\":[\"id\",\"name\",\"alternativeText\",\"caption\"],\"edit\":[[{\"name\":\"name\",\"size\":6},{\"name\":\"alternativeText\",\"size\":6}],[{\"name\":\"caption\",\"size\":6},{\"name\":\"width\",\"size\":4}],[{\"name\":\"height\",\"size\":4}],[{\"name\":\"formats\",\"size\":12}],[{\"name\":\"hash\",\"size\":6},{\"name\":\"ext\",\"size\":6}],[{\"name\":\"mime\",\"size\":6},{\"name\":\"size\",\"size\":4}],[{\"name\":\"url\",\"size\":6},{\"name\":\"previewUrl\",\"size\":6}],[{\"name\":\"provider\",\"size\":6}],[{\"name\":\"provider_metadata\",\"size\":12}],[{\"name\":\"folder\",\"size\":6},{\"name\":\"folderPath\",\"size\":6}]]},\"uid\":\"plugin::upload.file\"}','object',NULL,NULL),(10,'plugin_content_manager_configuration_content_types::plugin::users-permissions.role','{\"settings\":{\"bulkable\":true,\"filterable\":true,\"searchable\":true,\"pageSize\":10,\"mainField\":\"name\",\"defaultSortBy\":\"name\",\"defaultSortOrder\":\"ASC\"},\"metadatas\":{\"id\":{\"edit\":{},\"list\":{\"label\":\"id\",\"searchable\":true,\"sortable\":true}},\"name\":{\"edit\":{\"label\":\"name\",\"description\":\"\",\"placeholder\":\"\",\"visible\":true,\"editable\":true},\"list\":{\"label\":\"name\",\"searchable\":true,\"sortable\":true}},\"description\":{\"edit\":{\"label\":\"description\",\"description\":\"\",\"placeholder\":\"\",\"visible\":true,\"editable\":true},\"list\":{\"label\":\"description\",\"searchable\":true,\"sortable\":true}},\"type\":{\"edit\":{\"label\":\"type\",\"description\":\"\",\"placeholder\":\"\",\"visible\":true,\"editable\":true},\"list\":{\"label\":\"type\",\"searchable\":true,\"sortable\":true}},\"permissions\":{\"edit\":{\"label\":\"permissions\",\"description\":\"\",\"placeholder\":\"\",\"visible\":true,\"editable\":true,\"mainField\":\"action\"},\"list\":{\"label\":\"permissions\",\"searchable\":false,\"sortable\":false}},\"users\":{\"edit\":{\"label\":\"users\",\"description\":\"\",\"placeholder\":\"\",\"visible\":true,\"editable\":true,\"mainField\":\"username\"},\"list\":{\"label\":\"users\",\"searchable\":false,\"sortable\":false}},\"createdAt\":{\"edit\":{\"label\":\"createdAt\",\"description\":\"\",\"placeholder\":\"\",\"visible\":false,\"editable\":true},\"list\":{\"label\":\"createdAt\",\"searchable\":true,\"sortable\":true}},\"updatedAt\":{\"edit\":{\"label\":\"updatedAt\",\"description\":\"\",\"placeholder\":\"\",\"visible\":false,\"editable\":true},\"list\":{\"label\":\"updatedAt\",\"searchable\":true,\"sortable\":true}},\"createdBy\":{\"edit\":{\"label\":\"createdBy\",\"description\":\"\",\"placeholder\":\"\",\"visible\":false,\"editable\":true,\"mainField\":\"firstname\"},\"list\":{\"label\":\"createdBy\",\"searchable\":true,\"sortable\":true}},\"updatedBy\":{\"edit\":{\"label\":\"updatedBy\",\"description\":\"\",\"placeholder\":\"\",\"visible\":false,\"editable\":true,\"mainField\":\"firstname\"},\"list\":{\"label\":\"updatedBy\",\"searchable\":true,\"sortable\":true}}},\"layouts\":{\"list\":[\"id\",\"name\",\"description\",\"type\"],\"edit\":[[{\"name\":\"name\",\"size\":6},{\"name\":\"description\",\"size\":6}],[{\"name\":\"type\",\"size\":6},{\"name\":\"permissions\",\"size\":6}],[{\"name\":\"users\",\"size\":6}]]},\"uid\":\"plugin::users-permissions.role\"}','object',NULL,NULL),(11,'plugin_content_manager_configuration_content_types::plugin::users-permissions.user','{\"settings\":{\"bulkable\":true,\"filterable\":true,\"searchable\":true,\"pageSize\":10,\"mainField\":\"username\",\"defaultSortBy\":\"username\",\"defaultSortOrder\":\"ASC\"},\"metadatas\":{\"id\":{\"edit\":{},\"list\":{\"label\":\"id\",\"searchable\":true,\"sortable\":true}},\"username\":{\"edit\":{\"label\":\"username\",\"description\":\"\",\"placeholder\":\"\",\"visible\":true,\"editable\":true},\"list\":{\"label\":\"username\",\"searchable\":true,\"sortable\":true}},\"email\":{\"edit\":{\"label\":\"email\",\"description\":\"\",\"placeholder\":\"\",\"visible\":true,\"editable\":true},\"list\":{\"label\":\"email\",\"searchable\":true,\"sortable\":true}},\"provider\":{\"edit\":{\"label\":\"provider\",\"description\":\"\",\"placeholder\":\"\",\"visible\":false,\"editable\":true},\"list\":{\"label\":\"provider\",\"searchable\":true,\"sortable\":true}},\"password\":{\"edit\":{\"label\":\"password\",\"description\":\"\",\"placeholder\":\"\",\"visible\":true,\"editable\":true},\"list\":{\"label\":\"password\",\"searchable\":true,\"sortable\":true}},\"resetPasswordToken\":{\"edit\":{\"label\":\"resetPasswordToken\",\"description\":\"\",\"placeholder\":\"\",\"visible\":false,\"editable\":true},\"list\":{\"label\":\"resetPasswordToken\",\"searchable\":true,\"sortable\":true}},\"confirmationToken\":{\"edit\":{\"label\":\"confirmationToken\",\"description\":\"\",\"placeholder\":\"\",\"visible\":false,\"editable\":true},\"list\":{\"label\":\"confirmationToken\",\"searchable\":true,\"sortable\":true}},\"confirmed\":{\"edit\":{\"label\":\"confirmed\",\"description\":\"\",\"placeholder\":\"\",\"visible\":true,\"editable\":true},\"list\":{\"label\":\"confirmed\",\"searchable\":true,\"sortable\":true}},\"blocked\":{\"edit\":{\"label\":\"blocked\",\"description\":\"\",\"placeholder\":\"\",\"visible\":true,\"editable\":true},\"list\":{\"label\":\"blocked\",\"searchable\":true,\"sortable\":true}},\"role\":{\"edit\":{\"label\":\"role\",\"description\":\"\",\"placeholder\":\"\",\"visible\":true,\"editable\":true,\"mainField\":\"name\"},\"list\":{\"label\":\"role\",\"searchable\":true,\"sortable\":true}},\"createdAt\":{\"edit\":{\"label\":\"createdAt\",\"description\":\"\",\"placeholder\":\"\",\"visible\":false,\"editable\":true},\"list\":{\"label\":\"createdAt\",\"searchable\":true,\"sortable\":true}},\"updatedAt\":{\"edit\":{\"label\":\"updatedAt\",\"description\":\"\",\"placeholder\":\"\",\"visible\":false,\"editable\":true},\"list\":{\"label\":\"updatedAt\",\"searchable\":true,\"sortable\":true}},\"createdBy\":{\"edit\":{\"label\":\"createdBy\",\"description\":\"\",\"placeholder\":\"\",\"visible\":false,\"editable\":true,\"mainField\":\"firstname\"},\"list\":{\"label\":\"createdBy\",\"searchable\":true,\"sortable\":true}},\"updatedBy\":{\"edit\":{\"label\":\"updatedBy\",\"description\":\"\",\"placeholder\":\"\",\"visible\":false,\"editable\":true,\"mainField\":\"firstname\"},\"list\":{\"label\":\"updatedBy\",\"searchable\":true,\"sortable\":true}}},\"layouts\":{\"list\":[\"id\",\"username\",\"email\",\"confirmed\"],\"edit\":[[{\"name\":\"username\",\"size\":6},{\"name\":\"email\",\"size\":6}],[{\"name\":\"password\",\"size\":6},{\"name\":\"confirmed\",\"size\":4}],[{\"name\":\"blocked\",\"size\":4},{\"name\":\"role\",\"size\":6}]]},\"uid\":\"plugin::users-permissions.user\"}','object',NULL,NULL),(12,'plugin_content_manager_configuration_content_types::admin::permission','{\"settings\":{\"bulkable\":true,\"filterable\":true,\"searchable\":true,\"pageSize\":10,\"mainField\":\"action\",\"defaultSortBy\":\"action\",\"defaultSortOrder\":\"ASC\"},\"metadatas\":{\"id\":{\"edit\":{},\"list\":{\"label\":\"id\",\"searchable\":true,\"sortable\":true}},\"action\":{\"edit\":{\"label\":\"action\",\"description\":\"\",\"placeholder\":\"\",\"visible\":true,\"editable\":true},\"list\":{\"label\":\"action\",\"searchable\":true,\"sortable\":true}},\"actionParameters\":{\"edit\":{\"label\":\"actionParameters\",\"description\":\"\",\"placeholder\":\"\",\"visible\":true,\"editable\":true},\"list\":{\"label\":\"actionParameters\",\"searchable\":false,\"sortable\":false}},\"subject\":{\"edit\":{\"label\":\"subject\",\"description\":\"\",\"placeholder\":\"\",\"visible\":true,\"editable\":true},\"list\":{\"label\":\"subject\",\"searchable\":true,\"sortable\":true}},\"properties\":{\"edit\":{\"label\":\"properties\",\"description\":\"\",\"placeholder\":\"\",\"visible\":true,\"editable\":true},\"list\":{\"label\":\"properties\",\"searchable\":false,\"sortable\":false}},\"conditions\":{\"edit\":{\"label\":\"conditions\",\"description\":\"\",\"placeholder\":\"\",\"visible\":true,\"editable\":true},\"list\":{\"label\":\"conditions\",\"searchable\":false,\"sortable\":false}},\"role\":{\"edit\":{\"label\":\"role\",\"description\":\"\",\"placeholder\":\"\",\"visible\":true,\"editable\":true,\"mainField\":\"name\"},\"list\":{\"label\":\"role\",\"searchable\":true,\"sortable\":true}},\"createdAt\":{\"edit\":{\"label\":\"createdAt\",\"description\":\"\",\"placeholder\":\"\",\"visible\":false,\"editable\":true},\"list\":{\"label\":\"createdAt\",\"searchable\":true,\"sortable\":true}},\"updatedAt\":{\"edit\":{\"label\":\"updatedAt\",\"description\":\"\",\"placeholder\":\"\",\"visible\":false,\"editable\":true},\"list\":{\"label\":\"updatedAt\",\"searchable\":true,\"sortable\":true}},\"createdBy\":{\"edit\":{\"label\":\"createdBy\",\"description\":\"\",\"placeholder\":\"\",\"visible\":false,\"editable\":true,\"mainField\":\"firstname\"},\"list\":{\"label\":\"createdBy\",\"searchable\":true,\"sortable\":true}},\"updatedBy\":{\"edit\":{\"label\":\"updatedBy\",\"description\":\"\",\"placeholder\":\"\",\"visible\":false,\"editable\":true,\"mainField\":\"firstname\"},\"list\":{\"label\":\"updatedBy\",\"searchable\":true,\"sortable\":true}}},\"layouts\":{\"list\":[\"id\",\"action\",\"subject\",\"role\"],\"edit\":[[{\"name\":\"action\",\"size\":6}],[{\"name\":\"actionParameters\",\"size\":12}],[{\"name\":\"subject\",\"size\":6}],[{\"name\":\"properties\",\"size\":12}],[{\"name\":\"conditions\",\"size\":12}],[{\"name\":\"role\",\"size\":6}]]},\"uid\":\"admin::permission\"}','object',NULL,NULL),(13,'plugin_content_manager_configuration_content_types::admin::user','{\"settings\":{\"bulkable\":true,\"filterable\":true,\"searchable\":true,\"pageSize\":10,\"mainField\":\"firstname\",\"defaultSortBy\":\"firstname\",\"defaultSortOrder\":\"ASC\"},\"metadatas\":{\"id\":{\"edit\":{},\"list\":{\"label\":\"id\",\"searchable\":true,\"sortable\":true}},\"firstname\":{\"edit\":{\"label\":\"firstname\",\"description\":\"\",\"placeholder\":\"\",\"visible\":true,\"editable\":true},\"list\":{\"label\":\"firstname\",\"searchable\":true,\"sortable\":true}},\"lastname\":{\"edit\":{\"label\":\"lastname\",\"description\":\"\",\"placeholder\":\"\",\"visible\":true,\"editable\":true},\"list\":{\"label\":\"lastname\",\"searchable\":true,\"sortable\":true}},\"username\":{\"edit\":{\"label\":\"username\",\"description\":\"\",\"placeholder\":\"\",\"visible\":true,\"editable\":true},\"list\":{\"label\":\"username\",\"searchable\":true,\"sortable\":true}},\"email\":{\"edit\":{\"label\":\"email\",\"description\":\"\",\"placeholder\":\"\",\"visible\":true,\"editable\":true},\"list\":{\"label\":\"email\",\"searchable\":true,\"sortable\":true}},\"password\":{\"edit\":{\"label\":\"password\",\"description\":\"\",\"placeholder\":\"\",\"visible\":true,\"editable\":true},\"list\":{\"label\":\"password\",\"searchable\":true,\"sortable\":true}},\"resetPasswordToken\":{\"edit\":{\"label\":\"resetPasswordToken\",\"description\":\"\",\"placeholder\":\"\",\"visible\":false,\"editable\":true},\"list\":{\"label\":\"resetPasswordToken\",\"searchable\":true,\"sortable\":true}},\"registrationToken\":{\"edit\":{\"label\":\"registrationToken\",\"description\":\"\",\"placeholder\":\"\",\"visible\":false,\"editable\":true},\"list\":{\"label\":\"registrationToken\",\"searchable\":true,\"sortable\":true}},\"isActive\":{\"edit\":{\"label\":\"isActive\",\"description\":\"\",\"placeholder\":\"\",\"visible\":true,\"editable\":true},\"list\":{\"label\":\"isActive\",\"searchable\":true,\"sortable\":true}},\"roles\":{\"edit\":{\"label\":\"roles\",\"description\":\"\",\"placeholder\":\"\",\"visible\":true,\"editable\":true,\"mainField\":\"name\"},\"list\":{\"label\":\"roles\",\"searchable\":false,\"sortable\":false}},\"blocked\":{\"edit\":{\"label\":\"blocked\",\"description\":\"\",\"placeholder\":\"\",\"visible\":true,\"editable\":true},\"list\":{\"label\":\"blocked\",\"searchable\":true,\"sortable\":true}},\"preferedLanguage\":{\"edit\":{\"label\":\"preferedLanguage\",\"description\":\"\",\"placeholder\":\"\",\"visible\":true,\"editable\":true},\"list\":{\"label\":\"preferedLanguage\",\"searchable\":true,\"sortable\":true}},\"createdAt\":{\"edit\":{\"label\":\"createdAt\",\"description\":\"\",\"placeholder\":\"\",\"visible\":false,\"editable\":true},\"list\":{\"label\":\"createdAt\",\"searchable\":true,\"sortable\":true}},\"updatedAt\":{\"edit\":{\"label\":\"updatedAt\",\"description\":\"\",\"placeholder\":\"\",\"visible\":false,\"editable\":true},\"list\":{\"label\":\"updatedAt\",\"searchable\":true,\"sortable\":true}},\"createdBy\":{\"edit\":{\"label\":\"createdBy\",\"description\":\"\",\"placeholder\":\"\",\"visible\":false,\"editable\":true,\"mainField\":\"firstname\"},\"list\":{\"label\":\"createdBy\",\"searchable\":true,\"sortable\":true}},\"updatedBy\":{\"edit\":{\"label\":\"updatedBy\",\"description\":\"\",\"placeholder\":\"\",\"visible\":false,\"editable\":true,\"mainField\":\"firstname\"},\"list\":{\"label\":\"updatedBy\",\"searchable\":true,\"sortable\":true}}},\"layouts\":{\"list\":[\"id\",\"firstname\",\"lastname\",\"username\"],\"edit\":[[{\"name\":\"firstname\",\"size\":6},{\"name\":\"lastname\",\"size\":6}],[{\"name\":\"username\",\"size\":6},{\"name\":\"email\",\"size\":6}],[{\"name\":\"password\",\"size\":6},{\"name\":\"isActive\",\"size\":4}],[{\"name\":\"roles\",\"size\":6},{\"name\":\"blocked\",\"size\":4}],[{\"name\":\"preferedLanguage\",\"size\":6}]]},\"uid\":\"admin::user\"}','object',NULL,NULL),(14,'plugin_content_manager_configuration_content_types::admin::role','{\"settings\":{\"bulkable\":true,\"filterable\":true,\"searchable\":true,\"pageSize\":10,\"mainField\":\"name\",\"defaultSortBy\":\"name\",\"defaultSortOrder\":\"ASC\"},\"metadatas\":{\"id\":{\"edit\":{},\"list\":{\"label\":\"id\",\"searchable\":true,\"sortable\":true}},\"name\":{\"edit\":{\"label\":\"name\",\"description\":\"\",\"placeholder\":\"\",\"visible\":true,\"editable\":true},\"list\":{\"label\":\"name\",\"searchable\":true,\"sortable\":true}},\"code\":{\"edit\":{\"label\":\"code\",\"description\":\"\",\"placeholder\":\"\",\"visible\":true,\"editable\":true},\"list\":{\"label\":\"code\",\"searchable\":true,\"sortable\":true}},\"description\":{\"edit\":{\"label\":\"description\",\"description\":\"\",\"placeholder\":\"\",\"visible\":true,\"editable\":true},\"list\":{\"label\":\"description\",\"searchable\":true,\"sortable\":true}},\"users\":{\"edit\":{\"label\":\"users\",\"description\":\"\",\"placeholder\":\"\",\"visible\":true,\"editable\":true,\"mainField\":\"firstname\"},\"list\":{\"label\":\"users\",\"searchable\":false,\"sortable\":false}},\"permissions\":{\"edit\":{\"label\":\"permissions\",\"description\":\"\",\"placeholder\":\"\",\"visible\":true,\"editable\":true,\"mainField\":\"action\"},\"list\":{\"label\":\"permissions\",\"searchable\":false,\"sortable\":false}},\"createdAt\":{\"edit\":{\"label\":\"createdAt\",\"description\":\"\",\"placeholder\":\"\",\"visible\":false,\"editable\":true},\"list\":{\"label\":\"createdAt\",\"searchable\":true,\"sortable\":true}},\"updatedAt\":{\"edit\":{\"label\":\"updatedAt\",\"description\":\"\",\"placeholder\":\"\",\"visible\":false,\"editable\":true},\"list\":{\"label\":\"updatedAt\",\"searchable\":true,\"sortable\":true}},\"createdBy\":{\"edit\":{\"label\":\"createdBy\",\"description\":\"\",\"placeholder\":\"\",\"visible\":false,\"editable\":true,\"mainField\":\"firstname\"},\"list\":{\"label\":\"createdBy\",\"searchable\":true,\"sortable\":true}},\"updatedBy\":{\"edit\":{\"label\":\"updatedBy\",\"description\":\"\",\"placeholder\":\"\",\"visible\":false,\"editable\":true,\"mainField\":\"firstname\"},\"list\":{\"label\":\"updatedBy\",\"searchable\":true,\"sortable\":true}}},\"layouts\":{\"list\":[\"id\",\"name\",\"code\",\"description\"],\"edit\":[[{\"name\":\"name\",\"size\":6},{\"name\":\"code\",\"size\":6}],[{\"name\":\"description\",\"size\":6},{\"name\":\"users\",\"size\":6}],[{\"name\":\"permissions\",\"size\":6}]]},\"uid\":\"admin::role\"}','object',NULL,NULL),(15,'plugin_content_manager_configuration_content_types::admin::transfer-token','{\"settings\":{\"bulkable\":true,\"filterable\":true,\"searchable\":true,\"pageSize\":10,\"mainField\":\"name\",\"defaultSortBy\":\"name\",\"defaultSortOrder\":\"ASC\"},\"metadatas\":{\"id\":{\"edit\":{},\"list\":{\"label\":\"id\",\"searchable\":true,\"sortable\":true}},\"name\":{\"edit\":{\"label\":\"name\",\"description\":\"\",\"placeholder\":\"\",\"visible\":true,\"editable\":true},\"list\":{\"label\":\"name\",\"searchable\":true,\"sortable\":true}},\"description\":{\"edit\":{\"label\":\"description\",\"description\":\"\",\"placeholder\":\"\",\"visible\":true,\"editable\":true},\"list\":{\"label\":\"description\",\"searchable\":true,\"sortable\":true}},\"accessKey\":{\"edit\":{\"label\":\"accessKey\",\"description\":\"\",\"placeholder\":\"\",\"visible\":true,\"editable\":true},\"list\":{\"label\":\"accessKey\",\"searchable\":true,\"sortable\":true}},\"lastUsedAt\":{\"edit\":{\"label\":\"lastUsedAt\",\"description\":\"\",\"placeholder\":\"\",\"visible\":true,\"editable\":true},\"list\":{\"label\":\"lastUsedAt\",\"searchable\":true,\"sortable\":true}},\"permissions\":{\"edit\":{\"label\":\"permissions\",\"description\":\"\",\"placeholder\":\"\",\"visible\":true,\"editable\":true,\"mainField\":\"action\"},\"list\":{\"label\":\"permissions\",\"searchable\":false,\"sortable\":false}},\"expiresAt\":{\"edit\":{\"label\":\"expiresAt\",\"description\":\"\",\"placeholder\":\"\",\"visible\":true,\"editable\":true},\"list\":{\"label\":\"expiresAt\",\"searchable\":true,\"sortable\":true}},\"lifespan\":{\"edit\":{\"label\":\"lifespan\",\"description\":\"\",\"placeholder\":\"\",\"visible\":true,\"editable\":true},\"list\":{\"label\":\"lifespan\",\"searchable\":true,\"sortable\":true}},\"createdAt\":{\"edit\":{\"label\":\"createdAt\",\"description\":\"\",\"placeholder\":\"\",\"visible\":false,\"editable\":true},\"list\":{\"label\":\"createdAt\",\"searchable\":true,\"sortable\":true}},\"updatedAt\":{\"edit\":{\"label\":\"updatedAt\",\"description\":\"\",\"placeholder\":\"\",\"visible\":false,\"editable\":true},\"list\":{\"label\":\"updatedAt\",\"searchable\":true,\"sortable\":true}},\"createdBy\":{\"edit\":{\"label\":\"createdBy\",\"description\":\"\",\"placeholder\":\"\",\"visible\":false,\"editable\":true,\"mainField\":\"firstname\"},\"list\":{\"label\":\"createdBy\",\"searchable\":true,\"sortable\":true}},\"updatedBy\":{\"edit\":{\"label\":\"updatedBy\",\"description\":\"\",\"placeholder\":\"\",\"visible\":false,\"editable\":true,\"mainField\":\"firstname\"},\"list\":{\"label\":\"updatedBy\",\"searchable\":true,\"sortable\":true}}},\"layouts\":{\"list\":[\"id\",\"name\",\"description\",\"accessKey\"],\"edit\":[[{\"name\":\"name\",\"size\":6},{\"name\":\"description\",\"size\":6}],[{\"name\":\"accessKey\",\"size\":6},{\"name\":\"lastUsedAt\",\"size\":6}],[{\"name\":\"permissions\",\"size\":6},{\"name\":\"expiresAt\",\"size\":6}],[{\"name\":\"lifespan\",\"size\":4}]]},\"uid\":\"admin::transfer-token\"}','object',NULL,NULL),(16,'plugin_content_manager_configuration_content_types::admin::api-token-permission','{\"settings\":{\"bulkable\":true,\"filterable\":true,\"searchable\":true,\"pageSize\":10,\"mainField\":\"action\",\"defaultSortBy\":\"action\",\"defaultSortOrder\":\"ASC\"},\"metadatas\":{\"id\":{\"edit\":{},\"list\":{\"label\":\"id\",\"searchable\":true,\"sortable\":true}},\"action\":{\"edit\":{\"label\":\"action\",\"description\":\"\",\"placeholder\":\"\",\"visible\":true,\"editable\":true},\"list\":{\"label\":\"action\",\"searchable\":true,\"sortable\":true}},\"token\":{\"edit\":{\"label\":\"token\",\"description\":\"\",\"placeholder\":\"\",\"visible\":true,\"editable\":true,\"mainField\":\"name\"},\"list\":{\"label\":\"token\",\"searchable\":true,\"sortable\":true}},\"createdAt\":{\"edit\":{\"label\":\"createdAt\",\"description\":\"\",\"placeholder\":\"\",\"visible\":false,\"editable\":true},\"list\":{\"label\":\"createdAt\",\"searchable\":true,\"sortable\":true}},\"updatedAt\":{\"edit\":{\"label\":\"updatedAt\",\"description\":\"\",\"placeholder\":\"\",\"visible\":false,\"editable\":true},\"list\":{\"label\":\"updatedAt\",\"searchable\":true,\"sortable\":true}},\"createdBy\":{\"edit\":{\"label\":\"createdBy\",\"description\":\"\",\"placeholder\":\"\",\"visible\":false,\"editable\":true,\"mainField\":\"firstname\"},\"list\":{\"label\":\"createdBy\",\"searchable\":true,\"sortable\":true}},\"updatedBy\":{\"edit\":{\"label\":\"updatedBy\",\"description\":\"\",\"placeholder\":\"\",\"visible\":false,\"editable\":true,\"mainField\":\"firstname\"},\"list\":{\"label\":\"updatedBy\",\"searchable\":true,\"sortable\":true}}},\"layouts\":{\"list\":[\"id\",\"action\",\"token\",\"createdAt\"],\"edit\":[[{\"name\":\"action\",\"size\":6},{\"name\":\"token\",\"size\":6}]]},\"uid\":\"admin::api-token-permission\"}','object',NULL,NULL),(17,'plugin_content_manager_configuration_content_types::admin::api-token','{\"settings\":{\"bulkable\":true,\"filterable\":true,\"searchable\":true,\"pageSize\":10,\"mainField\":\"name\",\"defaultSortBy\":\"name\",\"defaultSortOrder\":\"ASC\"},\"metadatas\":{\"id\":{\"edit\":{},\"list\":{\"label\":\"id\",\"searchable\":true,\"sortable\":true}},\"name\":{\"edit\":{\"label\":\"name\",\"description\":\"\",\"placeholder\":\"\",\"visible\":true,\"editable\":true},\"list\":{\"label\":\"name\",\"searchable\":true,\"sortable\":true}},\"description\":{\"edit\":{\"label\":\"description\",\"description\":\"\",\"placeholder\":\"\",\"visible\":true,\"editable\":true},\"list\":{\"label\":\"description\",\"searchable\":true,\"sortable\":true}},\"type\":{\"edit\":{\"label\":\"type\",\"description\":\"\",\"placeholder\":\"\",\"visible\":true,\"editable\":true},\"list\":{\"label\":\"type\",\"searchable\":true,\"sortable\":true}},\"accessKey\":{\"edit\":{\"label\":\"accessKey\",\"description\":\"\",\"placeholder\":\"\",\"visible\":true,\"editable\":true},\"list\":{\"label\":\"accessKey\",\"searchable\":true,\"sortable\":true}},\"lastUsedAt\":{\"edit\":{\"label\":\"lastUsedAt\",\"description\":\"\",\"placeholder\":\"\",\"visible\":true,\"editable\":true},\"list\":{\"label\":\"lastUsedAt\",\"searchable\":true,\"sortable\":true}},\"permissions\":{\"edit\":{\"label\":\"permissions\",\"description\":\"\",\"placeholder\":\"\",\"visible\":true,\"editable\":true,\"mainField\":\"action\"},\"list\":{\"label\":\"permissions\",\"searchable\":false,\"sortable\":false}},\"expiresAt\":{\"edit\":{\"label\":\"expiresAt\",\"description\":\"\",\"placeholder\":\"\",\"visible\":true,\"editable\":true},\"list\":{\"label\":\"expiresAt\",\"searchable\":true,\"sortable\":true}},\"lifespan\":{\"edit\":{\"label\":\"lifespan\",\"description\":\"\",\"placeholder\":\"\",\"visible\":true,\"editable\":true},\"list\":{\"label\":\"lifespan\",\"searchable\":true,\"sortable\":true}},\"createdAt\":{\"edit\":{\"label\":\"createdAt\",\"description\":\"\",\"placeholder\":\"\",\"visible\":false,\"editable\":true},\"list\":{\"label\":\"createdAt\",\"searchable\":true,\"sortable\":true}},\"updatedAt\":{\"edit\":{\"label\":\"updatedAt\",\"description\":\"\",\"placeholder\":\"\",\"visible\":false,\"editable\":true},\"list\":{\"label\":\"updatedAt\",\"searchable\":true,\"sortable\":true}},\"createdBy\":{\"edit\":{\"label\":\"createdBy\",\"description\":\"\",\"placeholder\":\"\",\"visible\":false,\"editable\":true,\"mainField\":\"firstname\"},\"list\":{\"label\":\"createdBy\",\"searchable\":true,\"sortable\":true}},\"updatedBy\":{\"edit\":{\"label\":\"updatedBy\",\"description\":\"\",\"placeholder\":\"\",\"visible\":false,\"editable\":true,\"mainField\":\"firstname\"},\"list\":{\"label\":\"updatedBy\",\"searchable\":true,\"sortable\":true}}},\"layouts\":{\"list\":[\"id\",\"name\",\"description\",\"type\"],\"edit\":[[{\"name\":\"name\",\"size\":6},{\"name\":\"description\",\"size\":6}],[{\"name\":\"type\",\"size\":6},{\"name\":\"accessKey\",\"size\":6}],[{\"name\":\"lastUsedAt\",\"size\":6},{\"name\":\"permissions\",\"size\":6}],[{\"name\":\"expiresAt\",\"size\":6},{\"name\":\"lifespan\",\"size\":4}]]},\"uid\":\"admin::api-token\"}','object',NULL,NULL),(18,'plugin_content_manager_configuration_content_types::admin::transfer-token-permission','{\"settings\":{\"bulkable\":true,\"filterable\":true,\"searchable\":true,\"pageSize\":10,\"mainField\":\"action\",\"defaultSortBy\":\"action\",\"defaultSortOrder\":\"ASC\"},\"metadatas\":{\"id\":{\"edit\":{},\"list\":{\"label\":\"id\",\"searchable\":true,\"sortable\":true}},\"action\":{\"edit\":{\"label\":\"action\",\"description\":\"\",\"placeholder\":\"\",\"visible\":true,\"editable\":true},\"list\":{\"label\":\"action\",\"searchable\":true,\"sortable\":true}},\"token\":{\"edit\":{\"label\":\"token\",\"description\":\"\",\"placeholder\":\"\",\"visible\":true,\"editable\":true,\"mainField\":\"name\"},\"list\":{\"label\":\"token\",\"searchable\":true,\"sortable\":true}},\"createdAt\":{\"edit\":{\"label\":\"createdAt\",\"description\":\"\",\"placeholder\":\"\",\"visible\":false,\"editable\":true},\"list\":{\"label\":\"createdAt\",\"searchable\":true,\"sortable\":true}},\"updatedAt\":{\"edit\":{\"label\":\"updatedAt\",\"description\":\"\",\"placeholder\":\"\",\"visible\":false,\"editable\":true},\"list\":{\"label\":\"updatedAt\",\"searchable\":true,\"sortable\":true}},\"createdBy\":{\"edit\":{\"label\":\"createdBy\",\"description\":\"\",\"placeholder\":\"\",\"visible\":false,\"editable\":true,\"mainField\":\"firstname\"},\"list\":{\"label\":\"createdBy\",\"searchable\":true,\"sortable\":true}},\"updatedBy\":{\"edit\":{\"label\":\"updatedBy\",\"description\":\"\",\"placeholder\":\"\",\"visible\":false,\"editable\":true,\"mainField\":\"firstname\"},\"list\":{\"label\":\"updatedBy\",\"searchable\":true,\"sortable\":true}}},\"layouts\":{\"list\":[\"id\",\"action\",\"token\",\"createdAt\"],\"edit\":[[{\"name\":\"action\",\"size\":6},{\"name\":\"token\",\"size\":6}]]},\"uid\":\"admin::transfer-token-permission\"}','object',NULL,NULL),(19,'plugin_upload_settings','{\"sizeOptimization\":true,\"responsiveDimensions\":true,\"autoOrientation\":false}','object',NULL,NULL),(20,'plugin_upload_view_configuration','{\"pageSize\":10,\"sort\":\"createdAt:DESC\"}','object',NULL,NULL),(21,'plugin_upload_metrics','{\"weeklySchedule\":\"3 54 4 * * 5\",\"lastWeeklyUpdate\":1746766443011}','object',NULL,NULL),(22,'plugin_i18n_default_locale','\"en\"','string',NULL,NULL),(23,'plugin_users-permissions_grant','{\"email\":{\"icon\":\"envelope\",\"enabled\":true},\"discord\":{\"icon\":\"discord\",\"enabled\":false,\"key\":\"\",\"secret\":\"\",\"callbackUrl\":\"api/auth/discord/callback\",\"scope\":[\"identify\",\"email\"]},\"facebook\":{\"icon\":\"facebook-square\",\"enabled\":false,\"key\":\"\",\"secret\":\"\",\"callbackUrl\":\"api/auth/facebook/callback\",\"scope\":[\"email\"]},\"google\":{\"icon\":\"google\",\"enabled\":false,\"key\":\"\",\"secret\":\"\",\"callbackUrl\":\"api/auth/google/callback\",\"scope\":[\"email\"]},\"github\":{\"icon\":\"github\",\"enabled\":false,\"key\":\"\",\"secret\":\"\",\"callbackUrl\":\"api/auth/github/callback\",\"scope\":[\"user\",\"user:email\"]},\"microsoft\":{\"icon\":\"windows\",\"enabled\":false,\"key\":\"\",\"secret\":\"\",\"callbackUrl\":\"api/auth/microsoft/callback\",\"scope\":[\"user.read\"]},\"twitter\":{\"icon\":\"twitter\",\"enabled\":false,\"key\":\"\",\"secret\":\"\",\"callbackUrl\":\"api/auth/twitter/callback\"},\"instagram\":{\"icon\":\"instagram\",\"enabled\":false,\"key\":\"\",\"secret\":\"\",\"callbackUrl\":\"api/auth/instagram/callback\",\"scope\":[\"user_profile\"]},\"vk\":{\"icon\":\"vk\",\"enabled\":false,\"key\":\"\",\"secret\":\"\",\"callbackUrl\":\"api/auth/vk/callback\",\"scope\":[\"email\"]},\"twitch\":{\"icon\":\"twitch\",\"enabled\":false,\"key\":\"\",\"secret\":\"\",\"callbackUrl\":\"api/auth/twitch/callback\",\"scope\":[\"user:read:email\"]},\"linkedin\":{\"icon\":\"linkedin\",\"enabled\":false,\"key\":\"\",\"secret\":\"\",\"callbackUrl\":\"api/auth/linkedin/callback\",\"scope\":[\"r_liteprofile\",\"r_emailaddress\"]},\"cognito\":{\"icon\":\"aws\",\"enabled\":false,\"key\":\"\",\"secret\":\"\",\"subdomain\":\"my.subdomain.com\",\"callback\":\"api/auth/cognito/callback\",\"scope\":[\"email\",\"openid\",\"profile\"]},\"reddit\":{\"icon\":\"reddit\",\"enabled\":false,\"key\":\"\",\"secret\":\"\",\"callback\":\"api/auth/reddit/callback\",\"scope\":[\"identity\"]},\"auth0\":{\"icon\":\"\",\"enabled\":false,\"key\":\"\",\"secret\":\"\",\"subdomain\":\"my-tenant.eu\",\"callback\":\"api/auth/auth0/callback\",\"scope\":[\"openid\",\"email\",\"profile\"]},\"cas\":{\"icon\":\"book\",\"enabled\":false,\"key\":\"\",\"secret\":\"\",\"callback\":\"api/auth/cas/callback\",\"scope\":[\"openid email\"],\"subdomain\":\"my.subdomain.com/cas\"},\"patreon\":{\"icon\":\"\",\"enabled\":false,\"key\":\"\",\"secret\":\"\",\"callback\":\"api/auth/patreon/callback\",\"scope\":[\"identity\",\"identity[email]\"]},\"keycloak\":{\"icon\":\"\",\"enabled\":false,\"key\":\"\",\"secret\":\"\",\"subdomain\":\"myKeycloakProvider.com/realms/myrealm\",\"callback\":\"api/auth/keycloak/callback\",\"scope\":[\"openid\",\"email\",\"profile\"]}}','object',NULL,NULL),(24,'plugin_users-permissions_email','{\"reset_password\":{\"display\":\"Email.template.reset_password\",\"icon\":\"sync\",\"options\":{\"from\":{\"name\":\"Administration Panel\",\"email\":\"no-reply@strapi.io\"},\"response_email\":\"\",\"object\":\"Reset password\",\"message\":\"<p>We heard that you lost your password. Sorry about that!</p>\\n\\n<p>But don’t worry! You can use the following link to reset your password:</p>\\n<p><%= URL %>?code=<%= TOKEN %></p>\\n\\n<p>Thanks.</p>\"}},\"email_confirmation\":{\"display\":\"Email.template.email_confirmation\",\"icon\":\"check-square\",\"options\":{\"from\":{\"name\":\"Administration Panel\",\"email\":\"no-reply@strapi.io\"},\"response_email\":\"\",\"object\":\"Account confirmation\",\"message\":\"<p>Thank you for registering!</p>\\n\\n<p>You have to confirm your email address. Please click on the link below.</p>\\n\\n<p><%= URL %>?confirmation=<%= CODE %></p>\\n\\n<p>Thanks.</p>\"}}}','object',NULL,NULL),(25,'plugin_users-permissions_advanced','{\"unique_email\":true,\"allow_register\":true,\"email_confirmation\":false,\"email_reset_password\":null,\"email_confirmation_redirection\":null,\"default_role\":\"authenticated\"}','object',NULL,NULL),(26,'core_admin_auth','{\"providers\":{\"autoRegister\":false,\"defaultRole\":null,\"ssoLockedRoles\":null}}','object',NULL,NULL),(27,'plugin_content_manager_configuration_content_types::api::form.form','{\"settings\":{\"bulkable\":true,\"filterable\":true,\"searchable\":true,\"pageSize\":20,\"mainField\":\"id\",\"defaultSortBy\":\"id\",\"defaultSortOrder\":\"DESC\"},\"metadatas\":{\"id\":{\"edit\":{},\"list\":{\"label\":\"id\",\"searchable\":true,\"sortable\":true}},\"teamName\":{\"edit\":{\"label\":\"teamName\",\"description\":\"\",\"placeholder\":\"\",\"visible\":true,\"editable\":true},\"list\":{\"label\":\"teamName\",\"searchable\":true,\"sortable\":true}},\"inspiration\":{\"edit\":{\"label\":\"inspiration\",\"description\":\"\",\"placeholder\":\"\",\"visible\":true,\"editable\":true},\"list\":{\"label\":\"inspiration\",\"searchable\":true,\"sortable\":true}},\"expectation\":{\"edit\":{\"label\":\"expectation\",\"description\":\"\",\"placeholder\":\"\",\"visible\":true,\"editable\":true},\"list\":{\"label\":\"expectation\",\"searchable\":true,\"sortable\":true}},\"members\":{\"edit\":{\"label\":\"members\",\"description\":\"\",\"placeholder\":\"\",\"visible\":true,\"editable\":true},\"list\":{\"label\":\"members\",\"searchable\":false,\"sortable\":false}},\"interests\":{\"edit\":{\"label\":\"interests\",\"description\":\"\",\"placeholder\":\"\",\"visible\":true,\"editable\":true},\"list\":{\"label\":\"interests\",\"searchable\":true,\"sortable\":true}},\"expertises\":{\"edit\":{\"label\":\"expertises\",\"description\":\"\",\"placeholder\":\"\",\"visible\":true,\"editable\":true},\"list\":{\"label\":\"expertises\",\"searchable\":true,\"sortable\":true}},\"createdAt\":{\"edit\":{\"label\":\"createdAt\",\"description\":\"\",\"placeholder\":\"\",\"visible\":false,\"editable\":true},\"list\":{\"label\":\"createdAt\",\"searchable\":true,\"sortable\":true}},\"updatedAt\":{\"edit\":{\"label\":\"updatedAt\",\"description\":\"\",\"placeholder\":\"\",\"visible\":false,\"editable\":true},\"list\":{\"label\":\"updatedAt\",\"searchable\":true,\"sortable\":true}},\"createdBy\":{\"edit\":{\"label\":\"createdBy\",\"description\":\"\",\"placeholder\":\"\",\"visible\":false,\"editable\":true,\"mainField\":\"firstname\"},\"list\":{\"label\":\"createdBy\",\"searchable\":true,\"sortable\":true}},\"updatedBy\":{\"edit\":{\"label\":\"updatedBy\",\"description\":\"\",\"placeholder\":\"\",\"visible\":false,\"editable\":true,\"mainField\":\"firstname\"},\"list\":{\"label\":\"updatedBy\",\"searchable\":true,\"sortable\":true}}},\"layouts\":{\"edit\":[[{\"name\":\"teamName\",\"size\":6}],[{\"name\":\"members\",\"size\":12}],[{\"name\":\"interests\",\"size\":6}],[{\"name\":\"inspiration\",\"size\":12}],[{\"name\":\"expertises\",\"size\":6},{\"name\":\"expectation\",\"size\":12}]],\"list\":[\"id\",\"teamName\",\"inspiration\",\"expectation\"]},\"uid\":\"api::form.form\"}','object',NULL,NULL),(28,'plugin_content_manager_configuration_components::member.team-member','{\"settings\":{\"bulkable\":true,\"filterable\":true,\"searchable\":true,\"pageSize\":10,\"mainField\":\"name\",\"defaultSortBy\":\"name\",\"defaultSortOrder\":\"ASC\"},\"metadatas\":{\"id\":{\"edit\":{},\"list\":{\"label\":\"id\",\"searchable\":false,\"sortable\":false}},\"name\":{\"edit\":{\"label\":\"name\",\"description\":\"\",\"placeholder\":\"\",\"visible\":true,\"editable\":true},\"list\":{\"label\":\"name\",\"searchable\":true,\"sortable\":true}},\"surname\":{\"edit\":{\"label\":\"surname\",\"description\":\"\",\"placeholder\":\"\",\"visible\":true,\"editable\":true},\"list\":{\"label\":\"surname\",\"searchable\":true,\"sortable\":true}},\"prefix\":{\"edit\":{\"label\":\"prefix\",\"description\":\"\",\"placeholder\":\"\",\"visible\":true,\"editable\":true},\"list\":{\"label\":\"prefix\",\"searchable\":true,\"sortable\":true}},\"education\":{\"edit\":{\"label\":\"education\",\"description\":\"\",\"placeholder\":\"\",\"visible\":true,\"editable\":true},\"list\":{\"label\":\"education\",\"searchable\":true,\"sortable\":true}},\"major\":{\"edit\":{\"label\":\"major\",\"description\":\"\",\"placeholder\":\"\",\"visible\":true,\"editable\":true},\"list\":{\"label\":\"major\",\"searchable\":true,\"sortable\":true}},\"organization\":{\"edit\":{\"label\":\"organization\",\"description\":\"\",\"placeholder\":\"\",\"visible\":true,\"editable\":true},\"list\":{\"label\":\"organization\",\"searchable\":true,\"sortable\":true}},\"email\":{\"edit\":{\"label\":\"email\",\"description\":\"\",\"placeholder\":\"\",\"visible\":true,\"editable\":true},\"list\":{\"label\":\"email\",\"searchable\":true,\"sortable\":true}},\"studentId\":{\"edit\":{\"label\":\"studentId\",\"description\":\"\",\"placeholder\":\"\",\"visible\":true,\"editable\":true},\"list\":{\"label\":\"studentId\",\"searchable\":false,\"sortable\":false}},\"studentCert\":{\"edit\":{\"label\":\"studentCert\",\"description\":\"\",\"placeholder\":\"\",\"visible\":true,\"editable\":true},\"list\":{\"label\":\"studentCert\",\"searchable\":false,\"sortable\":false}},\"advisorLetter\":{\"edit\":{\"label\":\"advisorLetter\",\"description\":\"\",\"placeholder\":\"\",\"visible\":true,\"editable\":true},\"list\":{\"label\":\"advisorLetter\",\"searchable\":false,\"sortable\":false}},\"resume\":{\"edit\":{\"label\":\"resume\",\"description\":\"\",\"placeholder\":\"\",\"visible\":true,\"editable\":true},\"list\":{\"label\":\"resume\",\"searchable\":false,\"sortable\":false}},\"phone\":{\"edit\":{\"label\":\"phone\",\"description\":\"\",\"placeholder\":\"\",\"visible\":true,\"editable\":true},\"list\":{\"label\":\"phone\",\"searchable\":true,\"sortable\":true}},\"github\":{\"edit\":{\"label\":\"github\",\"description\":\"\",\"placeholder\":\"\",\"visible\":true,\"editable\":true},\"list\":{\"label\":\"github\",\"searchable\":true,\"sortable\":true}}},\"layouts\":{\"edit\":[[{\"name\":\"name\",\"size\":6},{\"name\":\"surname\",\"size\":6}],[{\"name\":\"prefix\",\"size\":6},{\"name\":\"education\",\"size\":6}],[{\"name\":\"major\",\"size\":6},{\"name\":\"organization\",\"size\":6}],[{\"name\":\"email\",\"size\":6},{\"name\":\"phone\",\"size\":4}],[{\"name\":\"studentId\",\"size\":6},{\"name\":\"studentCert\",\"size\":6}],[{\"name\":\"advisorLetter\",\"size\":6},{\"name\":\"resume\",\"size\":6}],[{\"name\":\"github\",\"size\":6}]],\"list\":[\"id\",\"name\",\"surname\",\"prefix\"]},\"uid\":\"member.team-member\",\"isComponent\":true}','object',NULL,NULL),(29,'plugin_upload_api-folder','{\"id\":1}','object',NULL,NULL),(30,'plugin_content_manager_configuration_content_types::api::subscribe.subscribe','{\"settings\":{\"bulkable\":true,\"filterable\":true,\"searchable\":true,\"pageSize\":10,\"mainField\":\"email\",\"defaultSortBy\":\"email\",\"defaultSortOrder\":\"DESC\"},\"metadatas\":{\"id\":{\"edit\":{},\"list\":{\"label\":\"id\",\"searchable\":true,\"sortable\":true}},\"email\":{\"edit\":{\"label\":\"email\",\"description\":\"\",\"placeholder\":\"\",\"visible\":true,\"editable\":true},\"list\":{\"label\":\"email\",\"searchable\":true,\"sortable\":true}},\"createdAt\":{\"edit\":{\"label\":\"createdAt\",\"description\":\"\",\"placeholder\":\"\",\"visible\":false,\"editable\":true},\"list\":{\"label\":\"createdAt\",\"searchable\":true,\"sortable\":true}},\"updatedAt\":{\"edit\":{\"label\":\"updatedAt\",\"description\":\"\",\"placeholder\":\"\",\"visible\":false,\"editable\":true},\"list\":{\"label\":\"updatedAt\",\"searchable\":true,\"sortable\":true}},\"createdBy\":{\"edit\":{\"label\":\"createdBy\",\"description\":\"\",\"placeholder\":\"\",\"visible\":false,\"editable\":true,\"mainField\":\"firstname\"},\"list\":{\"label\":\"createdBy\",\"searchable\":true,\"sortable\":true}},\"updatedBy\":{\"edit\":{\"label\":\"updatedBy\",\"description\":\"\",\"placeholder\":\"\",\"visible\":false,\"editable\":true,\"mainField\":\"firstname\"},\"list\":{\"label\":\"updatedBy\",\"searchable\":true,\"sortable\":true}}},\"layouts\":{\"edit\":[[{\"name\":\"email\",\"size\":6}]],\"list\":[\"id\",\"email\",\"createdAt\"]},\"uid\":\"api::subscribe.subscribe\"}','object',NULL,NULL);
/*!40000 ALTER TABLE `strapi_core_store_settings` ENABLE KEYS */;
UNLOCK TABLES;

--
-- Table structure for table `strapi_database_schema`
--

DROP TABLE IF EXISTS `strapi_database_schema`;
/*!40101 SET @saved_cs_client     = @@character_set_client */;
/*!50503 SET character_set_client = utf8mb4 */;
CREATE TABLE `strapi_database_schema` (
  `id` int unsigned NOT NULL AUTO_INCREMENT,
  `schema` json DEFAULT NULL,
  `time` datetime DEFAULT NULL,
  `hash` varchar(255) DEFAULT NULL,
  PRIMARY KEY (`id`)
) ENGINE=InnoDB AUTO_INCREMENT=15 DEFAULT CHARSET=utf8mb4 COLLATE=utf8mb4_0900_ai_ci;
/*!40101 SET character_set_client = @saved_cs_client */;

--
-- Dumping data for table `strapi_database_schema`
--

LOCK TABLES `strapi_database_schema` WRITE;
/*!40000 ALTER TABLE `strapi_database_schema` DISABLE KEYS */;
INSERT INTO `strapi_database_schema` VALUES (14,'{\"tables\": [{\"name\": \"forms_cmps\", \"columns\": [{\"args\": [{\"primary\": true, \"primaryKey\": true}], \"name\": \"id\", \"type\": \"increments\", \"unsigned\": false, \"defaultTo\": null, \"notNullable\": true}, {\"args\": [], \"name\": \"entity_id\", \"type\": \"integer\", \"unsigned\": true, \"defaultTo\": null, \"notNullable\": false}, {\"args\": [], \"name\": \"cmp_id\", \"type\": \"integer\", \"unsigned\": true, \"defaultTo\": null, \"notNullable\": false}, {\"args\": [], \"name\": \"component_type\", \"type\": \"string\", \"unsigned\": false, \"defaultTo\": null, \"notNullable\": false}, {\"args\": [], \"name\": \"field\", \"type\": \"string\", \"unsigned\": false, \"defaultTo\": null, \"notNullable\": false}, {\"args\": [], \"name\": \"order\", \"type\": \"double\", \"unsigned\": true, \"defaultTo\": null, \"notNullable\": false}], \"indexes\": [{\"name\": \"forms_field_idx\", \"columns\": [\"field\"]}, {\"name\": \"forms_component_type_idx\", \"columns\": [\"component_type\"]}, {\"name\": \"forms_entity_fk\", \"columns\": [\"entity_id\"]}, {\"name\": \"forms_uq\", \"type\": \"unique\", \"columns\": [\"entity_id\", \"cmp_id\", \"field\", \"component_type\"]}], \"foreignKeys\": [{\"name\": \"forms_entity_fk\", \"columns\": [\"entity_id\"], \"onDelete\": \"CASCADE\", \"referencedTable\": \"forms\", \"referencedColumns\": [\"id\"]}]}, {\"name\": \"forms\", \"columns\": [{\"args\": [{\"primary\": true, \"primaryKey\": true}], \"name\": \"id\", \"type\": \"increments\", \"unsigned\": false, \"defaultTo\": null, \"notNullable\": true}, {\"args\": [], \"name\": \"document_id\", \"type\": \"string\", \"unsigned\": false, \"defaultTo\": null, \"notNullable\": false}, {\"args\": [], \"name\": \"team_name\", \"type\": \"string\", \"unsigned\": false, \"defaultTo\": null, \"notNullable\": false}, {\"args\": [\"longtext\"], \"name\": \"inspiration\", \"type\": \"text\", \"unsigned\": false, \"defaultTo\": null, \"notNullable\": false}, {\"args\": [\"longtext\"], \"name\": \"expectation\", \"type\": \"text\", \"unsigned\": false, \"defaultTo\": null, \"notNullable\": false}, {\"args\": [\"longtext\"], \"name\": \"interests\", \"type\": \"text\", \"unsigned\": false, \"defaultTo\": null, \"notNullable\": false}, {\"args\": [\"longtext\"], \"name\": \"expertises\", \"type\": \"text\", \"unsigned\": false, \"defaultTo\": null, \"notNullable\": false}, {\"args\": [{\"useTz\": false, \"precision\": 6}], \"name\": \"created_at\", \"type\": \"datetime\", \"unsigned\": false, \"defaultTo\": null, \"notNullable\": false}, {\"args\": [{\"useTz\": false, \"precision\": 6}], \"name\": \"updated_at\", \"type\": \"datetime\", \"unsigned\": false, \"defaultTo\": null, \"notNullable\": false}, {\"args\": [{\"useTz\": false, \"precision\": 6}], \"name\": \"published_at\", \"type\": \"datetime\", \"unsigned\": false, \"defaultTo\": null, \"notNullable\": false}, {\"args\": [], \"name\": \"created_by_id\", \"type\": \"integer\", \"unsigned\": true, \"defaultTo\": null, \"notNullable\": false}, {\"args\": [], \"name\": \"updated_by_id\", \"type\": \"integer\", \"unsigned\": true, \"defaultTo\": null, \"notNullable\": false}, {\"args\": [], \"name\": \"locale\", \"type\": \"string\", \"unsigned\": false, \"defaultTo\": null, \"notNullable\": false}], \"indexes\": [{\"name\": \"forms_documents_idx\", \"columns\": [\"document_id\", \"locale\", \"published_at\"]}, {\"name\": \"forms_created_by_id_fk\", \"columns\": [\"created_by_id\"]}, {\"name\": \"forms_updated_by_id_fk\", \"columns\": [\"updated_by_id\"]}], \"foreignKeys\": [{\"name\": \"forms_created_by_id_fk\", \"columns\": [\"created_by_id\"], \"onDelete\": \"SET NULL\", \"referencedTable\": \"admin_users\", \"referencedColumns\": [\"id\"]}, {\"name\": \"forms_updated_by_id_fk\", \"columns\": [\"updated_by_id\"], \"onDelete\": \"SET NULL\", \"referencedTable\": \"admin_users\", \"referencedColumns\": [\"id\"]}]}, {\"name\": \"subscribes\", \"columns\": [{\"args\": [{\"primary\": true, \"primaryKey\": true}], \"name\": \"id\", \"type\": \"increments\", \"unsigned\": false, \"defaultTo\": null, \"notNullable\": true}, {\"args\": [], \"name\": \"document_id\", \"type\": \"string\", \"unsigned\": false, \"defaultTo\": null, \"notNullable\": false}, {\"args\": [], \"name\": \"email\", \"type\": \"string\", \"unsigned\": false, \"defaultTo\": null, \"notNullable\": false}, {\"args\": [{\"useTz\": false, \"precision\": 6}], \"name\": \"created_at\", \"type\": \"datetime\", \"unsigned\": false, \"defaultTo\": null, \"notNullable\": false}, {\"args\": [{\"useTz\": false, \"precision\": 6}], \"name\": \"updated_at\", \"type\": \"datetime\", \"unsigned\": false, \"defaultTo\": null, \"notNullable\": false}, {\"args\": [{\"useTz\": false, \"precision\": 6}], \"name\": \"published_at\", \"type\": \"datetime\", \"unsigned\": false, \"defaultTo\": null, \"notNullable\": false}, {\"args\": [], \"name\": \"created_by_id\", \"type\": \"integer\", \"unsigned\": true, \"defaultTo\": null, \"notNullable\": false}, {\"args\": [], \"name\": \"updated_by_id\", \"type\": \"integer\", \"unsigned\": true, \"defaultTo\": null, \"notNullable\": false}, {\"args\": [], \"name\": \"locale\", \"type\": \"string\", \"unsigned\": false, \"defaultTo\": null, \"notNullable\": false}], \"indexes\": [{\"name\": \"subscribes_documents_idx\", \"columns\": [\"document_id\", \"locale\", \"published_at\"]}, {\"name\": \"subscribes_created_by_id_fk\", \"columns\": [\"created_by_id\"]}, {\"name\": \"subscribes_updated_by_id_fk\", \"columns\": [\"updated_by_id\"]}], \"foreignKeys\": [{\"name\": \"subscribes_created_by_id_fk\", \"columns\": [\"created_by_id\"], \"onDelete\": \"SET NULL\", \"referencedTable\": \"admin_users\", \"referencedColumns\": [\"id\"]}, {\"name\": \"subscribes_updated_by_id_fk\", \"columns\": [\"updated_by_id\"], \"onDelete\": \"SET NULL\", \"referencedTable\": \"admin_users\", \"referencedColumns\": [\"id\"]}]}, {\"name\": \"files\", \"columns\": [{\"args\": [{\"primary\": true, \"primaryKey\": true}], \"name\": \"id\", \"type\": \"increments\", \"unsigned\": false, \"defaultTo\": null, \"notNullable\": true}, {\"args\": [], \"name\": \"document_id\", \"type\": \"string\", \"unsigned\": false, \"defaultTo\": null, \"notNullable\": false}, {\"args\": [], \"name\": \"name\", \"type\": \"string\", \"unsigned\": false, \"defaultTo\": null, \"notNullable\": false}, {\"args\": [], \"name\": \"alternative_text\", \"type\": \"string\", \"unsigned\": false, \"defaultTo\": null, \"notNullable\": false}, {\"args\": [], \"name\": \"caption\", \"type\": \"string\", \"unsigned\": false, \"defaultTo\": null, \"notNullable\": false}, {\"args\": [], \"name\": \"width\", \"type\": \"integer\", \"unsigned\": false, \"defaultTo\": null, \"notNullable\": false}, {\"args\": [], \"name\": \"height\", \"type\": \"integer\", \"unsigned\": false, \"defaultTo\": null, \"notNullable\": false}, {\"args\": [], \"name\": \"formats\", \"type\": \"jsonb\", \"unsigned\": false, \"defaultTo\": null, \"notNullable\": false}, {\"args\": [], \"name\": \"hash\", \"type\": \"string\", \"unsigned\": false, \"defaultTo\": null, \"notNullable\": false}, {\"args\": [], \"name\": \"ext\", \"type\": \"string\", \"unsigned\": false, \"defaultTo\": null, \"notNullable\": false}, {\"args\": [], \"name\": \"mime\", \"type\": \"string\", \"unsigned\": false, \"defaultTo\": null, \"notNullable\": false}, {\"args\": [10, 2], \"name\": \"size\", \"type\": \"decimal\", \"unsigned\": false, \"defaultTo\": null, \"notNullable\": false}, {\"args\": [], \"name\": \"url\", \"type\": \"string\", \"unsigned\": false, \"defaultTo\": null, \"notNullable\": false}, {\"args\": [], \"name\": \"preview_url\", \"type\": \"string\", \"unsigned\": false, \"defaultTo\": null, \"notNullable\": false}, {\"args\": [], \"name\": \"provider\", \"type\": \"string\", \"unsigned\": false, \"defaultTo\": null, \"notNullable\": false}, {\"args\": [], \"name\": \"provider_metadata\", \"type\": \"jsonb\", \"unsigned\": false, \"defaultTo\": null, \"notNullable\": false}, {\"args\": [], \"name\": \"folder_path\", \"type\": \"string\", \"unsigned\": false, \"defaultTo\": null, \"notNullable\": false}, {\"args\": [{\"useTz\": false, \"precision\": 6}], \"name\": \"created_at\", \"type\": \"datetime\", \"unsigned\": false, \"defaultTo\": null, \"notNullable\": false}, {\"args\": [{\"useTz\": false, \"precision\": 6}], \"name\": \"updated_at\", \"type\": \"datetime\", \"unsigned\": false, \"defaultTo\": null, \"notNullable\": false}, {\"args\": [{\"useTz\": false, \"precision\": 6}], \"name\": \"published_at\", \"type\": \"datetime\", \"unsigned\": false, \"defaultTo\": null, \"notNullable\": false}, {\"args\": [], \"name\": \"created_by_id\", \"type\": \"integer\", \"unsigned\": true, \"defaultTo\": null, \"notNullable\": false}, {\"args\": [], \"name\": \"updated_by_id\", \"type\": \"integer\", \"unsigned\": true, \"defaultTo\": null, \"notNullable\": false}, {\"args\": [], \"name\": \"locale\", \"type\": \"string\", \"unsigned\": false, \"defaultTo\": null, \"notNullable\": false}], \"indexes\": [{\"name\": \"upload_files_folder_path_index\", \"type\": null, \"columns\": [\"folder_path\"]}, {\"name\": \"upload_files_created_at_index\", \"type\": null, \"columns\": [\"created_at\"]}, {\"name\": \"upload_files_updated_at_index\", \"type\": null, \"columns\": [\"updated_at\"]}, {\"name\": \"upload_files_name_index\", \"type\": null, \"columns\": [\"name\"]}, {\"name\": \"upload_files_size_index\", \"type\": null, \"columns\": [\"size\"]}, {\"name\": \"upload_files_ext_index\", \"type\": null, \"columns\": [\"ext\"]}, {\"name\": \"files_documents_idx\", \"columns\": [\"document_id\", \"locale\", \"published_at\"]}, {\"name\": \"files_created_by_id_fk\", \"columns\": [\"created_by_id\"]}, {\"name\": \"files_updated_by_id_fk\", \"columns\": [\"updated_by_id\"]}], \"foreignKeys\": [{\"name\": \"files_created_by_id_fk\", \"columns\": [\"created_by_id\"], \"onDelete\": \"SET NULL\", \"referencedTable\": \"admin_users\", \"referencedColumns\": [\"id\"]}, {\"name\": \"files_updated_by_id_fk\", \"columns\": [\"updated_by_id\"], \"onDelete\": \"SET NULL\", \"referencedTable\": \"admin_users\", \"referencedColumns\": [\"id\"]}]}, {\"name\": \"upload_folders\", \"columns\": [{\"args\": [{\"primary\": true, \"primaryKey\": true}], \"name\": \"id\", \"type\": \"increments\", \"unsigned\": false, \"defaultTo\": null, \"notNullable\": true}, {\"args\": [], \"name\": \"document_id\", \"type\": \"string\", \"unsigned\": false, \"defaultTo\": null, \"notNullable\": false}, {\"args\": [], \"name\": \"name\", \"type\": \"string\", \"unsigned\": false, \"defaultTo\": null, \"notNullable\": false}, {\"args\": [], \"name\": \"path_id\", \"type\": \"integer\", \"unsigned\": false, \"defaultTo\": null, \"notNullable\": false}, {\"args\": [], \"name\": \"path\", \"type\": \"string\", \"unsigned\": false, \"defaultTo\": null, \"notNullable\": false}, {\"args\": [{\"useTz\": false, \"precision\": 6}], \"name\": \"created_at\", \"type\": \"datetime\", \"unsigned\": false, \"defaultTo\": null, \"notNullable\": false}, {\"args\": [{\"useTz\": false, \"precision\": 6}], \"name\": \"updated_at\", \"type\": \"datetime\", \"unsigned\": false, \"defaultTo\": null, \"notNullable\": false}, {\"args\": [{\"useTz\": false, \"precision\": 6}], \"name\": \"published_at\", \"type\": \"datetime\", \"unsigned\": false, \"defaultTo\": null, \"notNullable\": false}, {\"args\": [], \"name\": \"created_by_id\", \"type\": \"integer\", \"unsigned\": true, \"defaultTo\": null, \"notNullable\": false}, {\"args\": [], \"name\": \"updated_by_id\", \"type\": \"integer\", \"unsigned\": true, \"defaultTo\": null, \"notNullable\": false}, {\"args\": [], \"name\": \"locale\", \"type\": \"string\", \"unsigned\": false, \"defaultTo\": null, \"notNullable\": false}], \"indexes\": [{\"name\": \"upload_folders_path_id_index\", \"type\": \"unique\", \"columns\": [\"path_id\"]}, {\"name\": \"upload_folders_path_index\", \"type\": \"unique\", \"columns\": [\"path\"]}, {\"name\": \"upload_folders_documents_idx\", \"columns\": [\"document_id\", \"locale\", \"published_at\"]}, {\"name\": \"upload_folders_created_by_id_fk\", \"columns\": [\"created_by_id\"]}, {\"name\": \"upload_folders_updated_by_id_fk\", \"columns\": [\"updated_by_id\"]}], \"foreignKeys\": [{\"name\": \"upload_folders_created_by_id_fk\", \"columns\": [\"created_by_id\"], \"onDelete\": \"SET NULL\", \"referencedTable\": \"admin_users\", \"referencedColumns\": [\"id\"]}, {\"name\": \"upload_folders_updated_by_id_fk\", \"columns\": [\"updated_by_id\"], \"onDelete\": \"SET NULL\", \"referencedTable\": \"admin_users\", \"referencedColumns\": [\"id\"]}]}, {\"name\": \"i18n_locale\", \"columns\": [{\"args\": [{\"primary\": true, \"primaryKey\": true}], \"name\": \"id\", \"type\": \"increments\", \"unsigned\": false, \"defaultTo\": null, \"notNullable\": true}, {\"args\": [], \"name\": \"document_id\", \"type\": \"string\", \"unsigned\": false, \"defaultTo\": null, \"notNullable\": false}, {\"args\": [], \"name\": \"name\", \"type\": \"string\", \"unsigned\": false, \"defaultTo\": null, \"notNullable\": false}, {\"args\": [], \"name\": \"code\", \"type\": \"string\", \"unsigned\": false, \"defaultTo\": null, \"notNullable\": false}, {\"args\": [{\"useTz\": false, \"precision\": 6}], \"name\": \"created_at\", \"type\": \"datetime\", \"unsigned\": false, \"defaultTo\": null, \"notNullable\": false}, {\"args\": [{\"useTz\": false, \"precision\": 6}], \"name\": \"updated_at\", \"type\": \"datetime\", \"unsigned\": false, \"defaultTo\": null, \"notNullable\": false}, {\"args\": [{\"useTz\": false, \"precision\": 6}], \"name\": \"published_at\", \"type\": \"datetime\", \"unsigned\": false, \"defaultTo\": null, \"notNullable\": false}, {\"args\": [], \"name\": \"created_by_id\", \"type\": \"integer\", \"unsigned\": true, \"defaultTo\": null, \"notNullable\": false}, {\"args\": [], \"name\": \"updated_by_id\", \"type\": \"integer\", \"unsigned\": true, \"defaultTo\": null, \"notNullable\": false}, {\"args\": [], \"name\": \"locale\", \"type\": \"string\", \"unsigned\": false, \"defaultTo\": null, \"notNullable\": false}], \"indexes\": [{\"name\": \"i18n_locale_documents_idx\", \"columns\": [\"document_id\", \"locale\", \"published_at\"]}, {\"name\": \"i18n_locale_created_by_id_fk\", \"columns\": [\"created_by_id\"]}, {\"name\": \"i18n_locale_updated_by_id_fk\", \"columns\": [\"updated_by_id\"]}], \"foreignKeys\": [{\"name\": \"i18n_locale_created_by_id_fk\", \"columns\": [\"created_by_id\"], \"onDelete\": \"SET NULL\", \"referencedTable\": \"admin_users\", \"referencedColumns\": [\"id\"]}, {\"name\": \"i18n_locale_updated_by_id_fk\", \"columns\": [\"updated_by_id\"], \"onDelete\": \"SET NULL\", \"referencedTable\": \"admin_users\", \"referencedColumns\": [\"id\"]}]}, {\"name\": \"strapi_releases\", \"columns\": [{\"args\": [{\"primary\": true, \"primaryKey\": true}], \"name\": \"id\", \"type\": \"increments\", \"unsigned\": false, \"defaultTo\": null, \"notNullable\": true}, {\"args\": [], \"name\": \"document_id\", \"type\": \"string\", \"unsigned\": false, \"defaultTo\": null, \"notNullable\": false}, {\"args\": [], \"name\": \"name\", \"type\": \"string\", \"unsigned\": false, \"defaultTo\": null, \"notNullable\": false}, {\"args\": [{\"useTz\": false, \"precision\": 6}], \"name\": \"released_at\", \"type\": \"datetime\", \"unsigned\": false, \"defaultTo\": null, \"notNullable\": false}, {\"args\": [{\"useTz\": false, \"precision\": 6}], \"name\": \"scheduled_at\", \"type\": \"datetime\", \"unsigned\": false, \"defaultTo\": null, \"notNullable\": false}, {\"args\": [], \"name\": \"timezone\", \"type\": \"string\", \"unsigned\": false, \"defaultTo\": null, \"notNullable\": false}, {\"args\": [], \"name\": \"status\", \"type\": \"string\", \"unsigned\": false, \"defaultTo\": null, \"notNullable\": false}, {\"args\": [{\"useTz\": false, \"precision\": 6}], \"name\": \"created_at\", \"type\": \"datetime\", \"unsigned\": false, \"defaultTo\": null, \"notNullable\": false}, {\"args\": [{\"useTz\": false, \"precision\": 6}], \"name\": \"updated_at\", \"type\": \"datetime\", \"unsigned\": false, \"defaultTo\": null, \"notNullable\": false}, {\"args\": [{\"useTz\": false, \"precision\": 6}], \"name\": \"published_at\", \"type\": \"datetime\", \"unsigned\": false, \"defaultTo\": null, \"notNullable\": false}, {\"args\": [], \"name\": \"created_by_id\", \"type\": \"integer\", \"unsigned\": true, \"defaultTo\": null, \"notNullable\": false}, {\"args\": [], \"name\": \"updated_by_id\", \"type\": \"integer\", \"unsigned\": true, \"defaultTo\": null, \"notNullable\": false}, {\"args\": [], \"name\": \"locale\", \"type\": \"string\", \"unsigned\": false, \"defaultTo\": null, \"notNullable\": false}], \"indexes\": [{\"name\": \"strapi_releases_documents_idx\", \"columns\": [\"document_id\", \"locale\", \"published_at\"]}, {\"name\": \"strapi_releases_created_by_id_fk\", \"columns\": [\"created_by_id\"]}, {\"name\": \"strapi_releases_updated_by_id_fk\", \"columns\": [\"updated_by_id\"]}], \"foreignKeys\": [{\"name\": \"strapi_releases_created_by_id_fk\", \"columns\": [\"created_by_id\"], \"onDelete\": \"SET NULL\", \"referencedTable\": \"admin_users\", \"referencedColumns\": [\"id\"]}, {\"name\": \"strapi_releases_updated_by_id_fk\", \"columns\": [\"updated_by_id\"], \"onDelete\": \"SET NULL\", \"referencedTable\": \"admin_users\", \"referencedColumns\": [\"id\"]}]}, {\"name\": \"strapi_release_actions\", \"columns\": [{\"args\": [{\"primary\": true, \"primaryKey\": true}], \"name\": \"id\", \"type\": \"increments\", \"unsigned\": false, \"defaultTo\": null, \"notNullable\": true}, {\"args\": [], \"name\": \"document_id\", \"type\": \"string\", \"unsigned\": false, \"defaultTo\": null, \"notNullable\": false}, {\"args\": [], \"name\": \"type\", \"type\": \"string\", \"unsigned\": false, \"defaultTo\": null, \"notNullable\": false}, {\"args\": [], \"name\": \"content_type\", \"type\": \"string\", \"unsigned\": false, \"defaultTo\": null, \"notNullable\": false}, {\"args\": [], \"name\": \"entry_document_id\", \"type\": \"string\", \"unsigned\": false, \"defaultTo\": null, \"notNullable\": false}, {\"args\": [], \"name\": \"locale\", \"type\": \"string\", \"unsigned\": false, \"defaultTo\": null, \"notNullable\": false}, {\"args\": [], \"name\": \"is_entry_valid\", \"type\": \"boolean\", \"unsigned\": false, \"defaultTo\": null, \"notNullable\": false}, {\"args\": [{\"useTz\": false, \"precision\": 6}], \"name\": \"created_at\", \"type\": \"datetime\", \"unsigned\": false, \"defaultTo\": null, \"notNullable\": false}, {\"args\": [{\"useTz\": false, \"precision\": 6}], \"name\": \"updated_at\", \"type\": \"datetime\", \"unsigned\": false, \"defaultTo\": null, \"notNullable\": false}, {\"args\": [{\"useTz\": false, \"precision\": 6}], \"name\": \"published_at\", \"type\": \"datetime\", \"unsigned\": false, \"defaultTo\": null, \"notNullable\": false}, {\"args\": [], \"name\": \"created_by_id\", \"type\": \"integer\", \"unsigned\": true, \"defaultTo\": null, \"notNullable\": false}, {\"args\": [], \"name\": \"updated_by_id\", \"type\": \"integer\", \"unsigned\": true, \"defaultTo\": null, \"notNullable\": false}], \"indexes\": [{\"name\": \"strapi_release_actions_documents_idx\", \"columns\": [\"document_id\", \"locale\", \"published_at\"]}, {\"name\": \"strapi_release_actions_created_by_id_fk\", \"columns\": [\"created_by_id\"]}, {\"name\": \"strapi_release_actions_updated_by_id_fk\", \"columns\": [\"updated_by_id\"]}], \"foreignKeys\": [{\"name\": \"strapi_release_actions_created_by_id_fk\", \"columns\": [\"created_by_id\"], \"onDelete\": \"SET NULL\", \"referencedTable\": \"admin_users\", \"referencedColumns\": [\"id\"]}, {\"name\": \"strapi_release_actions_updated_by_id_fk\", \"columns\": [\"updated_by_id\"], \"onDelete\": \"SET NULL\", \"referencedTable\": \"admin_users\", \"referencedColumns\": [\"id\"]}]}, {\"name\": \"strapi_workflows\", \"columns\": [{\"args\": [{\"primary\": true, \"primaryKey\": true}], \"name\": \"id\", \"type\": \"increments\", \"unsigned\": false, \"defaultTo\": null, \"notNullable\": true}, {\"args\": [], \"name\": \"document_id\", \"type\": \"string\", \"unsigned\": false, \"defaultTo\": null, \"notNullable\": false}, {\"args\": [], \"name\": \"name\", \"type\": \"string\", \"unsigned\": false, \"defaultTo\": null, \"notNullable\": false}, {\"args\": [], \"name\": \"content_types\", \"type\": \"jsonb\", \"unsigned\": false, \"defaultTo\": null, \"notNullable\": false}, {\"args\": [{\"useTz\": false, \"precision\": 6}], \"name\": \"created_at\", \"type\": \"datetime\", \"unsigned\": false, \"defaultTo\": null, \"notNullable\": false}, {\"args\": [{\"useTz\": false, \"precision\": 6}], \"name\": \"updated_at\", \"type\": \"datetime\", \"unsigned\": false, \"defaultTo\": null, \"notNullable\": false}, {\"args\": [{\"useTz\": false, \"precision\": 6}], \"name\": \"published_at\", \"type\": \"datetime\", \"unsigned\": false, \"defaultTo\": null, \"notNullable\": false}, {\"args\": [], \"name\": \"created_by_id\", \"type\": \"integer\", \"unsigned\": true, \"defaultTo\": null, \"notNullable\": false}, {\"args\": [], \"name\": \"updated_by_id\", \"type\": \"integer\", \"unsigned\": true, \"defaultTo\": null, \"notNullable\": false}, {\"args\": [], \"name\": \"locale\", \"type\": \"string\", \"unsigned\": false, \"defaultTo\": null, \"notNullable\": false}], \"indexes\": [{\"name\": \"strapi_workflows_documents_idx\", \"columns\": [\"document_id\", \"locale\", \"published_at\"]}, {\"name\": \"strapi_workflows_created_by_id_fk\", \"columns\": [\"created_by_id\"]}, {\"name\": \"strapi_workflows_updated_by_id_fk\", \"columns\": [\"updated_by_id\"]}], \"foreignKeys\": [{\"name\": \"strapi_workflows_created_by_id_fk\", \"columns\": [\"created_by_id\"], \"onDelete\": \"SET NULL\", \"referencedTable\": \"admin_users\", \"referencedColumns\": [\"id\"]}, {\"name\": \"strapi_workflows_updated_by_id_fk\", \"columns\": [\"updated_by_id\"], \"onDelete\": \"SET NULL\", \"referencedTable\": \"admin_users\", \"referencedColumns\": [\"id\"]}]}, {\"name\": \"strapi_workflows_stages\", \"columns\": [{\"args\": [{\"primary\": true, \"primaryKey\": true}], \"name\": \"id\", \"type\": \"increments\", \"unsigned\": false, \"defaultTo\": null, \"notNullable\": true}, {\"args\": [], \"name\": \"document_id\", \"type\": \"string\", \"unsigned\": false, \"defaultTo\": null, \"notNullable\": false}, {\"args\": [], \"name\": \"name\", \"type\": \"string\", \"unsigned\": false, \"defaultTo\": null, \"notNullable\": false}, {\"args\": [], \"name\": \"color\", \"type\": \"string\", \"unsigned\": false, \"defaultTo\": null, \"notNullable\": false}, {\"args\": [{\"useTz\": false, \"precision\": 6}], \"name\": \"created_at\", \"type\": \"datetime\", \"unsigned\": false, \"defaultTo\": null, \"notNullable\": false}, {\"args\": [{\"useTz\": false, \"precision\": 6}], \"name\": \"updated_at\", \"type\": \"datetime\", \"unsigned\": false, \"defaultTo\": null, \"notNullable\": false}, {\"args\": [{\"useTz\": false, \"precision\": 6}], \"name\": \"published_at\", \"type\": \"datetime\", \"unsigned\": false, \"defaultTo\": null, \"notNullable\": false}, {\"args\": [], \"name\": \"created_by_id\", \"type\": \"integer\", \"unsigned\": true, \"defaultTo\": null, \"notNullable\": false}, {\"args\": [], \"name\": \"updated_by_id\", \"type\": \"integer\", \"unsigned\": true, \"defaultTo\": null, \"notNullable\": false}, {\"args\": [], \"name\": \"locale\", \"type\": \"string\", \"unsigned\": false, \"defaultTo\": null, \"notNullable\": false}], \"indexes\": [{\"name\": \"strapi_workflows_stages_documents_idx\", \"columns\": [\"document_id\", \"locale\", \"published_at\"]}, {\"name\": \"strapi_workflows_stages_created_by_id_fk\", \"columns\": [\"created_by_id\"]}, {\"name\": \"strapi_workflows_stages_updated_by_id_fk\", \"columns\": [\"updated_by_id\"]}], \"foreignKeys\": [{\"name\": \"strapi_workflows_stages_created_by_id_fk\", \"columns\": [\"created_by_id\"], \"onDelete\": \"SET NULL\", \"referencedTable\": \"admin_users\", \"referencedColumns\": [\"id\"]}, {\"name\": \"strapi_workflows_stages_updated_by_id_fk\", \"columns\": [\"updated_by_id\"], \"onDelete\": \"SET NULL\", \"referencedTable\": \"admin_users\", \"referencedColumns\": [\"id\"]}]}, {\"name\": \"up_permissions\", \"columns\": [{\"args\": [{\"primary\": true, \"primaryKey\": true}], \"name\": \"id\", \"type\": \"increments\", \"unsigned\": false, \"defaultTo\": null, \"notNullable\": true}, {\"args\": [], \"name\": \"document_id\", \"type\": \"string\", \"unsigned\": false, \"defaultTo\": null, \"notNullable\": false}, {\"args\": [], \"name\": \"action\", \"type\": \"string\", \"unsigned\": false, \"defaultTo\": null, \"notNullable\": false}, {\"args\": [{\"useTz\": false, \"precision\": 6}], \"name\": \"created_at\", \"type\": \"datetime\", \"unsigned\": false, \"defaultTo\": null, \"notNullable\": false}, {\"args\": [{\"useTz\": false, \"precision\": 6}], \"name\": \"updated_at\", \"type\": \"datetime\", \"unsigned\": false, \"defaultTo\": null, \"notNullable\": false}, {\"args\": [{\"useTz\": false, \"precision\": 6}], \"name\": \"published_at\", \"type\": \"datetime\", \"unsigned\": false, \"defaultTo\": null, \"notNullable\": false}, {\"args\": [], \"name\": \"created_by_id\", \"type\": \"integer\", \"unsigned\": true, \"defaultTo\": null, \"notNullable\": false}, {\"args\": [], \"name\": \"updated_by_id\", \"type\": \"integer\", \"unsigned\": true, \"defaultTo\": null, \"notNullable\": false}, {\"args\": [], \"name\": \"locale\", \"type\": \"string\", \"unsigned\": false, \"defaultTo\": null, \"notNullable\": false}], \"indexes\": [{\"name\": \"up_permissions_documents_idx\", \"columns\": [\"document_id\", \"locale\", \"published_at\"]}, {\"name\": \"up_permissions_created_by_id_fk\", \"columns\": [\"created_by_id\"]}, {\"name\": \"up_permissions_updated_by_id_fk\", \"columns\": [\"updated_by_id\"]}], \"foreignKeys\": [{\"name\": \"up_permissions_created_by_id_fk\", \"columns\": [\"created_by_id\"], \"onDelete\": \"SET NULL\", \"referencedTable\": \"admin_users\", \"referencedColumns\": [\"id\"]}, {\"name\": \"up_permissions_updated_by_id_fk\", \"columns\": [\"updated_by_id\"], \"onDelete\": \"SET NULL\", \"referencedTable\": \"admin_users\", \"referencedColumns\": [\"id\"]}]}, {\"name\": \"up_roles\", \"columns\": [{\"args\": [{\"primary\": true, \"primaryKey\": true}], \"name\": \"id\", \"type\": \"increments\", \"unsigned\": false, \"defaultTo\": null, \"notNullable\": true}, {\"args\": [], \"name\": \"document_id\", \"type\": \"string\", \"unsigned\": false, \"defaultTo\": null, \"notNullable\": false}, {\"args\": [], \"name\": \"name\", \"type\": \"string\", \"unsigned\": false, \"defaultTo\": null, \"notNullable\": false}, {\"args\": [], \"name\": \"description\", \"type\": \"string\", \"unsigned\": false, \"defaultTo\": null, \"notNullable\": false}, {\"args\": [], \"name\": \"type\", \"type\": \"string\", \"unsigned\": false, \"defaultTo\": null, \"notNullable\": false}, {\"args\": [{\"useTz\": false, \"precision\": 6}], \"name\": \"created_at\", \"type\": \"datetime\", \"unsigned\": false, \"defaultTo\": null, \"notNullable\": false}, {\"args\": [{\"useTz\": false, \"precision\": 6}], \"name\": \"updated_at\", \"type\": \"datetime\", \"unsigned\": false, \"defaultTo\": null, \"notNullable\": false}, {\"args\": [{\"useTz\": false, \"precision\": 6}], \"name\": \"published_at\", \"type\": \"datetime\", \"unsigned\": false, \"defaultTo\": null, \"notNullable\": false}, {\"args\": [], \"name\": \"created_by_id\", \"type\": \"integer\", \"unsigned\": true, \"defaultTo\": null, \"notNullable\": false}, {\"args\": [], \"name\": \"updated_by_id\", \"type\": \"integer\", \"unsigned\": true, \"defaultTo\": null, \"notNullable\": false}, {\"args\": [], \"name\": \"locale\", \"type\": \"string\", \"unsigned\": false, \"defaultTo\": null, \"notNullable\": false}], \"indexes\": [{\"name\": \"up_roles_documents_idx\", \"columns\": [\"document_id\", \"locale\", \"published_at\"]}, {\"name\": \"up_roles_created_by_id_fk\", \"columns\": [\"created_by_id\"]}, {\"name\": \"up_roles_updated_by_id_fk\", \"columns\": [\"updated_by_id\"]}], \"foreignKeys\": [{\"name\": \"up_roles_created_by_id_fk\", \"columns\": [\"created_by_id\"], \"onDelete\": \"SET NULL\", \"referencedTable\": \"admin_users\", \"referencedColumns\": [\"id\"]}, {\"name\": \"up_roles_updated_by_id_fk\", \"columns\": [\"updated_by_id\"], \"onDelete\": \"SET NULL\", \"referencedTable\": \"admin_users\", \"referencedColumns\": [\"id\"]}]}, {\"name\": \"up_users\", \"columns\": [{\"args\": [{\"primary\": true, \"primaryKey\": true}], \"name\": \"id\", \"type\": \"increments\", \"unsigned\": false, \"defaultTo\": null, \"notNullable\": true}, {\"args\": [], \"name\": \"document_id\", \"type\": \"string\", \"unsigned\": false, \"defaultTo\": null, \"notNullable\": false}, {\"args\": [], \"name\": \"username\", \"type\": \"string\", \"unsigned\": false, \"defaultTo\": null, \"notNullable\": false}, {\"args\": [], \"name\": \"email\", \"type\": \"string\", \"unsigned\": false, \"defaultTo\": null, \"notNullable\": false}, {\"args\": [], \"name\": \"provider\", \"type\": \"string\", \"unsigned\": false, \"defaultTo\": null, \"notNullable\": false}, {\"args\": [], \"name\": \"password\", \"type\": \"string\", \"unsigned\": false, \"defaultTo\": null, \"notNullable\": false}, {\"args\": [], \"name\": \"reset_password_token\", \"type\": \"string\", \"unsigned\": false, \"defaultTo\": null, \"notNullable\": false}, {\"args\": [], \"name\": \"confirmation_token\", \"type\": \"string\", \"unsigned\": false, \"defaultTo\": null, \"notNullable\": false}, {\"args\": [], \"name\": \"confirmed\", \"type\": \"boolean\", \"unsigned\": false, \"defaultTo\": null, \"notNullable\": false}, {\"args\": [], \"name\": \"blocked\", \"type\": \"boolean\", \"unsigned\": false, \"defaultTo\": null, \"notNullable\": false}, {\"args\": [{\"useTz\": false, \"precision\": 6}], \"name\": \"created_at\", \"type\": \"datetime\", \"unsigned\": false, \"defaultTo\": null, \"notNullable\": false}, {\"args\": [{\"useTz\": false, \"precision\": 6}], \"name\": \"updated_at\", \"type\": \"datetime\", \"unsigned\": false, \"defaultTo\": null, \"notNullable\": false}, {\"args\": [{\"useTz\": false, \"precision\": 6}], \"name\": \"published_at\", \"type\": \"datetime\", \"unsigned\": false, \"defaultTo\": null, \"notNullable\": false}, {\"args\": [], \"name\": \"created_by_id\", \"type\": \"integer\", \"unsigned\": true, \"defaultTo\": null, \"notNullable\": false}, {\"args\": [], \"name\": \"updated_by_id\", \"type\": \"integer\", \"unsigned\": true, \"defaultTo\": null, \"notNullable\": false}, {\"args\": [], \"name\": \"locale\", \"type\": \"string\", \"unsigned\": false, \"defaultTo\": null, \"notNullable\": false}], \"indexes\": [{\"name\": \"up_users_documents_idx\", \"columns\": [\"document_id\", \"locale\", \"published_at\"]}, {\"name\": \"up_users_created_by_id_fk\", \"columns\": [\"created_by_id\"]}, {\"name\": \"up_users_updated_by_id_fk\", \"columns\": [\"updated_by_id\"]}], \"foreignKeys\": [{\"name\": \"up_users_created_by_id_fk\", \"columns\": [\"created_by_id\"], \"onDelete\": \"SET NULL\", \"referencedTable\": \"admin_users\", \"referencedColumns\": [\"id\"]}, {\"name\": \"up_users_updated_by_id_fk\", \"columns\": [\"updated_by_id\"], \"onDelete\": \"SET NULL\", \"referencedTable\": \"admin_users\", \"referencedColumns\": [\"id\"]}]}, {\"name\": \"admin_permissions\", \"columns\": [{\"args\": [{\"primary\": true, \"primaryKey\": true}], \"name\": \"id\", \"type\": \"increments\", \"unsigned\": false, \"defaultTo\": null, \"notNullable\": true}, {\"args\": [], \"name\": \"document_id\", \"type\": \"string\", \"unsigned\": false, \"defaultTo\": null, \"notNullable\": false}, {\"args\": [], \"name\": \"action\", \"type\": \"string\", \"unsigned\": false, \"defaultTo\": null, \"notNullable\": false}, {\"args\": [], \"name\": \"action_parameters\", \"type\": \"jsonb\", \"unsigned\": false, \"defaultTo\": null, \"notNullable\": false}, {\"args\": [], \"name\": \"subject\", \"type\": \"string\", \"unsigned\": false, \"defaultTo\": null, \"notNullable\": false}, {\"args\": [], \"name\": \"properties\", \"type\": \"jsonb\", \"unsigned\": false, \"defaultTo\": null, \"notNullable\": false}, {\"args\": [], \"name\": \"conditions\", \"type\": \"jsonb\", \"unsigned\": false, \"defaultTo\": null, \"notNullable\": false}, {\"args\": [{\"useTz\": false, \"precision\": 6}], \"name\": \"created_at\", \"type\": \"datetime\", \"unsigned\": false, \"defaultTo\": null, \"notNullable\": false}, {\"args\": [{\"useTz\": false, \"precision\": 6}], \"name\": \"updated_at\", \"type\": \"datetime\", \"unsigned\": false, \"defaultTo\": null, \"notNullable\": false}, {\"args\": [{\"useTz\": false, \"precision\": 6}], \"name\": \"published_at\", \"type\": \"datetime\", \"unsigned\": false, \"defaultTo\": null, \"notNullable\": false}, {\"args\": [], \"name\": \"created_by_id\", \"type\": \"integer\", \"unsigned\": true, \"defaultTo\": null, \"notNullable\": false}, {\"args\": [], \"name\": \"updated_by_id\", \"type\": \"integer\", \"unsigned\": true, \"defaultTo\": null, \"notNullable\": false}, {\"args\": [], \"name\": \"locale\", \"type\": \"string\", \"unsigned\": false, \"defaultTo\": null, \"notNullable\": false}], \"indexes\": [{\"name\": \"admin_permissions_documents_idx\", \"columns\": [\"document_id\", \"locale\", \"published_at\"]}, {\"name\": \"admin_permissions_created_by_id_fk\", \"columns\": [\"created_by_id\"]}, {\"name\": \"admin_permissions_updated_by_id_fk\", \"columns\": [\"updated_by_id\"]}], \"foreignKeys\": [{\"name\": \"admin_permissions_created_by_id_fk\", \"columns\": [\"created_by_id\"], \"onDelete\": \"SET NULL\", \"referencedTable\": \"admin_users\", \"referencedColumns\": [\"id\"]}, {\"name\": \"admin_permissions_updated_by_id_fk\", \"columns\": [\"updated_by_id\"], \"onDelete\": \"SET NULL\", \"referencedTable\": \"admin_users\", \"referencedColumns\": [\"id\"]}]}, {\"name\": \"admin_users\", \"columns\": [{\"args\": [{\"primary\": true, \"primaryKey\": true}], \"name\": \"id\", \"type\": \"increments\", \"unsigned\": false, \"defaultTo\": null, \"notNullable\": true}, {\"args\": [], \"name\": \"document_id\", \"type\": \"string\", \"unsigned\": false, \"defaultTo\": null, \"notNullable\": false}, {\"args\": [], \"name\": \"firstname\", \"type\": \"string\", \"unsigned\": false, \"defaultTo\": null, \"notNullable\": false}, {\"args\": [], \"name\": \"lastname\", \"type\": \"string\", \"unsigned\": false, \"defaultTo\": null, \"notNullable\": false}, {\"args\": [], \"name\": \"username\", \"type\": \"string\", \"unsigned\": false, \"defaultTo\": null, \"notNullable\": false}, {\"args\": [], \"name\": \"email\", \"type\": \"string\", \"unsigned\": false, \"defaultTo\": null, \"notNullable\": false}, {\"args\": [], \"name\": \"password\", \"type\": \"string\", \"unsigned\": false, \"defaultTo\": null, \"notNullable\": false}, {\"args\": [], \"name\": \"reset_password_token\", \"type\": \"string\", \"unsigned\": false, \"defaultTo\": null, \"notNullable\": false}, {\"args\": [], \"name\": \"registration_token\", \"type\": \"string\", \"unsigned\": false, \"defaultTo\": null, \"notNullable\": false}, {\"args\": [], \"name\": \"is_active\", \"type\": \"boolean\", \"unsigned\": false, \"defaultTo\": null, \"notNullable\": false}, {\"args\": [], \"name\": \"blocked\", \"type\": \"boolean\", \"unsigned\": false, \"defaultTo\": null, \"notNullable\": false}, {\"args\": [], \"name\": \"prefered_language\", \"type\": \"string\", \"unsigned\": false, \"defaultTo\": null, \"notNullable\": false}, {\"args\": [{\"useTz\": false, \"precision\": 6}], \"name\": \"created_at\", \"type\": \"datetime\", \"unsigned\": false, \"defaultTo\": null, \"notNullable\": false}, {\"args\": [{\"useTz\": false, \"precision\": 6}], \"name\": \"updated_at\", \"type\": \"datetime\", \"unsigned\": false, \"defaultTo\": null, \"notNullable\": false}, {\"args\": [{\"useTz\": false, \"precision\": 6}], \"name\": \"published_at\", \"type\": \"datetime\", \"unsigned\": false, \"defaultTo\": null, \"notNullable\": false}, {\"args\": [], \"name\": \"created_by_id\", \"type\": \"integer\", \"unsigned\": true, \"defaultTo\": null, \"notNullable\": false}, {\"args\": [], \"name\": \"updated_by_id\", \"type\": \"integer\", \"unsigned\": true, \"defaultTo\": null, \"notNullable\": false}, {\"args\": [], \"name\": \"locale\", \"type\": \"string\", \"unsigned\": false, \"defaultTo\": null, \"notNullable\": false}], \"indexes\": [{\"name\": \"admin_users_documents_idx\", \"columns\": [\"document_id\", \"locale\", \"published_at\"]}, {\"name\": \"admin_users_created_by_id_fk\", \"columns\": [\"created_by_id\"]}, {\"name\": \"admin_users_updated_by_id_fk\", \"columns\": [\"updated_by_id\"]}], \"foreignKeys\": [{\"name\": \"admin_users_created_by_id_fk\", \"columns\": [\"created_by_id\"], \"onDelete\": \"SET NULL\", \"referencedTable\": \"admin_users\", \"referencedColumns\": [\"id\"]}, {\"name\": \"admin_users_updated_by_id_fk\", \"columns\": [\"updated_by_id\"], \"onDelete\": \"SET NULL\", \"referencedTable\": \"admin_users\", \"referencedColumns\": [\"id\"]}]}, {\"name\": \"admin_roles\", \"columns\": [{\"args\": [{\"primary\": true, \"primaryKey\": true}], \"name\": \"id\", \"type\": \"increments\", \"unsigned\": false, \"defaultTo\": null, \"notNullable\": true}, {\"args\": [], \"name\": \"document_id\", \"type\": \"string\", \"unsigned\": false, \"defaultTo\": null, \"notNullable\": false}, {\"args\": [], \"name\": \"name\", \"type\": \"string\", \"unsigned\": false, \"defaultTo\": null, \"notNullable\": false}, {\"args\": [], \"name\": \"code\", \"type\": \"string\", \"unsigned\": false, \"defaultTo\": null, \"notNullable\": false}, {\"args\": [], \"name\": \"description\", \"type\": \"string\", \"unsigned\": false, \"defaultTo\": null, \"notNullable\": false}, {\"args\": [{\"useTz\": false, \"precision\": 6}], \"name\": \"created_at\", \"type\": \"datetime\", \"unsigned\": false, \"defaultTo\": null, \"notNullable\": false}, {\"args\": [{\"useTz\": false, \"precision\": 6}], \"name\": \"updated_at\", \"type\": \"datetime\", \"unsigned\": false, \"defaultTo\": null, \"notNullable\": false}, {\"args\": [{\"useTz\": false, \"precision\": 6}], \"name\": \"published_at\", \"type\": \"datetime\", \"unsigned\": false, \"defaultTo\": null, \"notNullable\": false}, {\"args\": [], \"name\": \"created_by_id\", \"type\": \"integer\", \"unsigned\": true, \"defaultTo\": null, \"notNullable\": false}, {\"args\": [], \"name\": \"updated_by_id\", \"type\": \"integer\", \"unsigned\": true, \"defaultTo\": null, \"notNullable\": false}, {\"args\": [], \"name\": \"locale\", \"type\": \"string\", \"unsigned\": false, \"defaultTo\": null, \"notNullable\": false}], \"indexes\": [{\"name\": \"admin_roles_documents_idx\", \"columns\": [\"document_id\", \"locale\", \"published_at\"]}, {\"name\": \"admin_roles_created_by_id_fk\", \"columns\": [\"created_by_id\"]}, {\"name\": \"admin_roles_updated_by_id_fk\", \"columns\": [\"updated_by_id\"]}], \"foreignKeys\": [{\"name\": \"admin_roles_created_by_id_fk\", \"columns\": [\"created_by_id\"], \"onDelete\": \"SET NULL\", \"referencedTable\": \"admin_users\", \"referencedColumns\": [\"id\"]}, {\"name\": \"admin_roles_updated_by_id_fk\", \"columns\": [\"updated_by_id\"], \"onDelete\": \"SET NULL\", \"referencedTable\": \"admin_users\", \"referencedColumns\": [\"id\"]}]}, {\"name\": \"strapi_api_tokens\", \"columns\": [{\"args\": [{\"primary\": true, \"primaryKey\": true}], \"name\": \"id\", \"type\": \"increments\", \"unsigned\": false, \"defaultTo\": null, \"notNullable\": true}, {\"args\": [], \"name\": \"document_id\", \"type\": \"string\", \"unsigned\": false, \"defaultTo\": null, \"notNullable\": false}, {\"args\": [], \"name\": \"name\", \"type\": \"string\", \"unsigned\": false, \"defaultTo\": null, \"notNullable\": false}, {\"args\": [], \"name\": \"description\", \"type\": \"string\", \"unsigned\": false, \"defaultTo\": null, \"notNullable\": false}, {\"args\": [], \"name\": \"type\", \"type\": \"string\", \"unsigned\": false, \"defaultTo\": null, \"notNullable\": false}, {\"args\": [], \"name\": \"access_key\", \"type\": \"string\", \"unsigned\": false, \"defaultTo\": null, \"notNullable\": false}, {\"args\": [{\"useTz\": false, \"precision\": 6}], \"name\": \"last_used_at\", \"type\": \"datetime\", \"unsigned\": false, \"defaultTo\": null, \"notNullable\": false}, {\"args\": [{\"useTz\": false, \"precision\": 6}], \"name\": \"expires_at\", \"type\": \"datetime\", \"unsigned\": false, \"defaultTo\": null, \"notNullable\": false}, {\"args\": [], \"name\": \"lifespan\", \"type\": \"bigInteger\", \"unsigned\": false, \"defaultTo\": null, \"notNullable\": false}, {\"args\": [{\"useTz\": false, \"precision\": 6}], \"name\": \"created_at\", \"type\": \"datetime\", \"unsigned\": false, \"defaultTo\": null, \"notNullable\": false}, {\"args\": [{\"useTz\": false, \"precision\": 6}], \"name\": \"updated_at\", \"type\": \"datetime\", \"unsigned\": false, \"defaultTo\": null, \"notNullable\": false}, {\"args\": [{\"useTz\": false, \"precision\": 6}], \"name\": \"published_at\", \"type\": \"datetime\", \"unsigned\": false, \"defaultTo\": null, \"notNullable\": false}, {\"args\": [], \"name\": \"created_by_id\", \"type\": \"integer\", \"unsigned\": true, \"defaultTo\": null, \"notNullable\": false}, {\"args\": [], \"name\": \"updated_by_id\", \"type\": \"integer\", \"unsigned\": true, \"defaultTo\": null, \"notNullable\": false}, {\"args\": [], \"name\": \"locale\", \"type\": \"string\", \"unsigned\": false, \"defaultTo\": null, \"notNullable\": false}], \"indexes\": [{\"name\": \"strapi_api_tokens_documents_idx\", \"columns\": [\"document_id\", \"locale\", \"published_at\"]}, {\"name\": \"strapi_api_tokens_created_by_id_fk\", \"columns\": [\"created_by_id\"]}, {\"name\": \"strapi_api_tokens_updated_by_id_fk\", \"columns\": [\"updated_by_id\"]}], \"foreignKeys\": [{\"name\": \"strapi_api_tokens_created_by_id_fk\", \"columns\": [\"created_by_id\"], \"onDelete\": \"SET NULL\", \"referencedTable\": \"admin_users\", \"referencedColumns\": [\"id\"]}, {\"name\": \"strapi_api_tokens_updated_by_id_fk\", \"columns\": [\"updated_by_id\"], \"onDelete\": \"SET NULL\", \"referencedTable\": \"admin_users\", \"referencedColumns\": [\"id\"]}]}, {\"name\": \"strapi_api_token_permissions\", \"columns\": [{\"args\": [{\"primary\": true, \"primaryKey\": true}], \"name\": \"id\", \"type\": \"increments\", \"unsigned\": false, \"defaultTo\": null, \"notNullable\": true}, {\"args\": [], \"name\": \"document_id\", \"type\": \"string\", \"unsigned\": false, \"defaultTo\": null, \"notNullable\": false}, {\"args\": [], \"name\": \"action\", \"type\": \"string\", \"unsigned\": false, \"defaultTo\": null, \"notNullable\": false}, {\"args\": [{\"useTz\": false, \"precision\": 6}], \"name\": \"created_at\", \"type\": \"datetime\", \"unsigned\": false, \"defaultTo\": null, \"notNullable\": false}, {\"args\": [{\"useTz\": false, \"precision\": 6}], \"name\": \"updated_at\", \"type\": \"datetime\", \"unsigned\": false, \"defaultTo\": null, \"notNullable\": false}, {\"args\": [{\"useTz\": false, \"precision\": 6}], \"name\": \"published_at\", \"type\": \"datetime\", \"unsigned\": false, \"defaultTo\": null, \"notNullable\": false}, {\"args\": [], \"name\": \"created_by_id\", \"type\": \"integer\", \"unsigned\": true, \"defaultTo\": null, \"notNullable\": false}, {\"args\": [], \"name\": \"updated_by_id\", \"type\": \"integer\", \"unsigned\": true, \"defaultTo\": null, \"notNullable\": false}, {\"args\": [], \"name\": \"locale\", \"type\": \"string\", \"unsigned\": false, \"defaultTo\": null, \"notNullable\": false}], \"indexes\": [{\"name\": \"strapi_api_token_permissions_documents_idx\", \"columns\": [\"document_id\", \"locale\", \"published_at\"]}, {\"name\": \"strapi_api_token_permissions_created_by_id_fk\", \"columns\": [\"created_by_id\"]}, {\"name\": \"strapi_api_token_permissions_updated_by_id_fk\", \"columns\": [\"updated_by_id\"]}], \"foreignKeys\": [{\"name\": \"strapi_api_token_permissions_created_by_id_fk\", \"columns\": [\"created_by_id\"], \"onDelete\": \"SET NULL\", \"referencedTable\": \"admin_users\", \"referencedColumns\": [\"id\"]}, {\"name\": \"strapi_api_token_permissions_updated_by_id_fk\", \"columns\": [\"updated_by_id\"], \"onDelete\": \"SET NULL\", \"referencedTable\": \"admin_users\", \"referencedColumns\": [\"id\"]}]}, {\"name\": \"strapi_transfer_tokens\", \"columns\": [{\"args\": [{\"primary\": true, \"primaryKey\": true}], \"name\": \"id\", \"type\": \"increments\", \"unsigned\": false, \"defaultTo\": null, \"notNullable\": true}, {\"args\": [], \"name\": \"document_id\", \"type\": \"string\", \"unsigned\": false, \"defaultTo\": null, \"notNullable\": false}, {\"args\": [], \"name\": \"name\", \"type\": \"string\", \"unsigned\": false, \"defaultTo\": null, \"notNullable\": false}, {\"args\": [], \"name\": \"description\", \"type\": \"string\", \"unsigned\": false, \"defaultTo\": null, \"notNullable\": false}, {\"args\": [], \"name\": \"access_key\", \"type\": \"string\", \"unsigned\": false, \"defaultTo\": null, \"notNullable\": false}, {\"args\": [{\"useTz\": false, \"precision\": 6}], \"name\": \"last_used_at\", \"type\": \"datetime\", \"unsigned\": false, \"defaultTo\": null, \"notNullable\": false}, {\"args\": [{\"useTz\": false, \"precision\": 6}], \"name\": \"expires_at\", \"type\": \"datetime\", \"unsigned\": false, \"defaultTo\": null, \"notNullable\": false}, {\"args\": [], \"name\": \"lifespan\", \"type\": \"bigInteger\", \"unsigned\": false, \"defaultTo\": null, \"notNullable\": false}, {\"args\": [{\"useTz\": false, \"precision\": 6}], \"name\": \"created_at\", \"type\": \"datetime\", \"unsigned\": false, \"defaultTo\": null, \"notNullable\": false}, {\"args\": [{\"useTz\": false, \"precision\": 6}], \"name\": \"updated_at\", \"type\": \"datetime\", \"unsigned\": false, \"defaultTo\": null, \"notNullable\": false}, {\"args\": [{\"useTz\": false, \"precision\": 6}], \"name\": \"published_at\", \"type\": \"datetime\", \"unsigned\": false, \"defaultTo\": null, \"notNullable\": false}, {\"args\": [], \"name\": \"created_by_id\", \"type\": \"integer\", \"unsigned\": true, \"defaultTo\": null, \"notNullable\": false}, {\"args\": [], \"name\": \"updated_by_id\", \"type\": \"integer\", \"unsigned\": true, \"defaultTo\": null, \"notNullable\": false}, {\"args\": [], \"name\": \"locale\", \"type\": \"string\", \"unsigned\": false, \"defaultTo\": null, \"notNullable\": false}], \"indexes\": [{\"name\": \"strapi_transfer_tokens_documents_idx\", \"columns\": [\"document_id\", \"locale\", \"published_at\"]}, {\"name\": \"strapi_transfer_tokens_created_by_id_fk\", \"columns\": [\"created_by_id\"]}, {\"name\": \"strapi_transfer_tokens_updated_by_id_fk\", \"columns\": [\"updated_by_id\"]}], \"foreignKeys\": [{\"name\": \"strapi_transfer_tokens_created_by_id_fk\", \"columns\": [\"created_by_id\"], \"onDelete\": \"SET NULL\", \"referencedTable\": \"admin_users\", \"referencedColumns\": [\"id\"]}, {\"name\": \"strapi_transfer_tokens_updated_by_id_fk\", \"columns\": [\"updated_by_id\"], \"onDelete\": \"SET NULL\", \"referencedTable\": \"admin_users\", \"referencedColumns\": [\"id\"]}]}, {\"name\": \"strapi_transfer_token_permissions\", \"columns\": [{\"args\": [{\"primary\": true, \"primaryKey\": true}], \"name\": \"id\", \"type\": \"increments\", \"unsigned\": false, \"defaultTo\": null, \"notNullable\": true}, {\"args\": [], \"name\": \"document_id\", \"type\": \"string\", \"unsigned\": false, \"defaultTo\": null, \"notNullable\": false}, {\"args\": [], \"name\": \"action\", \"type\": \"string\", \"unsigned\": false, \"defaultTo\": null, \"notNullable\": false}, {\"args\": [{\"useTz\": false, \"precision\": 6}], \"name\": \"created_at\", \"type\": \"datetime\", \"unsigned\": false, \"defaultTo\": null, \"notNullable\": false}, {\"args\": [{\"useTz\": false, \"precision\": 6}], \"name\": \"updated_at\", \"type\": \"datetime\", \"unsigned\": false, \"defaultTo\": null, \"notNullable\": false}, {\"args\": [{\"useTz\": false, \"precision\": 6}], \"name\": \"published_at\", \"type\": \"datetime\", \"unsigned\": false, \"defaultTo\": null, \"notNullable\": false}, {\"args\": [], \"name\": \"created_by_id\", \"type\": \"integer\", \"unsigned\": true, \"defaultTo\": null, \"notNullable\": false}, {\"args\": [], \"name\": \"updated_by_id\", \"type\": \"integer\", \"unsigned\": true, \"defaultTo\": null, \"notNullable\": false}, {\"args\": [], \"name\": \"locale\", \"type\": \"string\", \"unsigned\": false, \"defaultTo\": null, \"notNullable\": false}], \"indexes\": [{\"name\": \"strapi_transfer_token_permissions_documents_idx\", \"columns\": [\"document_id\", \"locale\", \"published_at\"]}, {\"name\": \"strapi_transfer_token_permissions_created_by_id_fk\", \"columns\": [\"created_by_id\"]}, {\"name\": \"strapi_transfer_token_permissions_updated_by_id_fk\", \"columns\": [\"updated_by_id\"]}], \"foreignKeys\": [{\"name\": \"strapi_transfer_token_permissions_created_by_id_fk\", \"columns\": [\"created_by_id\"], \"onDelete\": \"SET NULL\", \"referencedTable\": \"admin_users\", \"referencedColumns\": [\"id\"]}, {\"name\": \"strapi_transfer_token_permissions_updated_by_id_fk\", \"columns\": [\"updated_by_id\"], \"onDelete\": \"SET NULL\", \"referencedTable\": \"admin_users\", \"referencedColumns\": [\"id\"]}]}, {\"name\": \"components_member_team_members\", \"columns\": [{\"args\": [{\"primary\": true, \"primaryKey\": true}], \"name\": \"id\", \"type\": \"increments\", \"unsigned\": false, \"defaultTo\": null, \"notNullable\": true}, {\"args\": [], \"name\": \"name\", \"type\": \"string\", \"unsigned\": false, \"defaultTo\": null, \"notNullable\": false}, {\"args\": [], \"name\": \"surname\", \"type\": \"string\", \"unsigned\": false, \"defaultTo\": null, \"notNullable\": false}, {\"args\": [], \"name\": \"prefix\", \"type\": \"string\", \"unsigned\": false, \"defaultTo\": null, \"notNullable\": false}, {\"args\": [], \"name\": \"education\", \"type\": \"string\", \"unsigned\": false, \"defaultTo\": null, \"notNullable\": false}, {\"args\": [], \"name\": \"major\", \"type\": \"string\", \"unsigned\": false, \"defaultTo\": null, \"notNullable\": false}, {\"args\": [], \"name\": \"organization\", \"type\": \"string\", \"unsigned\": false, \"defaultTo\": null, \"notNullable\": false}, {\"args\": [], \"name\": \"email\", \"type\": \"string\", \"unsigned\": false, \"defaultTo\": null, \"notNullable\": false}, {\"args\": [], \"name\": \"phone\", \"type\": \"string\", \"unsigned\": false, \"defaultTo\": null, \"notNullable\": false}, {\"args\": [], \"name\": \"github\", \"type\": \"string\", \"unsigned\": false, \"defaultTo\": null, \"notNullable\": false}], \"indexes\": [], \"foreignKeys\": []}, {\"name\": \"strapi_core_store_settings\", \"columns\": [{\"args\": [{\"primary\": true, \"primaryKey\": true}], \"name\": \"id\", \"type\": \"increments\", \"unsigned\": false, \"defaultTo\": null, \"notNullable\": true}, {\"args\": [], \"name\": \"key\", \"type\": \"string\", \"unsigned\": false, \"defaultTo\": null, \"notNullable\": false}, {\"args\": [\"longtext\"], \"name\": \"value\", \"type\": \"text\", \"unsigned\": false, \"defaultTo\": null, \"notNullable\": false}, {\"args\": [], \"name\": \"type\", \"type\": \"string\", \"unsigned\": false, \"defaultTo\": null, \"notNullable\": false}, {\"args\": [], \"name\": \"environment\", \"type\": \"string\", \"unsigned\": false, \"defaultTo\": null, \"notNullable\": false}, {\"args\": [], \"name\": \"tag\", \"type\": \"string\", \"unsigned\": false, \"defaultTo\": null, \"notNullable\": false}], \"indexes\": [], \"foreignKeys\": []}, {\"name\": \"strapi_webhooks\", \"columns\": [{\"args\": [{\"primary\": true, \"primaryKey\": true}], \"name\": \"id\", \"type\": \"increments\", \"unsigned\": false, \"defaultTo\": null, \"notNullable\": true}, {\"args\": [], \"name\": \"name\", \"type\": \"string\", \"unsigned\": false, \"defaultTo\": null, \"notNullable\": false}, {\"args\": [\"longtext\"], \"name\": \"url\", \"type\": \"text\", \"unsigned\": false, \"defaultTo\": null, \"notNullable\": false}, {\"args\": [], \"name\": \"headers\", \"type\": \"jsonb\", \"unsigned\": false, \"defaultTo\": null, \"notNullable\": false}, {\"args\": [], \"name\": \"events\", \"type\": \"jsonb\", \"unsigned\": false, \"defaultTo\": null, \"notNullable\": false}, {\"args\": [], \"name\": \"enabled\", \"type\": \"boolean\", \"unsigned\": false, \"defaultTo\": null, \"notNullable\": false}], \"indexes\": [], \"foreignKeys\": []}, {\"name\": \"strapi_history_versions\", \"columns\": [{\"args\": [{\"primary\": true, \"primaryKey\": true}], \"name\": \"id\", \"type\": \"increments\", \"unsigned\": false, \"defaultTo\": null, \"notNullable\": true}, {\"args\": [], \"name\": \"content_type\", \"type\": \"string\", \"unsigned\": false, \"defaultTo\": null, \"notNullable\": true}, {\"args\": [], \"name\": \"related_document_id\", \"type\": \"string\", \"unsigned\": false, \"defaultTo\": null, \"notNullable\": false}, {\"args\": [], \"name\": \"locale\", \"type\": \"string\", \"unsigned\": false, \"defaultTo\": null, \"notNullable\": false}, {\"args\": [], \"name\": \"status\", \"type\": \"string\", \"unsigned\": false, \"defaultTo\": null, \"notNullable\": false}, {\"args\": [], \"name\": \"data\", \"type\": \"jsonb\", \"unsigned\": false, \"defaultTo\": null, \"notNullable\": false}, {\"args\": [], \"name\": \"schema\", \"type\": \"jsonb\", \"unsigned\": false, \"defaultTo\": null, \"notNullable\": false}, {\"args\": [{\"useTz\": false, \"precision\": 6}], \"name\": \"created_at\", \"type\": \"datetime\", \"unsigned\": false, \"defaultTo\": null, \"notNullable\": false}, {\"args\": [], \"name\": \"created_by_id\", \"type\": \"integer\", \"unsigned\": true, \"defaultTo\": null, \"notNullable\": false}], \"indexes\": [{\"name\": \"strapi_history_versions_created_by_id_fk\", \"columns\": [\"created_by_id\"]}], \"foreignKeys\": [{\"name\": \"strapi_history_versions_created_by_id_fk\", \"columns\": [\"created_by_id\"], \"onDelete\": \"SET NULL\", \"referencedTable\": \"admin_users\", \"referencedColumns\": [\"id\"]}]}, {\"name\": \"files_related_mph\", \"columns\": [{\"args\": [{\"primary\": true, \"primaryKey\": true}], \"name\": \"id\", \"type\": \"increments\", \"unsigned\": false, \"defaultTo\": null, \"notNullable\": true}, {\"args\": [], \"name\": \"file_id\", \"type\": \"integer\", \"unsigned\": true, \"defaultTo\": null, \"notNullable\": false}, {\"args\": [], \"name\": \"related_id\", \"type\": \"integer\", \"unsigned\": true, \"defaultTo\": null, \"notNullable\": false}, {\"args\": [], \"name\": \"related_type\", \"type\": \"string\", \"unsigned\": false, \"defaultTo\": null, \"notNullable\": false}, {\"args\": [], \"name\": \"field\", \"type\": \"string\", \"unsigned\": false, \"defaultTo\": null, \"notNullable\": false}, {\"args\": [], \"name\": \"order\", \"type\": \"double\", \"unsigned\": true, \"defaultTo\": null, \"notNullable\": false}], \"indexes\": [{\"name\": \"files_related_mph_fk\", \"columns\": [\"file_id\"]}, {\"name\": \"files_related_mph_oidx\", \"columns\": [\"order\"]}, {\"name\": \"files_related_mph_idix\", \"columns\": [\"related_id\"]}], \"foreignKeys\": [{\"name\": \"files_related_mph_fk\", \"columns\": [\"file_id\"], \"onDelete\": \"CASCADE\", \"referencedTable\": \"files\", \"referencedColumns\": [\"id\"]}]}, {\"name\": \"files_folder_lnk\", \"columns\": [{\"args\": [{\"primary\": true, \"primaryKey\": true}], \"name\": \"id\", \"type\": \"increments\", \"unsigned\": false, \"defaultTo\": null, \"notNullable\": true}, {\"args\": [], \"name\": \"file_id\", \"type\": \"integer\", \"unsigned\": true, \"defaultTo\": null, \"notNullable\": false}, {\"args\": [], \"name\": \"folder_id\", \"type\": \"integer\", \"unsigned\": true, \"defaultTo\": null, \"notNullable\": false}, {\"args\": [], \"name\": \"file_ord\", \"type\": \"double\", \"unsigned\": true, \"defaultTo\": null, \"notNullable\": false}], \"indexes\": [{\"name\": \"files_folder_lnk_fk\", \"columns\": [\"file_id\"]}, {\"name\": \"files_folder_lnk_ifk\", \"columns\": [\"folder_id\"]}, {\"name\": \"files_folder_lnk_uq\", \"type\": \"unique\", \"columns\": [\"file_id\", \"folder_id\"]}, {\"name\": \"files_folder_lnk_oifk\", \"columns\": [\"file_ord\"]}], \"foreignKeys\": [{\"name\": \"files_folder_lnk_fk\", \"columns\": [\"file_id\"], \"onDelete\": \"CASCADE\", \"referencedTable\": \"files\", \"referencedColumns\": [\"id\"]}, {\"name\": \"files_folder_lnk_ifk\", \"columns\": [\"folder_id\"], \"onDelete\": \"CASCADE\", \"referencedTable\": \"upload_folders\", \"referencedColumns\": [\"id\"]}]}, {\"name\": \"upload_folders_parent_lnk\", \"columns\": [{\"args\": [{\"primary\": true, \"primaryKey\": true}], \"name\": \"id\", \"type\": \"increments\", \"unsigned\": false, \"defaultTo\": null, \"notNullable\": true}, {\"args\": [], \"name\": \"folder_id\", \"type\": \"integer\", \"unsigned\": true, \"defaultTo\": null, \"notNullable\": false}, {\"args\": [], \"name\": \"inv_folder_id\", \"type\": \"integer\", \"unsigned\": true, \"defaultTo\": null, \"notNullable\": false}, {\"args\": [], \"name\": \"folder_ord\", \"type\": \"double\", \"unsigned\": true, \"defaultTo\": null, \"notNullable\": false}], \"indexes\": [{\"name\": \"upload_folders_parent_lnk_fk\", \"columns\": [\"folder_id\"]}, {\"name\": \"upload_folders_parent_lnk_ifk\", \"columns\": [\"inv_folder_id\"]}, {\"name\": \"upload_folders_parent_lnk_uq\", \"type\": \"unique\", \"columns\": [\"folder_id\", \"inv_folder_id\"]}, {\"name\": \"upload_folders_parent_lnk_oifk\", \"columns\": [\"folder_ord\"]}], \"foreignKeys\": [{\"name\": \"upload_folders_parent_lnk_fk\", \"columns\": [\"folder_id\"], \"onDelete\": \"CASCADE\", \"referencedTable\": \"upload_folders\", \"referencedColumns\": [\"id\"]}, {\"name\": \"upload_folders_parent_lnk_ifk\", \"columns\": [\"inv_folder_id\"], \"onDelete\": \"CASCADE\", \"referencedTable\": \"upload_folders\", \"referencedColumns\": [\"id\"]}]}, {\"name\": \"strapi_release_actions_release_lnk\", \"columns\": [{\"args\": [{\"primary\": true, \"primaryKey\": true}], \"name\": \"id\", \"type\": \"increments\", \"unsigned\": false, \"defaultTo\": null, \"notNullable\": true}, {\"args\": [], \"name\": \"release_action_id\", \"type\": \"integer\", \"unsigned\": true, \"defaultTo\": null, \"notNullable\": false}, {\"args\": [], \"name\": \"release_id\", \"type\": \"integer\", \"unsigned\": true, \"defaultTo\": null, \"notNullable\": false}, {\"args\": [], \"name\": \"release_action_ord\", \"type\": \"double\", \"unsigned\": true, \"defaultTo\": null, \"notNullable\": false}], \"indexes\": [{\"name\": \"strapi_release_actions_release_lnk_fk\", \"columns\": [\"release_action_id\"]}, {\"name\": \"strapi_release_actions_release_lnk_ifk\", \"columns\": [\"release_id\"]}, {\"name\": \"strapi_release_actions_release_lnk_uq\", \"type\": \"unique\", \"columns\": [\"release_action_id\", \"release_id\"]}, {\"name\": \"strapi_release_actions_release_lnk_oifk\", \"columns\": [\"release_action_ord\"]}], \"foreignKeys\": [{\"name\": \"strapi_release_actions_release_lnk_fk\", \"columns\": [\"release_action_id\"], \"onDelete\": \"CASCADE\", \"referencedTable\": \"strapi_release_actions\", \"referencedColumns\": [\"id\"]}, {\"name\": \"strapi_release_actions_release_lnk_ifk\", \"columns\": [\"release_id\"], \"onDelete\": \"CASCADE\", \"referencedTable\": \"strapi_releases\", \"referencedColumns\": [\"id\"]}]}, {\"name\": \"strapi_workflows_stage_required_to_publish_lnk\", \"columns\": [{\"args\": [{\"primary\": true, \"primaryKey\": true}], \"name\": \"id\", \"type\": \"increments\", \"unsigned\": false, \"defaultTo\": null, \"notNullable\": true}, {\"args\": [], \"name\": \"workflow_id\", \"type\": \"integer\", \"unsigned\": true, \"defaultTo\": null, \"notNullable\": false}, {\"args\": [], \"name\": \"workflow_stage_id\", \"type\": \"integer\", \"unsigned\": true, \"defaultTo\": null, \"notNullable\": false}], \"indexes\": [{\"name\": \"strapi_workflows_stage_required_to_publish_lnk_fk\", \"columns\": [\"workflow_id\"]}, {\"name\": \"strapi_workflows_stage_required_to_publish_lnk_ifk\", \"columns\": [\"workflow_stage_id\"]}, {\"name\": \"strapi_workflows_stage_required_to_publish_lnk_uq\", \"type\": \"unique\", \"columns\": [\"workflow_id\", \"workflow_stage_id\"]}], \"foreignKeys\": [{\"name\": \"strapi_workflows_stage_required_to_publish_lnk_fk\", \"columns\": [\"workflow_id\"], \"onDelete\": \"CASCADE\", \"referencedTable\": \"strapi_workflows\", \"referencedColumns\": [\"id\"]}, {\"name\": \"strapi_workflows_stage_required_to_publish_lnk_ifk\", \"columns\": [\"workflow_stage_id\"], \"onDelete\": \"CASCADE\", \"referencedTable\": \"strapi_workflows_stages\", \"referencedColumns\": [\"id\"]}]}, {\"name\": \"strapi_workflows_stages_workflow_lnk\", \"columns\": [{\"args\": [{\"primary\": true, \"primaryKey\": true}], \"name\": \"id\", \"type\": \"increments\", \"unsigned\": false, \"defaultTo\": null, \"notNullable\": true}, {\"args\": [], \"name\": \"workflow_stage_id\", \"type\": \"integer\", \"unsigned\": true, \"defaultTo\": null, \"notNullable\": false}, {\"args\": [], \"name\": \"workflow_id\", \"type\": \"integer\", \"unsigned\": true, \"defaultTo\": null, \"notNullable\": false}, {\"args\": [], \"name\": \"workflow_stage_ord\", \"type\": \"double\", \"unsigned\": true, \"defaultTo\": null, \"notNullable\": false}], \"indexes\": [{\"name\": \"strapi_workflows_stages_workflow_lnk_fk\", \"columns\": [\"workflow_stage_id\"]}, {\"name\": \"strapi_workflows_stages_workflow_lnk_ifk\", \"columns\": [\"workflow_id\"]}, {\"name\": \"strapi_workflows_stages_workflow_lnk_uq\", \"type\": \"unique\", \"columns\": [\"workflow_stage_id\", \"workflow_id\"]}, {\"name\": \"strapi_workflows_stages_workflow_lnk_oifk\", \"columns\": [\"workflow_stage_ord\"]}], \"foreignKeys\": [{\"name\": \"strapi_workflows_stages_workflow_lnk_fk\", \"columns\": [\"workflow_stage_id\"], \"onDelete\": \"CASCADE\", \"referencedTable\": \"strapi_workflows_stages\", \"referencedColumns\": [\"id\"]}, {\"name\": \"strapi_workflows_stages_workflow_lnk_ifk\", \"columns\": [\"workflow_id\"], \"onDelete\": \"CASCADE\", \"referencedTable\": \"strapi_workflows\", \"referencedColumns\": [\"id\"]}]}, {\"name\": \"strapi_workflows_stages_permissions_lnk\", \"columns\": [{\"args\": [{\"primary\": true, \"primaryKey\": true}], \"name\": \"id\", \"type\": \"increments\", \"unsigned\": false, \"defaultTo\": null, \"notNullable\": true}, {\"args\": [], \"name\": \"workflow_stage_id\", \"type\": \"integer\", \"unsigned\": true, \"defaultTo\": null, \"notNullable\": false}, {\"args\": [], \"name\": \"permission_id\", \"type\": \"integer\", \"unsigned\": true, \"defaultTo\": null, \"notNullable\": false}, {\"args\": [], \"name\": \"permission_ord\", \"type\": \"double\", \"unsigned\": true, \"defaultTo\": null, \"notNullable\": false}], \"indexes\": [{\"name\": \"strapi_workflows_stages_permissions_lnk_fk\", \"columns\": [\"workflow_stage_id\"]}, {\"name\": \"strapi_workflows_stages_permissions_lnk_ifk\", \"columns\": [\"permission_id\"]}, {\"name\": \"strapi_workflows_stages_permissions_lnk_uq\", \"type\": \"unique\", \"columns\": [\"workflow_stage_id\", \"permission_id\"]}, {\"name\": \"strapi_workflows_stages_permissions_lnk_ofk\", \"columns\": [\"permission_ord\"]}], \"foreignKeys\": [{\"name\": \"strapi_workflows_stages_permissions_lnk_fk\", \"columns\": [\"workflow_stage_id\"], \"onDelete\": \"CASCADE\", \"referencedTable\": \"strapi_workflows_stages\", \"referencedColumns\": [\"id\"]}, {\"name\": \"strapi_workflows_stages_permissions_lnk_ifk\", \"columns\": [\"permission_id\"], \"onDelete\": \"CASCADE\", \"referencedTable\": \"admin_permissions\", \"referencedColumns\": [\"id\"]}]}, {\"name\": \"up_permissions_role_lnk\", \"columns\": [{\"args\": [{\"primary\": true, \"primaryKey\": true}], \"name\": \"id\", \"type\": \"increments\", \"unsigned\": false, \"defaultTo\": null, \"notNullable\": true}, {\"args\": [], \"name\": \"permission_id\", \"type\": \"integer\", \"unsigned\": true, \"defaultTo\": null, \"notNullable\": false}, {\"args\": [], \"name\": \"role_id\", \"type\": \"integer\", \"unsigned\": true, \"defaultTo\": null, \"notNullable\": false}, {\"args\": [], \"name\": \"permission_ord\", \"type\": \"double\", \"unsigned\": true, \"defaultTo\": null, \"notNullable\": false}], \"indexes\": [{\"name\": \"up_permissions_role_lnk_fk\", \"columns\": [\"permission_id\"]}, {\"name\": \"up_permissions_role_lnk_ifk\", \"columns\": [\"role_id\"]}, {\"name\": \"up_permissions_role_lnk_uq\", \"type\": \"unique\", \"columns\": [\"permission_id\", \"role_id\"]}, {\"name\": \"up_permissions_role_lnk_oifk\", \"columns\": [\"permission_ord\"]}], \"foreignKeys\": [{\"name\": \"up_permissions_role_lnk_fk\", \"columns\": [\"permission_id\"], \"onDelete\": \"CASCADE\", \"referencedTable\": \"up_permissions\", \"referencedColumns\": [\"id\"]}, {\"name\": \"up_permissions_role_lnk_ifk\", \"columns\": [\"role_id\"], \"onDelete\": \"CASCADE\", \"referencedTable\": \"up_roles\", \"referencedColumns\": [\"id\"]}]}, {\"name\": \"up_users_role_lnk\", \"columns\": [{\"args\": [{\"primary\": true, \"primaryKey\": true}], \"name\": \"id\", \"type\": \"increments\", \"unsigned\": false, \"defaultTo\": null, \"notNullable\": true}, {\"args\": [], \"name\": \"user_id\", \"type\": \"integer\", \"unsigned\": true, \"defaultTo\": null, \"notNullable\": false}, {\"args\": [], \"name\": \"role_id\", \"type\": \"integer\", \"unsigned\": true, \"defaultTo\": null, \"notNullable\": false}, {\"args\": [], \"name\": \"user_ord\", \"type\": \"double\", \"unsigned\": true, \"defaultTo\": null, \"notNullable\": false}], \"indexes\": [{\"name\": \"up_users_role_lnk_fk\", \"columns\": [\"user_id\"]}, {\"name\": \"up_users_role_lnk_ifk\", \"columns\": [\"role_id\"]}, {\"name\": \"up_users_role_lnk_uq\", \"type\": \"unique\", \"columns\": [\"user_id\", \"role_id\"]}, {\"name\": \"up_users_role_lnk_oifk\", \"columns\": [\"user_ord\"]}], \"foreignKeys\": [{\"name\": \"up_users_role_lnk_fk\", \"columns\": [\"user_id\"], \"onDelete\": \"CASCADE\", \"referencedTable\": \"up_users\", \"referencedColumns\": [\"id\"]}, {\"name\": \"up_users_role_lnk_ifk\", \"columns\": [\"role_id\"], \"onDelete\": \"CASCADE\", \"referencedTable\": \"up_roles\", \"referencedColumns\": [\"id\"]}]}, {\"name\": \"admin_permissions_role_lnk\", \"columns\": [{\"args\": [{\"primary\": true, \"primaryKey\": true}], \"name\": \"id\", \"type\": \"increments\", \"unsigned\": false, \"defaultTo\": null, \"notNullable\": true}, {\"args\": [], \"name\": \"permission_id\", \"type\": \"integer\", \"unsigned\": true, \"defaultTo\": null, \"notNullable\": false}, {\"args\": [], \"name\": \"role_id\", \"type\": \"integer\", \"unsigned\": true, \"defaultTo\": null, \"notNullable\": false}, {\"args\": [], \"name\": \"permission_ord\", \"type\": \"double\", \"unsigned\": true, \"defaultTo\": null, \"notNullable\": false}], \"indexes\": [{\"name\": \"admin_permissions_role_lnk_fk\", \"columns\": [\"permission_id\"]}, {\"name\": \"admin_permissions_role_lnk_ifk\", \"columns\": [\"role_id\"]}, {\"name\": \"admin_permissions_role_lnk_uq\", \"type\": \"unique\", \"columns\": [\"permission_id\", \"role_id\"]}, {\"name\": \"admin_permissions_role_lnk_oifk\", \"columns\": [\"permission_ord\"]}], \"foreignKeys\": [{\"name\": \"admin_permissions_role_lnk_fk\", \"columns\": [\"permission_id\"], \"onDelete\": \"CASCADE\", \"referencedTable\": \"admin_permissions\", \"referencedColumns\": [\"id\"]}, {\"name\": \"admin_permissions_role_lnk_ifk\", \"columns\": [\"role_id\"], \"onDelete\": \"CASCADE\", \"referencedTable\": \"admin_roles\", \"referencedColumns\": [\"id\"]}]}, {\"name\": \"admin_users_roles_lnk\", \"columns\": [{\"args\": [{\"primary\": true, \"primaryKey\": true}], \"name\": \"id\", \"type\": \"increments\", \"unsigned\": false, \"defaultTo\": null, \"notNullable\": true}, {\"args\": [], \"name\": \"user_id\", \"type\": \"integer\", \"unsigned\": true, \"defaultTo\": null, \"notNullable\": false}, {\"args\": [], \"name\": \"role_id\", \"type\": \"integer\", \"unsigned\": true, \"defaultTo\": null, \"notNullable\": false}, {\"args\": [], \"name\": \"role_ord\", \"type\": \"double\", \"unsigned\": true, \"defaultTo\": null, \"notNullable\": false}, {\"args\": [], \"name\": \"user_ord\", \"type\": \"double\", \"unsigned\": true, \"defaultTo\": null, \"notNullable\": false}], \"indexes\": [{\"name\": \"admin_users_roles_lnk_fk\", \"columns\": [\"user_id\"]}, {\"name\": \"admin_users_roles_lnk_ifk\", \"columns\": [\"role_id\"]}, {\"name\": \"admin_users_roles_lnk_uq\", \"type\": \"unique\", \"columns\": [\"user_id\", \"role_id\"]}, {\"name\": \"admin_users_roles_lnk_ofk\", \"columns\": [\"role_ord\"]}, {\"name\": \"admin_users_roles_lnk_oifk\", \"columns\": [\"user_ord\"]}], \"foreignKeys\": [{\"name\": \"admin_users_roles_lnk_fk\", \"columns\": [\"user_id\"], \"onDelete\": \"CASCADE\", \"referencedTable\": \"admin_users\", \"referencedColumns\": [\"id\"]}, {\"name\": \"admin_users_roles_lnk_ifk\", \"columns\": [\"role_id\"], \"onDelete\": \"CASCADE\", \"referencedTable\": \"admin_roles\", \"referencedColumns\": [\"id\"]}]}, {\"name\": \"strapi_api_token_permissions_token_lnk\", \"columns\": [{\"args\": [{\"primary\": true, \"primaryKey\": true}], \"name\": \"id\", \"type\": \"increments\", \"unsigned\": false, \"defaultTo\": null, \"notNullable\": true}, {\"args\": [], \"name\": \"api_token_permission_id\", \"type\": \"integer\", \"unsigned\": true, \"defaultTo\": null, \"notNullable\": false}, {\"args\": [], \"name\": \"api_token_id\", \"type\": \"integer\", \"unsigned\": true, \"defaultTo\": null, \"notNullable\": false}, {\"args\": [], \"name\": \"api_token_permission_ord\", \"type\": \"double\", \"unsigned\": true, \"defaultTo\": null, \"notNullable\": false}], \"indexes\": [{\"name\": \"strapi_api_token_permissions_token_lnk_fk\", \"columns\": [\"api_token_permission_id\"]}, {\"name\": \"strapi_api_token_permissions_token_lnk_ifk\", \"columns\": [\"api_token_id\"]}, {\"name\": \"strapi_api_token_permissions_token_lnk_uq\", \"type\": \"unique\", \"columns\": [\"api_token_permission_id\", \"api_token_id\"]}, {\"name\": \"strapi_api_token_permissions_token_lnk_oifk\", \"columns\": [\"api_token_permission_ord\"]}], \"foreignKeys\": [{\"name\": \"strapi_api_token_permissions_token_lnk_fk\", \"columns\": [\"api_token_permission_id\"], \"onDelete\": \"CASCADE\", \"referencedTable\": \"strapi_api_token_permissions\", \"referencedColumns\": [\"id\"]}, {\"name\": \"strapi_api_token_permissions_token_lnk_ifk\", \"columns\": [\"api_token_id\"], \"onDelete\": \"CASCADE\", \"referencedTable\": \"strapi_api_tokens\", \"referencedColumns\": [\"id\"]}]}, {\"name\": \"strapi_transfer_token_permissions_token_lnk\", \"columns\": [{\"args\": [{\"primary\": true, \"primaryKey\": true}], \"name\": \"id\", \"type\": \"increments\", \"unsigned\": false, \"defaultTo\": null, \"notNullable\": true}, {\"args\": [], \"name\": \"transfer_token_permission_id\", \"type\": \"integer\", \"unsigned\": true, \"defaultTo\": null, \"notNullable\": false}, {\"args\": [], \"name\": \"transfer_token_id\", \"type\": \"integer\", \"unsigned\": true, \"defaultTo\": null, \"notNullable\": false}, {\"args\": [], \"name\": \"transfer_token_permission_ord\", \"type\": \"double\", \"unsigned\": true, \"defaultTo\": null, \"notNullable\": false}], \"indexes\": [{\"name\": \"strapi_transfer_token_permissions_token_lnk_fk\", \"columns\": [\"transfer_token_permission_id\"]}, {\"name\": \"strapi_transfer_token_permissions_token_lnk_ifk\", \"columns\": [\"transfer_token_id\"]}, {\"name\": \"strapi_transfer_token_permissions_token_lnk_uq\", \"type\": \"unique\", \"columns\": [\"transfer_token_permission_id\", \"transfer_token_id\"]}, {\"name\": \"strapi_transfer_token_permissions_token_lnk_oifk\", \"columns\": [\"transfer_token_permission_ord\"]}], \"foreignKeys\": [{\"name\": \"strapi_transfer_token_permissions_token_lnk_fk\", \"columns\": [\"transfer_token_permission_id\"], \"onDelete\": \"CASCADE\", \"referencedTable\": \"strapi_transfer_token_permissions\", \"referencedColumns\": [\"id\"]}, {\"name\": \"strapi_transfer_token_permissions_token_lnk_ifk\", \"columns\": [\"transfer_token_id\"], \"onDelete\": \"CASCADE\", \"referencedTable\": \"strapi_transfer_tokens\", \"referencedColumns\": [\"id\"]}]}]}','2025-05-11 15:05:34','d5d361b80a7c8476599e56227293875f');
/*!40000 ALTER TABLE `strapi_database_schema` ENABLE KEYS */;
UNLOCK TABLES;

--
-- Table structure for table `strapi_history_versions`
--

DROP TABLE IF EXISTS `strapi_history_versions`;
/*!40101 SET @saved_cs_client     = @@character_set_client */;
/*!50503 SET character_set_client = utf8mb4 */;
CREATE TABLE `strapi_history_versions` (
  `id` int unsigned NOT NULL AUTO_INCREMENT,
  `content_type` varchar(255) NOT NULL,
  `related_document_id` varchar(255) DEFAULT NULL,
  `locale` varchar(255) DEFAULT NULL,
  `status` varchar(255) DEFAULT NULL,
  `data` json DEFAULT NULL,
  `schema` json DEFAULT NULL,
  `created_at` datetime(6) DEFAULT NULL,
  `created_by_id` int unsigned DEFAULT NULL,
  PRIMARY KEY (`id`),
  KEY `strapi_history_versions_created_by_id_fk` (`created_by_id`),
  CONSTRAINT `strapi_history_versions_created_by_id_fk` FOREIGN KEY (`created_by_id`) REFERENCES `admin_users` (`id`) ON DELETE SET NULL
) ENGINE=InnoDB DEFAULT CHARSET=utf8mb4 COLLATE=utf8mb4_0900_ai_ci;
/*!40101 SET character_set_client = @saved_cs_client */;

--
-- Dumping data for table `strapi_history_versions`
--

LOCK TABLES `strapi_history_versions` WRITE;
/*!40000 ALTER TABLE `strapi_history_versions` DISABLE KEYS */;
/*!40000 ALTER TABLE `strapi_history_versions` ENABLE KEYS */;
UNLOCK TABLES;

--
-- Table structure for table `strapi_migrations`
--

DROP TABLE IF EXISTS `strapi_migrations`;
/*!40101 SET @saved_cs_client     = @@character_set_client */;
/*!50503 SET character_set_client = utf8mb4 */;
CREATE TABLE `strapi_migrations` (
  `id` int unsigned NOT NULL AUTO_INCREMENT,
  `name` varchar(255) DEFAULT NULL,
  `time` datetime DEFAULT NULL,
  PRIMARY KEY (`id`)
) ENGINE=InnoDB DEFAULT CHARSET=utf8mb4 COLLATE=utf8mb4_0900_ai_ci;
/*!40101 SET character_set_client = @saved_cs_client */;

--
-- Dumping data for table `strapi_migrations`
--

LOCK TABLES `strapi_migrations` WRITE;
/*!40000 ALTER TABLE `strapi_migrations` DISABLE KEYS */;
/*!40000 ALTER TABLE `strapi_migrations` ENABLE KEYS */;
UNLOCK TABLES;

--
-- Table structure for table `strapi_migrations_internal`
--

DROP TABLE IF EXISTS `strapi_migrations_internal`;
/*!40101 SET @saved_cs_client     = @@character_set_client */;
/*!50503 SET character_set_client = utf8mb4 */;
CREATE TABLE `strapi_migrations_internal` (
  `id` int unsigned NOT NULL AUTO_INCREMENT,
  `name` varchar(255) DEFAULT NULL,
  `time` datetime DEFAULT NULL,
  PRIMARY KEY (`id`)
) ENGINE=InnoDB AUTO_INCREMENT=7 DEFAULT CHARSET=utf8mb4 COLLATE=utf8mb4_0900_ai_ci;
/*!40101 SET character_set_client = @saved_cs_client */;

--
-- Dumping data for table `strapi_migrations_internal`
--

LOCK TABLES `strapi_migrations_internal` WRITE;
/*!40000 ALTER TABLE `strapi_migrations_internal` DISABLE KEYS */;
INSERT INTO `strapi_migrations_internal` VALUES (1,'5.0.0-rename-identifiers-longer-than-max-length','2025-04-25 04:53:05'),(2,'5.0.0-02-created-document-id','2025-04-25 04:53:05'),(3,'5.0.0-03-created-locale','2025-04-25 04:53:05'),(4,'5.0.0-04-created-published-at','2025-04-25 04:53:05'),(5,'5.0.0-05-drop-slug-fields-index','2025-04-25 04:53:05'),(6,'core::5.0.0-discard-drafts','2025-04-25 04:53:05');
/*!40000 ALTER TABLE `strapi_migrations_internal` ENABLE KEYS */;
UNLOCK TABLES;

--
-- Table structure for table `strapi_release_actions`
--

DROP TABLE IF EXISTS `strapi_release_actions`;
/*!40101 SET @saved_cs_client     = @@character_set_client */;
/*!50503 SET character_set_client = utf8mb4 */;
CREATE TABLE `strapi_release_actions` (
  `id` int unsigned NOT NULL AUTO_INCREMENT,
  `document_id` varchar(255) DEFAULT NULL,
  `type` varchar(255) DEFAULT NULL,
  `content_type` varchar(255) DEFAULT NULL,
  `entry_document_id` varchar(255) DEFAULT NULL,
  `locale` varchar(255) DEFAULT NULL,
  `is_entry_valid` tinyint(1) DEFAULT NULL,
  `created_at` datetime(6) DEFAULT NULL,
  `updated_at` datetime(6) DEFAULT NULL,
  `published_at` datetime(6) DEFAULT NULL,
  `created_by_id` int unsigned DEFAULT NULL,
  `updated_by_id` int unsigned DEFAULT NULL,
  PRIMARY KEY (`id`),
  KEY `strapi_release_actions_documents_idx` (`document_id`,`locale`,`published_at`),
  KEY `strapi_release_actions_created_by_id_fk` (`created_by_id`),
  KEY `strapi_release_actions_updated_by_id_fk` (`updated_by_id`),
  CONSTRAINT `strapi_release_actions_created_by_id_fk` FOREIGN KEY (`created_by_id`) REFERENCES `admin_users` (`id`) ON DELETE SET NULL,
  CONSTRAINT `strapi_release_actions_updated_by_id_fk` FOREIGN KEY (`updated_by_id`) REFERENCES `admin_users` (`id`) ON DELETE SET NULL
) ENGINE=InnoDB DEFAULT CHARSET=utf8mb4 COLLATE=utf8mb4_0900_ai_ci;
/*!40101 SET character_set_client = @saved_cs_client */;

--
-- Dumping data for table `strapi_release_actions`
--

LOCK TABLES `strapi_release_actions` WRITE;
/*!40000 ALTER TABLE `strapi_release_actions` DISABLE KEYS */;
/*!40000 ALTER TABLE `strapi_release_actions` ENABLE KEYS */;
UNLOCK TABLES;

--
-- Table structure for table `strapi_release_actions_release_lnk`
--

DROP TABLE IF EXISTS `strapi_release_actions_release_lnk`;
/*!40101 SET @saved_cs_client     = @@character_set_client */;
/*!50503 SET character_set_client = utf8mb4 */;
CREATE TABLE `strapi_release_actions_release_lnk` (
  `id` int unsigned NOT NULL AUTO_INCREMENT,
  `release_action_id` int unsigned DEFAULT NULL,
  `release_id` int unsigned DEFAULT NULL,
  `release_action_ord` double unsigned DEFAULT NULL,
  PRIMARY KEY (`id`),
  UNIQUE KEY `strapi_release_actions_release_lnk_uq` (`release_action_id`,`release_id`),
  KEY `strapi_release_actions_release_lnk_fk` (`release_action_id`),
  KEY `strapi_release_actions_release_lnk_ifk` (`release_id`),
  KEY `strapi_release_actions_release_lnk_oifk` (`release_action_ord`),
  CONSTRAINT `strapi_release_actions_release_lnk_fk` FOREIGN KEY (`release_action_id`) REFERENCES `strapi_release_actions` (`id`) ON DELETE CASCADE,
  CONSTRAINT `strapi_release_actions_release_lnk_ifk` FOREIGN KEY (`release_id`) REFERENCES `strapi_releases` (`id`) ON DELETE CASCADE
) ENGINE=InnoDB DEFAULT CHARSET=utf8mb4 COLLATE=utf8mb4_0900_ai_ci;
/*!40101 SET character_set_client = @saved_cs_client */;

--
-- Dumping data for table `strapi_release_actions_release_lnk`
--

LOCK TABLES `strapi_release_actions_release_lnk` WRITE;
/*!40000 ALTER TABLE `strapi_release_actions_release_lnk` DISABLE KEYS */;
/*!40000 ALTER TABLE `strapi_release_actions_release_lnk` ENABLE KEYS */;
UNLOCK TABLES;

--
-- Table structure for table `strapi_releases`
--

DROP TABLE IF EXISTS `strapi_releases`;
/*!40101 SET @saved_cs_client     = @@character_set_client */;
/*!50503 SET character_set_client = utf8mb4 */;
CREATE TABLE `strapi_releases` (
  `id` int unsigned NOT NULL AUTO_INCREMENT,
  `document_id` varchar(255) DEFAULT NULL,
  `name` varchar(255) DEFAULT NULL,
  `released_at` datetime(6) DEFAULT NULL,
  `scheduled_at` datetime(6) DEFAULT NULL,
  `timezone` varchar(255) DEFAULT NULL,
  `status` varchar(255) DEFAULT NULL,
  `created_at` datetime(6) DEFAULT NULL,
  `updated_at` datetime(6) DEFAULT NULL,
  `published_at` datetime(6) DEFAULT NULL,
  `created_by_id` int unsigned DEFAULT NULL,
  `updated_by_id` int unsigned DEFAULT NULL,
  `locale` varchar(255) DEFAULT NULL,
  PRIMARY KEY (`id`),
  KEY `strapi_releases_documents_idx` (`document_id`,`locale`,`published_at`),
  KEY `strapi_releases_created_by_id_fk` (`created_by_id`),
  KEY `strapi_releases_updated_by_id_fk` (`updated_by_id`),
  CONSTRAINT `strapi_releases_created_by_id_fk` FOREIGN KEY (`created_by_id`) REFERENCES `admin_users` (`id`) ON DELETE SET NULL,
  CONSTRAINT `strapi_releases_updated_by_id_fk` FOREIGN KEY (`updated_by_id`) REFERENCES `admin_users` (`id`) ON DELETE SET NULL
) ENGINE=InnoDB DEFAULT CHARSET=utf8mb4 COLLATE=utf8mb4_0900_ai_ci;
/*!40101 SET character_set_client = @saved_cs_client */;

--
-- Dumping data for table `strapi_releases`
--

LOCK TABLES `strapi_releases` WRITE;
/*!40000 ALTER TABLE `strapi_releases` DISABLE KEYS */;
/*!40000 ALTER TABLE `strapi_releases` ENABLE KEYS */;
UNLOCK TABLES;

--
-- Table structure for table `strapi_transfer_token_permissions`
--

DROP TABLE IF EXISTS `strapi_transfer_token_permissions`;
/*!40101 SET @saved_cs_client     = @@character_set_client */;
/*!50503 SET character_set_client = utf8mb4 */;
CREATE TABLE `strapi_transfer_token_permissions` (
  `id` int unsigned NOT NULL AUTO_INCREMENT,
  `document_id` varchar(255) DEFAULT NULL,
  `action` varchar(255) DEFAULT NULL,
  `created_at` datetime(6) DEFAULT NULL,
  `updated_at` datetime(6) DEFAULT NULL,
  `published_at` datetime(6) DEFAULT NULL,
  `created_by_id` int unsigned DEFAULT NULL,
  `updated_by_id` int unsigned DEFAULT NULL,
  `locale` varchar(255) DEFAULT NULL,
  PRIMARY KEY (`id`),
  KEY `strapi_transfer_token_permissions_documents_idx` (`document_id`,`locale`,`published_at`),
  KEY `strapi_transfer_token_permissions_created_by_id_fk` (`created_by_id`),
  KEY `strapi_transfer_token_permissions_updated_by_id_fk` (`updated_by_id`),
  CONSTRAINT `strapi_transfer_token_permissions_created_by_id_fk` FOREIGN KEY (`created_by_id`) REFERENCES `admin_users` (`id`) ON DELETE SET NULL,
  CONSTRAINT `strapi_transfer_token_permissions_updated_by_id_fk` FOREIGN KEY (`updated_by_id`) REFERENCES `admin_users` (`id`) ON DELETE SET NULL
) ENGINE=InnoDB DEFAULT CHARSET=utf8mb4 COLLATE=utf8mb4_0900_ai_ci;
/*!40101 SET character_set_client = @saved_cs_client */;

--
-- Dumping data for table `strapi_transfer_token_permissions`
--

LOCK TABLES `strapi_transfer_token_permissions` WRITE;
/*!40000 ALTER TABLE `strapi_transfer_token_permissions` DISABLE KEYS */;
/*!40000 ALTER TABLE `strapi_transfer_token_permissions` ENABLE KEYS */;
UNLOCK TABLES;

--
-- Table structure for table `strapi_transfer_token_permissions_token_lnk`
--

DROP TABLE IF EXISTS `strapi_transfer_token_permissions_token_lnk`;
/*!40101 SET @saved_cs_client     = @@character_set_client */;
/*!50503 SET character_set_client = utf8mb4 */;
CREATE TABLE `strapi_transfer_token_permissions_token_lnk` (
  `id` int unsigned NOT NULL AUTO_INCREMENT,
  `transfer_token_permission_id` int unsigned DEFAULT NULL,
  `transfer_token_id` int unsigned DEFAULT NULL,
  `transfer_token_permission_ord` double unsigned DEFAULT NULL,
  PRIMARY KEY (`id`),
  UNIQUE KEY `strapi_transfer_token_permissions_token_lnk_uq` (`transfer_token_permission_id`,`transfer_token_id`),
  KEY `strapi_transfer_token_permissions_token_lnk_fk` (`transfer_token_permission_id`),
  KEY `strapi_transfer_token_permissions_token_lnk_ifk` (`transfer_token_id`),
  KEY `strapi_transfer_token_permissions_token_lnk_oifk` (`transfer_token_permission_ord`),
  CONSTRAINT `strapi_transfer_token_permissions_token_lnk_fk` FOREIGN KEY (`transfer_token_permission_id`) REFERENCES `strapi_transfer_token_permissions` (`id`) ON DELETE CASCADE,
  CONSTRAINT `strapi_transfer_token_permissions_token_lnk_ifk` FOREIGN KEY (`transfer_token_id`) REFERENCES `strapi_transfer_tokens` (`id`) ON DELETE CASCADE
) ENGINE=InnoDB DEFAULT CHARSET=utf8mb4 COLLATE=utf8mb4_0900_ai_ci;
/*!40101 SET character_set_client = @saved_cs_client */;

--
-- Dumping data for table `strapi_transfer_token_permissions_token_lnk`
--

LOCK TABLES `strapi_transfer_token_permissions_token_lnk` WRITE;
/*!40000 ALTER TABLE `strapi_transfer_token_permissions_token_lnk` DISABLE KEYS */;
/*!40000 ALTER TABLE `strapi_transfer_token_permissions_token_lnk` ENABLE KEYS */;
UNLOCK TABLES;

--
-- Table structure for table `strapi_transfer_tokens`
--

DROP TABLE IF EXISTS `strapi_transfer_tokens`;
/*!40101 SET @saved_cs_client     = @@character_set_client */;
/*!50503 SET character_set_client = utf8mb4 */;
CREATE TABLE `strapi_transfer_tokens` (
  `id` int unsigned NOT NULL AUTO_INCREMENT,
  `document_id` varchar(255) DEFAULT NULL,
  `name` varchar(255) DEFAULT NULL,
  `description` varchar(255) DEFAULT NULL,
  `access_key` varchar(255) DEFAULT NULL,
  `last_used_at` datetime(6) DEFAULT NULL,
  `expires_at` datetime(6) DEFAULT NULL,
  `lifespan` bigint DEFAULT NULL,
  `created_at` datetime(6) DEFAULT NULL,
  `updated_at` datetime(6) DEFAULT NULL,
  `published_at` datetime(6) DEFAULT NULL,
  `created_by_id` int unsigned DEFAULT NULL,
  `updated_by_id` int unsigned DEFAULT NULL,
  `locale` varchar(255) DEFAULT NULL,
  PRIMARY KEY (`id`),
  KEY `strapi_transfer_tokens_documents_idx` (`document_id`,`locale`,`published_at`),
  KEY `strapi_transfer_tokens_created_by_id_fk` (`created_by_id`),
  KEY `strapi_transfer_tokens_updated_by_id_fk` (`updated_by_id`),
  CONSTRAINT `strapi_transfer_tokens_created_by_id_fk` FOREIGN KEY (`created_by_id`) REFERENCES `admin_users` (`id`) ON DELETE SET NULL,
  CONSTRAINT `strapi_transfer_tokens_updated_by_id_fk` FOREIGN KEY (`updated_by_id`) REFERENCES `admin_users` (`id`) ON DELETE SET NULL
) ENGINE=InnoDB DEFAULT CHARSET=utf8mb4 COLLATE=utf8mb4_0900_ai_ci;
/*!40101 SET character_set_client = @saved_cs_client */;

--
-- Dumping data for table `strapi_transfer_tokens`
--

LOCK TABLES `strapi_transfer_tokens` WRITE;
/*!40000 ALTER TABLE `strapi_transfer_tokens` DISABLE KEYS */;
/*!40000 ALTER TABLE `strapi_transfer_tokens` ENABLE KEYS */;
UNLOCK TABLES;

--
-- Table structure for table `strapi_webhooks`
--

DROP TABLE IF EXISTS `strapi_webhooks`;
/*!40101 SET @saved_cs_client     = @@character_set_client */;
/*!50503 SET character_set_client = utf8mb4 */;
CREATE TABLE `strapi_webhooks` (
  `id` int unsigned NOT NULL AUTO_INCREMENT,
  `name` varchar(255) DEFAULT NULL,
  `url` longtext,
  `headers` json DEFAULT NULL,
  `events` json DEFAULT NULL,
  `enabled` tinyint(1) DEFAULT NULL,
  PRIMARY KEY (`id`)
) ENGINE=InnoDB DEFAULT CHARSET=utf8mb4 COLLATE=utf8mb4_0900_ai_ci;
/*!40101 SET character_set_client = @saved_cs_client */;

--
-- Dumping data for table `strapi_webhooks`
--

LOCK TABLES `strapi_webhooks` WRITE;
/*!40000 ALTER TABLE `strapi_webhooks` DISABLE KEYS */;
/*!40000 ALTER TABLE `strapi_webhooks` ENABLE KEYS */;
UNLOCK TABLES;

--
-- Table structure for table `strapi_workflows`
--

DROP TABLE IF EXISTS `strapi_workflows`;
/*!40101 SET @saved_cs_client     = @@character_set_client */;
/*!50503 SET character_set_client = utf8mb4 */;
CREATE TABLE `strapi_workflows` (
  `id` int unsigned NOT NULL AUTO_INCREMENT,
  `document_id` varchar(255) DEFAULT NULL,
  `name` varchar(255) DEFAULT NULL,
  `content_types` json DEFAULT NULL,
  `created_at` datetime(6) DEFAULT NULL,
  `updated_at` datetime(6) DEFAULT NULL,
  `published_at` datetime(6) DEFAULT NULL,
  `created_by_id` int unsigned DEFAULT NULL,
  `updated_by_id` int unsigned DEFAULT NULL,
  `locale` varchar(255) DEFAULT NULL,
  PRIMARY KEY (`id`),
  KEY `strapi_workflows_documents_idx` (`document_id`,`locale`,`published_at`),
  KEY `strapi_workflows_created_by_id_fk` (`created_by_id`),
  KEY `strapi_workflows_updated_by_id_fk` (`updated_by_id`),
  CONSTRAINT `strapi_workflows_created_by_id_fk` FOREIGN KEY (`created_by_id`) REFERENCES `admin_users` (`id`) ON DELETE SET NULL,
  CONSTRAINT `strapi_workflows_updated_by_id_fk` FOREIGN KEY (`updated_by_id`) REFERENCES `admin_users` (`id`) ON DELETE SET NULL
) ENGINE=InnoDB DEFAULT CHARSET=utf8mb4 COLLATE=utf8mb4_0900_ai_ci;
/*!40101 SET character_set_client = @saved_cs_client */;

--
-- Dumping data for table `strapi_workflows`
--

LOCK TABLES `strapi_workflows` WRITE;
/*!40000 ALTER TABLE `strapi_workflows` DISABLE KEYS */;
/*!40000 ALTER TABLE `strapi_workflows` ENABLE KEYS */;
UNLOCK TABLES;

--
-- Table structure for table `strapi_workflows_stage_required_to_publish_lnk`
--

DROP TABLE IF EXISTS `strapi_workflows_stage_required_to_publish_lnk`;
/*!40101 SET @saved_cs_client     = @@character_set_client */;
/*!50503 SET character_set_client = utf8mb4 */;
CREATE TABLE `strapi_workflows_stage_required_to_publish_lnk` (
  `id` int unsigned NOT NULL AUTO_INCREMENT,
  `workflow_id` int unsigned DEFAULT NULL,
  `workflow_stage_id` int unsigned DEFAULT NULL,
  PRIMARY KEY (`id`),
  UNIQUE KEY `strapi_workflows_stage_required_to_publish_lnk_uq` (`workflow_id`,`workflow_stage_id`),
  KEY `strapi_workflows_stage_required_to_publish_lnk_fk` (`workflow_id`),
  KEY `strapi_workflows_stage_required_to_publish_lnk_ifk` (`workflow_stage_id`),
  CONSTRAINT `strapi_workflows_stage_required_to_publish_lnk_fk` FOREIGN KEY (`workflow_id`) REFERENCES `strapi_workflows` (`id`) ON DELETE CASCADE,
  CONSTRAINT `strapi_workflows_stage_required_to_publish_lnk_ifk` FOREIGN KEY (`workflow_stage_id`) REFERENCES `strapi_workflows_stages` (`id`) ON DELETE CASCADE
) ENGINE=InnoDB DEFAULT CHARSET=utf8mb4 COLLATE=utf8mb4_0900_ai_ci;
/*!40101 SET character_set_client = @saved_cs_client */;

--
-- Dumping data for table `strapi_workflows_stage_required_to_publish_lnk`
--

LOCK TABLES `strapi_workflows_stage_required_to_publish_lnk` WRITE;
/*!40000 ALTER TABLE `strapi_workflows_stage_required_to_publish_lnk` DISABLE KEYS */;
/*!40000 ALTER TABLE `strapi_workflows_stage_required_to_publish_lnk` ENABLE KEYS */;
UNLOCK TABLES;

--
-- Table structure for table `strapi_workflows_stages`
--

DROP TABLE IF EXISTS `strapi_workflows_stages`;
/*!40101 SET @saved_cs_client     = @@character_set_client */;
/*!50503 SET character_set_client = utf8mb4 */;
CREATE TABLE `strapi_workflows_stages` (
  `id` int unsigned NOT NULL AUTO_INCREMENT,
  `document_id` varchar(255) DEFAULT NULL,
  `name` varchar(255) DEFAULT NULL,
  `color` varchar(255) DEFAULT NULL,
  `created_at` datetime(6) DEFAULT NULL,
  `updated_at` datetime(6) DEFAULT NULL,
  `published_at` datetime(6) DEFAULT NULL,
  `created_by_id` int unsigned DEFAULT NULL,
  `updated_by_id` int unsigned DEFAULT NULL,
  `locale` varchar(255) DEFAULT NULL,
  PRIMARY KEY (`id`),
  KEY `strapi_workflows_stages_documents_idx` (`document_id`,`locale`,`published_at`),
  KEY `strapi_workflows_stages_created_by_id_fk` (`created_by_id`),
  KEY `strapi_workflows_stages_updated_by_id_fk` (`updated_by_id`),
  CONSTRAINT `strapi_workflows_stages_created_by_id_fk` FOREIGN KEY (`created_by_id`) REFERENCES `admin_users` (`id`) ON DELETE SET NULL,
  CONSTRAINT `strapi_workflows_stages_updated_by_id_fk` FOREIGN KEY (`updated_by_id`) REFERENCES `admin_users` (`id`) ON DELETE SET NULL
) ENGINE=InnoDB DEFAULT CHARSET=utf8mb4 COLLATE=utf8mb4_0900_ai_ci;
/*!40101 SET character_set_client = @saved_cs_client */;

--
-- Dumping data for table `strapi_workflows_stages`
--

LOCK TABLES `strapi_workflows_stages` WRITE;
/*!40000 ALTER TABLE `strapi_workflows_stages` DISABLE KEYS */;
/*!40000 ALTER TABLE `strapi_workflows_stages` ENABLE KEYS */;
UNLOCK TABLES;

--
-- Table structure for table `strapi_workflows_stages_permissions_lnk`
--

DROP TABLE IF EXISTS `strapi_workflows_stages_permissions_lnk`;
/*!40101 SET @saved_cs_client     = @@character_set_client */;
/*!50503 SET character_set_client = utf8mb4 */;
CREATE TABLE `strapi_workflows_stages_permissions_lnk` (
  `id` int unsigned NOT NULL AUTO_INCREMENT,
  `workflow_stage_id` int unsigned DEFAULT NULL,
  `permission_id` int unsigned DEFAULT NULL,
  `permission_ord` double unsigned DEFAULT NULL,
  PRIMARY KEY (`id`),
  UNIQUE KEY `strapi_workflows_stages_permissions_lnk_uq` (`workflow_stage_id`,`permission_id`),
  KEY `strapi_workflows_stages_permissions_lnk_fk` (`workflow_stage_id`),
  KEY `strapi_workflows_stages_permissions_lnk_ifk` (`permission_id`),
  KEY `strapi_workflows_stages_permissions_lnk_ofk` (`permission_ord`),
  CONSTRAINT `strapi_workflows_stages_permissions_lnk_fk` FOREIGN KEY (`workflow_stage_id`) REFERENCES `strapi_workflows_stages` (`id`) ON DELETE CASCADE,
  CONSTRAINT `strapi_workflows_stages_permissions_lnk_ifk` FOREIGN KEY (`permission_id`) REFERENCES `admin_permissions` (`id`) ON DELETE CASCADE
) ENGINE=InnoDB DEFAULT CHARSET=utf8mb4 COLLATE=utf8mb4_0900_ai_ci;
/*!40101 SET character_set_client = @saved_cs_client */;

--
-- Dumping data for table `strapi_workflows_stages_permissions_lnk`
--

LOCK TABLES `strapi_workflows_stages_permissions_lnk` WRITE;
/*!40000 ALTER TABLE `strapi_workflows_stages_permissions_lnk` DISABLE KEYS */;
/*!40000 ALTER TABLE `strapi_workflows_stages_permissions_lnk` ENABLE KEYS */;
UNLOCK TABLES;

--
-- Table structure for table `strapi_workflows_stages_workflow_lnk`
--

DROP TABLE IF EXISTS `strapi_workflows_stages_workflow_lnk`;
/*!40101 SET @saved_cs_client     = @@character_set_client */;
/*!50503 SET character_set_client = utf8mb4 */;
CREATE TABLE `strapi_workflows_stages_workflow_lnk` (
  `id` int unsigned NOT NULL AUTO_INCREMENT,
  `workflow_stage_id` int unsigned DEFAULT NULL,
  `workflow_id` int unsigned DEFAULT NULL,
  `workflow_stage_ord` double unsigned DEFAULT NULL,
  PRIMARY KEY (`id`),
  UNIQUE KEY `strapi_workflows_stages_workflow_lnk_uq` (`workflow_stage_id`,`workflow_id`),
  KEY `strapi_workflows_stages_workflow_lnk_fk` (`workflow_stage_id`),
  KEY `strapi_workflows_stages_workflow_lnk_ifk` (`workflow_id`),
  KEY `strapi_workflows_stages_workflow_lnk_oifk` (`workflow_stage_ord`),
  CONSTRAINT `strapi_workflows_stages_workflow_lnk_fk` FOREIGN KEY (`workflow_stage_id`) REFERENCES `strapi_workflows_stages` (`id`) ON DELETE CASCADE,
  CONSTRAINT `strapi_workflows_stages_workflow_lnk_ifk` FOREIGN KEY (`workflow_id`) REFERENCES `strapi_workflows` (`id`) ON DELETE CASCADE
) ENGINE=InnoDB DEFAULT CHARSET=utf8mb4 COLLATE=utf8mb4_0900_ai_ci;
/*!40101 SET character_set_client = @saved_cs_client */;

--
-- Dumping data for table `strapi_workflows_stages_workflow_lnk`
--

LOCK TABLES `strapi_workflows_stages_workflow_lnk` WRITE;
/*!40000 ALTER TABLE `strapi_workflows_stages_workflow_lnk` DISABLE KEYS */;
/*!40000 ALTER TABLE `strapi_workflows_stages_workflow_lnk` ENABLE KEYS */;
UNLOCK TABLES;

--
-- Table structure for table `subscribes`
--

DROP TABLE IF EXISTS `subscribes`;
/*!40101 SET @saved_cs_client     = @@character_set_client */;
/*!50503 SET character_set_client = utf8mb4 */;
CREATE TABLE `subscribes` (
  `id` int unsigned NOT NULL AUTO_INCREMENT,
  `document_id` varchar(255) DEFAULT NULL,
  `email` varchar(255) DEFAULT NULL,
  `created_at` datetime(6) DEFAULT NULL,
  `updated_at` datetime(6) DEFAULT NULL,
  `published_at` datetime(6) DEFAULT NULL,
  `created_by_id` int unsigned DEFAULT NULL,
  `updated_by_id` int unsigned DEFAULT NULL,
  `locale` varchar(255) DEFAULT NULL,
  PRIMARY KEY (`id`),
  KEY `subscribes_documents_idx` (`document_id`,`locale`,`published_at`),
  KEY `subscribes_created_by_id_fk` (`created_by_id`),
  KEY `subscribes_updated_by_id_fk` (`updated_by_id`),
  CONSTRAINT `subscribes_created_by_id_fk` FOREIGN KEY (`created_by_id`) REFERENCES `admin_users` (`id`) ON DELETE SET NULL,
  CONSTRAINT `subscribes_updated_by_id_fk` FOREIGN KEY (`updated_by_id`) REFERENCES `admin_users` (`id`) ON DELETE SET NULL
) ENGINE=InnoDB AUTO_INCREMENT=41 DEFAULT CHARSET=utf8mb4 COLLATE=utf8mb4_0900_ai_ci;
/*!40101 SET character_set_client = @saved_cs_client */;

--
-- Dumping data for table `subscribes`
--

LOCK TABLES `subscribes` WRITE;
/*!40000 ALTER TABLE `subscribes` DISABLE KEYS */;
INSERT INTO `subscribes` VALUES (13,'xamlma3kbm3pww29xv3avzd9','phuminan@live.com','2025-05-07 08:18:27.137000','2025-05-07 08:18:27.137000',NULL,NULL,NULL,NULL),(14,'xamlma3kbm3pww29xv3avzd9','phuminan@live.com','2025-05-07 08:18:27.137000','2025-05-07 08:18:27.137000','2025-05-07 08:18:27.142000',NULL,NULL,NULL),(15,'nl0lwwc1wllsuo6feytvlb8o','pipe2bot@gmail.com','2025-05-07 12:24:03.450000','2025-05-07 12:24:03.450000',NULL,NULL,NULL,NULL),(16,'nl0lwwc1wllsuo6feytvlb8o','pipe2bot@gmail.com','2025-05-07 12:24:03.450000','2025-05-07 12:24:03.450000','2025-05-07 12:24:03.453000',NULL,NULL,NULL),(17,'u9km7gb7wrw4h8pdk6hlm2bt','thanyathorn15535@gmail.com','2025-05-07 17:28:54.038000','2025-05-07 17:28:54.038000',NULL,NULL,NULL,NULL),(18,'u9km7gb7wrw4h8pdk6hlm2bt','thanyathorn15535@gmail.com','2025-05-07 17:28:54.038000','2025-05-07 17:28:54.038000','2025-05-07 17:28:54.041000',NULL,NULL,NULL),(19,'vm2ov4v8zb4yhz243c8ed0z8','1968a37oppo@gmail.com','2025-05-08 13:09:20.921000','2025-05-08 13:09:20.921000',NULL,NULL,NULL,NULL),(20,'vm2ov4v8zb4yhz243c8ed0z8','1968a37oppo@gmail.com','2025-05-08 13:09:20.921000','2025-05-08 13:09:20.921000','2025-05-08 13:09:20.926000',NULL,NULL,NULL),(21,'l4xg0jiill9o6m9vylz2bu5m','parinda.lert@mail.kmutt.ac.th','2025-05-08 13:10:19.171000','2025-05-08 13:10:19.171000',NULL,NULL,NULL,NULL),(22,'l4xg0jiill9o6m9vylz2bu5m','parinda.lert@mail.kmutt.ac.th','2025-05-08 13:10:19.171000','2025-05-08 13:10:19.171000','2025-05-08 13:10:19.174000',NULL,NULL,NULL),(23,'s9tgzfsb1jwrh15m4mmblh9m','thapakornsuwanpho@gmail.com','2025-05-08 19:11:12.247000','2025-05-08 19:11:12.247000',NULL,NULL,NULL,NULL),(24,'s9tgzfsb1jwrh15m4mmblh9m','thapakornsuwanpho@gmail.com','2025-05-08 19:11:12.247000','2025-05-08 19:11:12.247000','2025-05-08 19:11:12.250000',NULL,NULL,NULL),(25,'f95rg6z51zsfeldx0o3mzy42','thungzamag@gmail.com','2025-05-10 07:26:07.833000','2025-05-10 07:26:07.833000',NULL,NULL,NULL,NULL),(26,'f95rg6z51zsfeldx0o3mzy42','thungzamag@gmail.com','2025-05-10 07:26:07.833000','2025-05-10 07:26:07.833000','2025-05-10 07:26:07.839000',NULL,NULL,NULL),(27,'l3fxp9s4feixtcge0jjzyyum','bestg537@gmail.com','2025-05-10 07:33:24.520000','2025-05-10 07:33:24.520000',NULL,NULL,NULL,NULL),(28,'l3fxp9s4feixtcge0jjzyyum','bestg537@gmail.com','2025-05-10 07:33:24.520000','2025-05-10 07:33:24.520000','2025-05-10 07:33:24.524000',NULL,NULL,NULL),(29,'zd8i7spbjsvzsm76werop5hr','tonnum15@gmail.com','2025-05-10 15:31:41.426000','2025-05-10 15:31:41.426000',NULL,NULL,NULL,NULL),(30,'zd8i7spbjsvzsm76werop5hr','tonnum15@gmail.com','2025-05-10 15:31:41.426000','2025-05-10 15:31:41.426000','2025-05-10 15:31:41.431000',NULL,NULL,NULL),(31,'o88l5nxf3n03asyzwwmyyep6','tharakorn.kupt@gmail.com','2025-05-11 09:59:23.833000','2025-05-11 09:59:23.833000',NULL,NULL,NULL,NULL),(32,'o88l5nxf3n03asyzwwmyyep6','tharakorn.kupt@gmail.com','2025-05-11 09:59:23.833000','2025-05-11 09:59:23.833000','2025-05-11 09:59:23.841000',NULL,NULL,NULL),(33,'j0x1vepeq2ikddvnhkrwstic','xdfcxxytxx@gmail.com','2025-05-11 10:10:39.868000','2025-05-11 10:10:39.868000',NULL,NULL,NULL,NULL),(34,'j0x1vepeq2ikddvnhkrwstic','xdfcxxytxx@gmail.com','2025-05-11 10:10:39.868000','2025-05-11 10:10:39.868000','2025-05-11 10:10:39.875000',NULL,NULL,NULL),(35,'ogpa1fxfpk2mccrld3704hax','papanya.siri2003@gmail.com','2025-05-11 10:41:10.714000','2025-05-11 10:41:10.714000',NULL,NULL,NULL,NULL),(36,'ogpa1fxfpk2mccrld3704hax','papanya.siri2003@gmail.com','2025-05-11 10:41:10.714000','2025-05-11 10:41:10.714000','2025-05-11 10:41:10.719000',NULL,NULL,NULL),(37,'a47v6vf3rqai8zn9dvffv9q7','bearjaiton@gmail.com','2025-05-11 13:03:24.290000','2025-05-11 13:03:24.290000',NULL,NULL,NULL,NULL),(38,'a47v6vf3rqai8zn9dvffv9q7','bearjaiton@gmail.com','2025-05-11 13:03:24.290000','2025-05-11 13:03:24.290000','2025-05-11 13:03:24.297000',NULL,NULL,NULL),(39,'ovv11g3l95lidw5ltbmjpxo8','Thadzy025@gmail.com','2025-05-11 13:27:59.057000','2025-05-11 13:27:59.057000',NULL,NULL,NULL,NULL),(40,'ovv11g3l95lidw5ltbmjpxo8','Thadzy025@gmail.com','2025-05-11 13:27:59.057000','2025-05-11 13:27:59.057000','2025-05-11 13:27:59.062000',NULL,NULL,NULL);
/*!40000 ALTER TABLE `subscribes` ENABLE KEYS */;
UNLOCK TABLES;

--
-- Table structure for table `up_permissions`
--

DROP TABLE IF EXISTS `up_permissions`;
/*!40101 SET @saved_cs_client     = @@character_set_client */;
/*!50503 SET character_set_client = utf8mb4 */;
CREATE TABLE `up_permissions` (
  `id` int unsigned NOT NULL AUTO_INCREMENT,
  `document_id` varchar(255) DEFAULT NULL,
  `action` varchar(255) DEFAULT NULL,
  `created_at` datetime(6) DEFAULT NULL,
  `updated_at` datetime(6) DEFAULT NULL,
  `published_at` datetime(6) DEFAULT NULL,
  `created_by_id` int unsigned DEFAULT NULL,
  `updated_by_id` int unsigned DEFAULT NULL,
  `locale` varchar(255) DEFAULT NULL,
  PRIMARY KEY (`id`),
  KEY `up_permissions_documents_idx` (`document_id`,`locale`,`published_at`),
  KEY `up_permissions_created_by_id_fk` (`created_by_id`),
  KEY `up_permissions_updated_by_id_fk` (`updated_by_id`),
  CONSTRAINT `up_permissions_created_by_id_fk` FOREIGN KEY (`created_by_id`) REFERENCES `admin_users` (`id`) ON DELETE SET NULL,
  CONSTRAINT `up_permissions_updated_by_id_fk` FOREIGN KEY (`updated_by_id`) REFERENCES `admin_users` (`id`) ON DELETE SET NULL
) ENGINE=InnoDB AUTO_INCREMENT=21 DEFAULT CHARSET=utf8mb4 COLLATE=utf8mb4_0900_ai_ci;
/*!40101 SET character_set_client = @saved_cs_client */;

--
-- Dumping data for table `up_permissions`
--

LOCK TABLES `up_permissions` WRITE;
/*!40000 ALTER TABLE `up_permissions` DISABLE KEYS */;
INSERT INTO `up_permissions` VALUES (1,'kpkc81cxq670puhsudpvty9b','plugin::users-permissions.user.me','2025-04-25 04:53:07.283000','2025-04-25 04:53:07.283000','2025-04-25 04:53:07.284000',NULL,NULL,NULL),(2,'mvmv4miwafgtrv0x1qznvrvh','plugin::users-permissions.auth.changePassword','2025-04-25 04:53:07.283000','2025-04-25 04:53:07.283000','2025-04-25 04:53:07.284000',NULL,NULL,NULL),(3,'es5z0q8hdc18op160hq88m77','plugin::users-permissions.auth.callback','2025-04-25 04:53:07.295000','2025-04-25 04:53:07.295000','2025-04-25 04:53:07.295000',NULL,NULL,NULL),(4,'bz4yb77lcyf2lg51b97ikn7h','plugin::users-permissions.auth.connect','2025-04-25 04:53:07.295000','2025-04-25 04:53:07.295000','2025-04-25 04:53:07.295000',NULL,NULL,NULL),(5,'xn7edwkq3wuh9ce0yeoa0g2h','plugin::users-permissions.auth.forgotPassword','2025-04-25 04:53:07.295000','2025-04-25 04:53:07.295000','2025-04-25 04:53:07.295000',NULL,NULL,NULL),(6,'zaw6ttrsir4yp9osqre5e7z3','plugin::users-permissions.auth.emailConfirmation','2025-04-25 04:53:07.295000','2025-04-25 04:53:07.295000','2025-04-25 04:53:07.295000',NULL,NULL,NULL),(7,'pef5s26hoxzjvm1qtly8z0bi','plugin::users-permissions.auth.resetPassword','2025-04-25 04:53:07.295000','2025-04-25 04:53:07.295000','2025-04-25 04:53:07.295000',NULL,NULL,NULL),(8,'cr5k2k26h6hz5cv70ukidihk','plugin::users-permissions.auth.register','2025-04-25 04:53:07.295000','2025-04-25 04:53:07.295000','2025-04-25 04:53:07.295000',NULL,NULL,NULL),(9,'rximwkblp8ho5b9c8b2cnp87','plugin::users-permissions.auth.sendEmailConfirmation','2025-04-25 04:53:07.295000','2025-04-25 04:53:07.295000','2025-04-25 04:53:07.295000',NULL,NULL,NULL),(10,'fjmorl9swk3ycoouhifueu25','api::form.form.find','2025-04-28 10:56:22.555000','2025-04-28 10:56:22.555000','2025-04-28 10:56:22.555000',NULL,NULL,NULL),(11,'px9g3xtcwlupar15yg3evqkb','api::form.form.findOne','2025-04-28 10:56:22.555000','2025-04-28 10:56:22.555000','2025-04-28 10:56:22.556000',NULL,NULL,NULL),(12,'zuvqudjv9z6lvy6mruxbow3r','api::form.form.create','2025-04-28 10:56:22.555000','2025-04-28 10:56:22.555000','2025-04-28 10:56:22.556000',NULL,NULL,NULL),(14,'neq6cxd3n99ssa16fihzl856','plugin::upload.content-api.find','2025-05-06 07:37:36.811000','2025-05-06 07:37:36.811000','2025-05-06 07:37:36.811000',NULL,NULL,NULL),(15,'d2fogzzaeo8jthblckxa4qnm','plugin::upload.content-api.findOne','2025-05-06 07:37:36.811000','2025-05-06 07:37:36.811000','2025-05-06 07:37:36.811000',NULL,NULL,NULL),(16,'ll12q70d5pjgv5cj08rp4pww','plugin::upload.content-api.upload','2025-05-06 07:37:36.811000','2025-05-06 07:37:36.811000','2025-05-06 07:37:36.811000',NULL,NULL,NULL),(17,'rl81pc3uvod4mwmnxwy1uz5y','api::subscribe.subscribe.find','2025-05-07 07:35:53.130000','2025-05-07 07:35:53.130000','2025-05-07 07:35:53.131000',NULL,NULL,NULL),(18,'aknyqj90z7x242h5yhezar4v','api::subscribe.subscribe.findOne','2025-05-07 07:35:53.130000','2025-05-07 07:35:53.130000','2025-05-07 07:35:53.131000',NULL,NULL,NULL),(19,'tjfu8itpsk9jteqpbk7ky4ai','api::subscribe.subscribe.create','2025-05-07 07:35:53.130000','2025-05-07 07:35:53.130000','2025-05-07 07:35:53.132000',NULL,NULL,NULL);
/*!40000 ALTER TABLE `up_permissions` ENABLE KEYS */;
UNLOCK TABLES;

--
-- Table structure for table `up_permissions_role_lnk`
--

DROP TABLE IF EXISTS `up_permissions_role_lnk`;
/*!40101 SET @saved_cs_client     = @@character_set_client */;
/*!50503 SET character_set_client = utf8mb4 */;
CREATE TABLE `up_permissions_role_lnk` (
  `id` int unsigned NOT NULL AUTO_INCREMENT,
  `permission_id` int unsigned DEFAULT NULL,
  `role_id` int unsigned DEFAULT NULL,
  `permission_ord` double unsigned DEFAULT NULL,
  PRIMARY KEY (`id`),
  UNIQUE KEY `up_permissions_role_lnk_uq` (`permission_id`,`role_id`),
  KEY `up_permissions_role_lnk_fk` (`permission_id`),
  KEY `up_permissions_role_lnk_ifk` (`role_id`),
  KEY `up_permissions_role_lnk_oifk` (`permission_ord`),
  CONSTRAINT `up_permissions_role_lnk_fk` FOREIGN KEY (`permission_id`) REFERENCES `up_permissions` (`id`) ON DELETE CASCADE,
  CONSTRAINT `up_permissions_role_lnk_ifk` FOREIGN KEY (`role_id`) REFERENCES `up_roles` (`id`) ON DELETE CASCADE
) ENGINE=InnoDB AUTO_INCREMENT=21 DEFAULT CHARSET=utf8mb4 COLLATE=utf8mb4_0900_ai_ci;
/*!40101 SET character_set_client = @saved_cs_client */;

--
-- Dumping data for table `up_permissions_role_lnk`
--

LOCK TABLES `up_permissions_role_lnk` WRITE;
/*!40000 ALTER TABLE `up_permissions_role_lnk` DISABLE KEYS */;
INSERT INTO `up_permissions_role_lnk` VALUES (1,1,1,1),(2,2,1,1),(3,3,2,1),(4,9,2,2),(5,8,2,2),(6,7,2,2),(7,4,2,2),(8,6,2,2),(9,5,2,2),(10,10,2,3),(11,11,2,3),(13,12,2,4),(14,14,2,5),(15,16,2,5),(16,15,2,5),(17,17,2,6),(18,18,2,6),(19,19,2,6);
/*!40000 ALTER TABLE `up_permissions_role_lnk` ENABLE KEYS */;
UNLOCK TABLES;

--
-- Table structure for table `up_roles`
--

DROP TABLE IF EXISTS `up_roles`;
/*!40101 SET @saved_cs_client     = @@character_set_client */;
/*!50503 SET character_set_client = utf8mb4 */;
CREATE TABLE `up_roles` (
  `id` int unsigned NOT NULL AUTO_INCREMENT,
  `document_id` varchar(255) DEFAULT NULL,
  `name` varchar(255) DEFAULT NULL,
  `description` varchar(255) DEFAULT NULL,
  `type` varchar(255) DEFAULT NULL,
  `created_at` datetime(6) DEFAULT NULL,
  `updated_at` datetime(6) DEFAULT NULL,
  `published_at` datetime(6) DEFAULT NULL,
  `created_by_id` int unsigned DEFAULT NULL,
  `updated_by_id` int unsigned DEFAULT NULL,
  `locale` varchar(255) DEFAULT NULL,
  PRIMARY KEY (`id`),
  KEY `up_roles_documents_idx` (`document_id`,`locale`,`published_at`),
  KEY `up_roles_created_by_id_fk` (`created_by_id`),
  KEY `up_roles_updated_by_id_fk` (`updated_by_id`),
  CONSTRAINT `up_roles_created_by_id_fk` FOREIGN KEY (`created_by_id`) REFERENCES `admin_users` (`id`) ON DELETE SET NULL,
  CONSTRAINT `up_roles_updated_by_id_fk` FOREIGN KEY (`updated_by_id`) REFERENCES `admin_users` (`id`) ON DELETE SET NULL
) ENGINE=InnoDB AUTO_INCREMENT=3 DEFAULT CHARSET=utf8mb4 COLLATE=utf8mb4_0900_ai_ci;
/*!40101 SET character_set_client = @saved_cs_client */;

--
-- Dumping data for table `up_roles`
--

LOCK TABLES `up_roles` WRITE;
/*!40000 ALTER TABLE `up_roles` DISABLE KEYS */;
INSERT INTO `up_roles` VALUES (1,'up7hk3mi1749jyrtvy6tgs8a','Authenticated','Default role given to authenticated user.','authenticated','2025-04-25 04:53:07.273000','2025-04-25 04:53:07.273000','2025-04-25 04:53:07.274000',NULL,NULL,NULL),(2,'oohhdojxcstqrz9e3sakg4rx','Public','Default role given to unauthenticated user.','public','2025-04-25 04:53:07.277000','2025-05-07 08:18:17.383000','2025-04-25 04:53:07.278000',NULL,NULL,NULL);
/*!40000 ALTER TABLE `up_roles` ENABLE KEYS */;
UNLOCK TABLES;

--
-- Table structure for table `up_users`
--

DROP TABLE IF EXISTS `up_users`;
/*!40101 SET @saved_cs_client     = @@character_set_client */;
/*!50503 SET character_set_client = utf8mb4 */;
CREATE TABLE `up_users` (
  `id` int unsigned NOT NULL AUTO_INCREMENT,
  `document_id` varchar(255) DEFAULT NULL,
  `username` varchar(255) DEFAULT NULL,
  `email` varchar(255) DEFAULT NULL,
  `provider` varchar(255) DEFAULT NULL,
  `password` varchar(255) DEFAULT NULL,
  `reset_password_token` varchar(255) DEFAULT NULL,
  `confirmation_token` varchar(255) DEFAULT NULL,
  `confirmed` tinyint(1) DEFAULT NULL,
  `blocked` tinyint(1) DEFAULT NULL,
  `created_at` datetime(6) DEFAULT NULL,
  `updated_at` datetime(6) DEFAULT NULL,
  `published_at` datetime(6) DEFAULT NULL,
  `created_by_id` int unsigned DEFAULT NULL,
  `updated_by_id` int unsigned DEFAULT NULL,
  `locale` varchar(255) DEFAULT NULL,
  PRIMARY KEY (`id`),
  KEY `up_users_documents_idx` (`document_id`,`locale`,`published_at`),
  KEY `up_users_created_by_id_fk` (`created_by_id`),
  KEY `up_users_updated_by_id_fk` (`updated_by_id`),
  CONSTRAINT `up_users_created_by_id_fk` FOREIGN KEY (`created_by_id`) REFERENCES `admin_users` (`id`) ON DELETE SET NULL,
  CONSTRAINT `up_users_updated_by_id_fk` FOREIGN KEY (`updated_by_id`) REFERENCES `admin_users` (`id`) ON DELETE SET NULL
) ENGINE=InnoDB DEFAULT CHARSET=utf8mb4 COLLATE=utf8mb4_0900_ai_ci;
/*!40101 SET character_set_client = @saved_cs_client */;

--
-- Dumping data for table `up_users`
--

LOCK TABLES `up_users` WRITE;
/*!40000 ALTER TABLE `up_users` DISABLE KEYS */;
/*!40000 ALTER TABLE `up_users` ENABLE KEYS */;
UNLOCK TABLES;

--
-- Table structure for table `up_users_role_lnk`
--

DROP TABLE IF EXISTS `up_users_role_lnk`;
/*!40101 SET @saved_cs_client     = @@character_set_client */;
/*!50503 SET character_set_client = utf8mb4 */;
CREATE TABLE `up_users_role_lnk` (
  `id` int unsigned NOT NULL AUTO_INCREMENT,
  `user_id` int unsigned DEFAULT NULL,
  `role_id` int unsigned DEFAULT NULL,
  `user_ord` double unsigned DEFAULT NULL,
  PRIMARY KEY (`id`),
  UNIQUE KEY `up_users_role_lnk_uq` (`user_id`,`role_id`),
  KEY `up_users_role_lnk_fk` (`user_id`),
  KEY `up_users_role_lnk_ifk` (`role_id`),
  KEY `up_users_role_lnk_oifk` (`user_ord`),
  CONSTRAINT `up_users_role_lnk_fk` FOREIGN KEY (`user_id`) REFERENCES `up_users` (`id`) ON DELETE CASCADE,
  CONSTRAINT `up_users_role_lnk_ifk` FOREIGN KEY (`role_id`) REFERENCES `up_roles` (`id`) ON DELETE CASCADE
) ENGINE=InnoDB DEFAULT CHARSET=utf8mb4 COLLATE=utf8mb4_0900_ai_ci;
/*!40101 SET character_set_client = @saved_cs_client */;

--
-- Dumping data for table `up_users_role_lnk`
--

LOCK TABLES `up_users_role_lnk` WRITE;
/*!40000 ALTER TABLE `up_users_role_lnk` DISABLE KEYS */;
/*!40000 ALTER TABLE `up_users_role_lnk` ENABLE KEYS */;
UNLOCK TABLES;

--
-- Table structure for table `upload_folders`
--

DROP TABLE IF EXISTS `upload_folders`;
/*!40101 SET @saved_cs_client     = @@character_set_client */;
/*!50503 SET character_set_client = utf8mb4 */;
CREATE TABLE `upload_folders` (
  `id` int unsigned NOT NULL AUTO_INCREMENT,
  `document_id` varchar(255) DEFAULT NULL,
  `name` varchar(255) DEFAULT NULL,
  `path_id` int DEFAULT NULL,
  `path` varchar(255) DEFAULT NULL,
  `created_at` datetime(6) DEFAULT NULL,
  `updated_at` datetime(6) DEFAULT NULL,
  `published_at` datetime(6) DEFAULT NULL,
  `created_by_id` int unsigned DEFAULT NULL,
  `updated_by_id` int unsigned DEFAULT NULL,
  `locale` varchar(255) DEFAULT NULL,
  PRIMARY KEY (`id`),
  UNIQUE KEY `upload_folders_path_id_index` (`path_id`),
  UNIQUE KEY `upload_folders_path_index` (`path`),
  KEY `upload_folders_documents_idx` (`document_id`,`locale`,`published_at`),
  KEY `upload_folders_created_by_id_fk` (`created_by_id`),
  KEY `upload_folders_updated_by_id_fk` (`updated_by_id`),
  CONSTRAINT `upload_folders_created_by_id_fk` FOREIGN KEY (`created_by_id`) REFERENCES `admin_users` (`id`) ON DELETE SET NULL,
  CONSTRAINT `upload_folders_updated_by_id_fk` FOREIGN KEY (`updated_by_id`) REFERENCES `admin_users` (`id`) ON DELETE SET NULL
) ENGINE=InnoDB AUTO_INCREMENT=2 DEFAULT CHARSET=utf8mb4 COLLATE=utf8mb4_0900_ai_ci;
/*!40101 SET character_set_client = @saved_cs_client */;

--
-- Dumping data for table `upload_folders`
--

LOCK TABLES `upload_folders` WRITE;
/*!40000 ALTER TABLE `upload_folders` DISABLE KEYS */;
INSERT INTO `upload_folders` VALUES (1,'wx4twvx4aj06flc6e43jq93j','API Uploads',1,'/1','2025-05-06 07:43:21.887000','2025-05-06 07:43:21.887000','2025-05-06 07:43:21.888000',NULL,NULL,NULL);
/*!40000 ALTER TABLE `upload_folders` ENABLE KEYS */;
UNLOCK TABLES;

--
-- Table structure for table `upload_folders_parent_lnk`
--

DROP TABLE IF EXISTS `upload_folders_parent_lnk`;
/*!40101 SET @saved_cs_client     = @@character_set_client */;
/*!50503 SET character_set_client = utf8mb4 */;
CREATE TABLE `upload_folders_parent_lnk` (
  `id` int unsigned NOT NULL AUTO_INCREMENT,
  `folder_id` int unsigned DEFAULT NULL,
  `inv_folder_id` int unsigned DEFAULT NULL,
  `folder_ord` double unsigned DEFAULT NULL,
  PRIMARY KEY (`id`),
  UNIQUE KEY `upload_folders_parent_lnk_uq` (`folder_id`,`inv_folder_id`),
  KEY `upload_folders_parent_lnk_fk` (`folder_id`),
  KEY `upload_folders_parent_lnk_ifk` (`inv_folder_id`),
  KEY `upload_folders_parent_lnk_oifk` (`folder_ord`),
  CONSTRAINT `upload_folders_parent_lnk_fk` FOREIGN KEY (`folder_id`) REFERENCES `upload_folders` (`id`) ON DELETE CASCADE,
  CONSTRAINT `upload_folders_parent_lnk_ifk` FOREIGN KEY (`inv_folder_id`) REFERENCES `upload_folders` (`id`) ON DELETE CASCADE
) ENGINE=InnoDB DEFAULT CHARSET=utf8mb4 COLLATE=utf8mb4_0900_ai_ci;
/*!40101 SET character_set_client = @saved_cs_client */;

--
-- Dumping data for table `upload_folders_parent_lnk`
--

LOCK TABLES `upload_folders_parent_lnk` WRITE;
/*!40000 ALTER TABLE `upload_folders_parent_lnk` DISABLE KEYS */;
/*!40000 ALTER TABLE `upload_folders_parent_lnk` ENABLE KEYS */;
UNLOCK TABLES;
/*!40103 SET TIME_ZONE=@OLD_TIME_ZONE */;

/*!40101 SET SQL_MODE=@OLD_SQL_MODE */;
/*!40014 SET FOREIGN_KEY_CHECKS=@OLD_FOREIGN_KEY_CHECKS */;
/*!40014 SET UNIQUE_CHECKS=@OLD_UNIQUE_CHECKS */;
/*!40101 SET CHARACTER_SET_CLIENT=@OLD_CHARACTER_SET_CLIENT */;
/*!40101 SET CHARACTER_SET_RESULTS=@OLD_CHARACTER_SET_RESULTS */;
/*!40101 SET COLLATION_CONNECTION=@OLD_COLLATION_CONNECTION */;
/*!40111 SET SQL_NOTES=@OLD_SQL_NOTES */;

-- Dump completed on 2025-05-12  7:05:23
